ISO-10303-21;
HEADER;
/* Generated by software containing ST-Developer
 * from STEP Tools, Inc. (www.steptools.com) 
 */
/* OPTION: using custom renumber hook */

FILE_DESCRIPTION(
/* description */ ('STEP AP242 Edition 2',
'CAx-IF Rec.Pracs.---Representation and Presentation of Product Manufa
cturing Information (PMI)---4.0---2014-10-13',
'CAx-IF Rec.Pracs.---3D Tessellated Geometry---0.4---2014-09-14','2;1',
'CAx-IF Rec.Pracs.---User Defined Attributes---1.5---2016-08-15'),
/* implementation_level */ '2;1');

FILE_NAME(
/* name */ 'Part Studio 1 - Stand',
/* time_stamp */ '2026-08-20T19:59:35Z',
/* author */ (''),
/* organization */ (''),
/* preprocessor_version */ 'ST-DEVELOPER v20',
/* originating_system */ 'ONSHAPE BY PTC INC, 1.219',
/* authorisation */ '  ');

FILE_SCHEMA (('AP242_MANAGED_MODEL_BASED_3D_ENGINEERING_MIM_LF { 1 0 10303 442 3 1 4 }'));
ENDSEC;

DATA;
#10=SHAPE_REPRESENTATION_RELATIONSHIP('','',#3493,#11);
#11=ADVANCED_BREP_SHAPE_REPRESENTATION('',(#3491),#6399);
#12=(
BOUNDED_SURFACE()
B_SPLINE_SURFACE(3,2,((#6081,#6082,#6083),(#6084,#6085,#6086),(#6087,#6088,
#6089),(#6090,#6091,#6092),(#6093,#6094,#6095)),.UNSPECIFIED.,.F.,.F.,.F.)
B_SPLINE_SURFACE_WITH_KNOTS((4,1,4),(3,3),(4.71238898038469,5.49778714378214,
6.28318530717959),(0.,1.),.UNSPECIFIED.)
GEOMETRIC_REPRESENTATION_ITEM()
RATIONAL_B_SPLINE_SURFACE(((1.,0.707106781186548,1.),(1.,0.787266146030321,
1.),(1.,0.919161478364394,1.),(1.,0.96592582628774,1.),(1.,0.965925826289069,
1.)))
REPRESENTATION_ITEM('')
SURFACE()
);
#13=(
BOUNDED_SURFACE()
B_SPLINE_SURFACE(3,2,((#6103,#6104,#6105),(#6106,#6107,#6108),(#6109,#6110,
#6111),(#6112,#6113,#6114),(#6115,#6116,#6117)),.UNSPECIFIED.,.F.,.F.,.F.)
B_SPLINE_SURFACE_WITH_KNOTS((4,1,4),(3,3),(3.14159265358979,3.92699081698724,
4.71238898038469),(0.,1.),.UNSPECIFIED.)
GEOMETRIC_REPRESENTATION_ITEM()
RATIONAL_B_SPLINE_SURFACE(((1.,0.965925826289069,1.),(1.,0.965925826288699,
1.),(1.,0.919161478369632,1.),(1.,0.787266146018879,1.),(1.,0.707106781186548,
1.)))
REPRESENTATION_ITEM('')
SURFACE()
);
#14=(
BOUNDED_SURFACE()
B_SPLINE_SURFACE(3,2,((#6119,#6120,#6121),(#6122,#6123,#6124),(#6125,#6126,
#6127),(#6128,#6129,#6130),(#6131,#6132,#6133)),.UNSPECIFIED.,.F.,.F.,.F.)
B_SPLINE_SURFACE_WITH_KNOTS((4,1,4),(3,3),(3.14159265358979,3.92699081698724,
4.71238898038469),(0.,1.),.UNSPECIFIED.)
GEOMETRIC_REPRESENTATION_ITEM()
RATIONAL_B_SPLINE_SURFACE(((1.,0.866025403784438,1.),(1.,0.86602540378765,
1.),(1.,0.835622667495725,1.),(1.,0.753386813253061,1.),(1.,0.707106781186544,
1.)))
REPRESENTATION_ITEM('')
SURFACE()
);
#15=(
BOUNDED_SURFACE()
B_SPLINE_SURFACE(3,2,((#6141,#6142,#6143),(#6144,#6145,#6146),(#6147,#6148,
#6149),(#6150,#6151,#6152),(#6153,#6154,#6155)),.UNSPECIFIED.,.F.,.F.,.F.)
B_SPLINE_SURFACE_WITH_KNOTS((4,1,4),(3,3),(4.71238898038469,5.49778714378214,
6.28318530717959),(0.,1.),.UNSPECIFIED.)
GEOMETRIC_REPRESENTATION_ITEM()
RATIONAL_B_SPLINE_SURFACE(((1.,0.707106781186555,1.),(1.,0.753386813244249,
1.),(1.,0.835622667502563,1.),(1.,0.866025403782782,1.),(1.,0.866025403784443,
1.)))
REPRESENTATION_ITEM('')
SURFACE()
);
#16=(
BOUNDED_SURFACE()
B_SPLINE_SURFACE(3,2,((#6161,#6162,#6163),(#6164,#6165,#6166),(#6167,#6168,
#6169),(#6170,#6171,#6172),(#6173,#6174,#6175)),.UNSPECIFIED.,.F.,.F.,.F.)
B_SPLINE_SURFACE_WITH_KNOTS((4,1,4),(3,3),(1.5707963267949,2.35619449019234,
3.14159265358979),(0.,1.),.UNSPECIFIED.)
GEOMETRIC_REPRESENTATION_ITEM()
RATIONAL_B_SPLINE_SURFACE(((1.,0.707106781186544,1.),(1.,0.753386813253091,
1.),(1.,0.835622667495524,1.),(1.,0.866025403788019,1.),(1.,0.866025403784438,
1.)))
REPRESENTATION_ITEM('')
SURFACE()
);
#17=(
BOUNDED_SURFACE()
B_SPLINE_SURFACE(3,2,((#6183,#6184,#6185),(#6186,#6187,#6188),(#6189,#6190,
#6191),(#6192,#6193,#6194),(#6195,#6196,#6197)),.UNSPECIFIED.,.F.,.F.,.F.)
B_SPLINE_SURFACE_WITH_KNOTS((4,1,4),(3,3),(0.,0.785398163397448,1.5707963267949),
(0.,1.),.UNSPECIFIED.)
GEOMETRIC_REPRESENTATION_ITEM()
RATIONAL_B_SPLINE_SURFACE(((1.,0.866025403784438,1.),(1.,0.866025403787539,
1.),(1.,0.83562266750017,1.),(1.,0.753386813244279,1.),(1.,0.707106781186555,
1.)))
REPRESENTATION_ITEM('')
SURFACE()
);
#18=(
BOUNDED_SURFACE()
B_SPLINE_SURFACE(3,2,((#6199,#6200,#6201),(#6202,#6203,#6204),(#6205,#6206,
#6207),(#6208,#6209,#6210),(#6211,#6212,#6213)),.UNSPECIFIED.,.F.,.F.,.F.)
B_SPLINE_SURFACE_WITH_KNOTS((4,1,4),(3,3),(4.71238898038469,5.49778714378214,
6.28318530717959),(0.,1.),.UNSPECIFIED.)
GEOMETRIC_REPRESENTATION_ITEM()
RATIONAL_B_SPLINE_SURFACE(((1.,0.707106781186542,1.),(1.,0.787266146030168,
1.),(1.,0.919161478364043,1.),(1.,0.965925826288589,1.),(1.,0.965925826289069,
1.)))
REPRESENTATION_ITEM('')
SURFACE()
);
#19=(
BOUNDED_SURFACE()
B_SPLINE_SURFACE(3,2,((#6221,#6222,#6223),(#6224,#6225,#6226),(#6227,#6228,
#6229),(#6230,#6231,#6232),(#6233,#6234,#6235)),.UNSPECIFIED.,.F.,.F.,.F.)
B_SPLINE_SURFACE_WITH_KNOTS((4,1,4),(3,3),(3.14159265358979,3.92699081698724,
4.71238898038469),(0.,1.),.UNSPECIFIED.)
GEOMETRIC_REPRESENTATION_ITEM()
RATIONAL_B_SPLINE_SURFACE(((1.,0.965925826289069,1.),(1.,0.965925826287777,
1.),(1.,0.919161478369028,1.),(1.,0.787266146021023,1.),(1.,0.707106781186551,
1.)))
REPRESENTATION_ITEM('')
SURFACE()
);
#20=(
BOUNDED_SURFACE()
B_SPLINE_SURFACE(3,2,((#6241,#6242,#6243),(#6244,#6245,#6246),(#6247,#6248,
#6249),(#6250,#6251,#6252),(#6253,#6254,#6255)),.UNSPECIFIED.,.F.,.F.,.F.)
B_SPLINE_SURFACE_WITH_KNOTS((4,1,4),(3,3),(1.5707963267949,2.35619449019234,
3.14159265358979),(0.,1.),.UNSPECIFIED.)
GEOMETRIC_REPRESENTATION_ITEM()
RATIONAL_B_SPLINE_SURFACE(((1.,0.707106781186551,1.),(1.,0.787266146021556,
1.),(1.,0.91916147836878,1.),(1.,0.96592582628774,1.),(1.,0.965925826289069,
1.)))
REPRESENTATION_ITEM('')
SURFACE()
);
#21=(
BOUNDED_SURFACE()
B_SPLINE_SURFACE(3,2,((#6263,#6264,#6265),(#6266,#6267,#6268),(#6269,#6270,
#6271),(#6272,#6273,#6274),(#6275,#6276,#6277)),.UNSPECIFIED.,.F.,.F.,.F.)
B_SPLINE_SURFACE_WITH_KNOTS((4,1,4),(3,3),(0.,0.785398163397448,1.5707963267949),
(0.,1.),.UNSPECIFIED.)
GEOMETRIC_REPRESENTATION_ITEM()
RATIONAL_B_SPLINE_SURFACE(((1.,0.965925826289069,1.),(1.,0.965925826288699,
1.),(1.,0.919161478364568,1.),(1.,0.787266146029006,1.),(1.,0.707106781186545,
1.)))
REPRESENTATION_ITEM('')
SURFACE()
);
#22=(
BOUNDED_SURFACE()
B_SPLINE_SURFACE(3,2,((#6279,#6280,#6281),(#6282,#6283,#6284),(#6285,#6286,
#6287),(#6288,#6289,#6290),(#6291,#6292,#6293)),.UNSPECIFIED.,.F.,.F.,.F.)
B_SPLINE_SURFACE_WITH_KNOTS((4,1,4),(3,3),(0.,0.785398163397448,1.5707963267949),
(0.,1.),.UNSPECIFIED.)
GEOMETRIC_REPRESENTATION_ITEM()
RATIONAL_B_SPLINE_SURFACE(((1.,0.866025403784438,1.),(1.,0.86602540378765,
1.),(1.,0.835622667500115,1.),(1.,0.753386813244279,1.),(1.,0.707106781186555,
1.)))
REPRESENTATION_ITEM('')
SURFACE()
);
#23=(
BOUNDED_SURFACE()
B_SPLINE_SURFACE(3,2,((#6301,#6302,#6303),(#6304,#6305,#6306),(#6307,#6308,
#6309),(#6310,#6311,#6312),(#6313,#6314,#6315)),.UNSPECIFIED.,.F.,.F.,.F.)
B_SPLINE_SURFACE_WITH_KNOTS((4,1,4),(3,3),(1.5707963267949,2.35619449019234,
3.14159265358979),(0.,1.),.UNSPECIFIED.)
GEOMETRIC_REPRESENTATION_ITEM()
RATIONAL_B_SPLINE_SURFACE(((1.,0.707106781186551,1.),(1.,0.753386813244275,
1.),(1.,0.83562266750255,1.),(1.,0.866025403782782,1.),(1.,0.866025403784443,
1.)))
REPRESENTATION_ITEM('')
SURFACE()
);
#24=(
BOUNDED_SURFACE()
B_SPLINE_SURFACE(3,2,((#6321,#6322,#6323),(#6324,#6325,#6326),(#6327,#6328,
#6329),(#6330,#6331,#6332),(#6333,#6334,#6335)),.UNSPECIFIED.,.F.,.F.,.F.)
B_SPLINE_SURFACE_WITH_KNOTS((4,1,4),(3,3),(0.,0.785398163397448,1.5707963267949),
(0.,1.),.UNSPECIFIED.)
GEOMETRIC_REPRESENTATION_ITEM()
RATIONAL_B_SPLINE_SURFACE(((1.,0.965925826289069,1.),(1.,0.965925826287777,
1.),(1.,0.919161478363927,1.),(1.,0.787266146031224,1.),(1.,0.707106781186548,
1.)))
REPRESENTATION_ITEM('')
SURFACE()
);
#25=(
BOUNDED_SURFACE()
B_SPLINE_SURFACE(3,2,((#6343,#6344,#6345),(#6346,#6347,#6348),(#6349,#6350,
#6351),(#6352,#6353,#6354),(#6355,#6356,#6357)),.UNSPECIFIED.,.F.,.F.,.F.)
B_SPLINE_SURFACE_WITH_KNOTS((4,1,4),(3,3),(1.5707963267949,2.35619449019234,
3.14159265358979),(0.,1.),.UNSPECIFIED.)
GEOMETRIC_REPRESENTATION_ITEM()
RATIONAL_B_SPLINE_SURFACE(((1.,0.707106781186546,1.),(1.,0.787266146021329,
1.),(1.,0.919161478368463,1.),(1.,0.965925826288589,1.),(1.,0.965925826289069,
1.)))
REPRESENTATION_ITEM('')
SURFACE()
);
#26=(
BOUNDED_SURFACE()
B_SPLINE_SURFACE(3,2,((#6359,#6360,#6361),(#6362,#6363,#6364),(#6365,#6366,
#6367),(#6368,#6369,#6370),(#6371,#6372,#6373)),.UNSPECIFIED.,.F.,.F.,.F.)
B_SPLINE_SURFACE_WITH_KNOTS((4,1,4),(3,3),(3.14159265358979,3.92699081698724,
4.71238898038469),(0.,1.),.UNSPECIFIED.)
GEOMETRIC_REPRESENTATION_ITEM()
RATIONAL_B_SPLINE_SURFACE(((1.,0.866025403784438,1.),(1.,0.866025403787539,
1.),(1.,0.835622667500187,1.),(1.,0.753386813244245,1.),(1.,0.707106781186551,
1.)))
REPRESENTATION_ITEM('')
SURFACE()
);
#27=(
BOUNDED_SURFACE()
B_SPLINE_SURFACE(3,2,((#6381,#6382,#6383),(#6384,#6385,#6386),(#6387,#6388,
#6389),(#6390,#6391,#6392),(#6393,#6394,#6395)),.UNSPECIFIED.,.F.,.F.,.F.)
B_SPLINE_SURFACE_WITH_KNOTS((4,1,4),(3,3),(4.71238898038469,5.49778714378214,
6.28318530717959),(0.,1.),.UNSPECIFIED.)
GEOMETRIC_REPRESENTATION_ITEM()
RATIONAL_B_SPLINE_SURFACE(((1.,0.707106781186548,1.),(1.,0.753386813253064,
1.),(1.,0.835622667495537,1.),(1.,0.866025403788019,1.),(1.,0.866025403784438,
1.)))
REPRESENTATION_ITEM('')
SURFACE()
);
#28=SPHERICAL_SURFACE('',#3673,0.00127);
#29=SPHERICAL_SURFACE('',#3690,0.00127);
#30=SPHERICAL_SURFACE('',#3694,0.00127);
#31=SPHERICAL_SURFACE('',#3701,0.00127);
#32=SPHERICAL_SURFACE('',#3706,0.00127);
#33=SPHERICAL_SURFACE('',#3718,0.00127);
#34=SPHERICAL_SURFACE('',#3727,0.00127);
#35=SPHERICAL_SURFACE('',#3734,0.00127);
#36=SPHERICAL_SURFACE('',#3736,0.00127);
#37=SPHERICAL_SURFACE('',#3743,0.00127);
#38=SPHERICAL_SURFACE('',#3748,0.00127);
#39=SPHERICAL_SURFACE('',#3761,0.00127);
#40=SPHERICAL_SURFACE('',#3765,0.00127);
#41=SPHERICAL_SURFACE('',#3772,0.00127);
#42=SPHERICAL_SURFACE('',#3778,0.00127);
#43=SPHERICAL_SURFACE('',#3791,0.00127);
#44=SPHERICAL_SURFACE('',#3798,0.00127);
#45=SPHERICAL_SURFACE('',#3809,0.00127);
#46=SPHERICAL_SURFACE('',#3811,0.00127);
#47=SPHERICAL_SURFACE('',#3817,0.00127);
#48=TOROIDAL_SURFACE('',#3671,0.00254,0.00127);
#49=TOROIDAL_SURFACE('',#3676,0.15382875,0.00127);
#50=TOROIDAL_SURFACE('',#3681,0.144938750000002,0.00127);
#51=TOROIDAL_SURFACE('',#3683,0.00254,0.00127);
#52=TOROIDAL_SURFACE('',#3685,0.144938750000002,0.00127);
#53=TOROIDAL_SURFACE('',#3708,0.144938750000003,0.00127);
#54=TOROIDAL_SURFACE('',#3723,0.144938750000003,0.00127);
#55=TOROIDAL_SURFACE('',#3747,0.144938750000002,0.00127);
#56=TOROIDAL_SURFACE('',#3759,0.144938750000002,0.00127);
#57=TOROIDAL_SURFACE('',#3780,0.144938750000003,0.00127);
#58=TOROIDAL_SURFACE('',#3781,0.00254,0.00127);
#59=TOROIDAL_SURFACE('',#3783,0.144938750000003,0.00127);
#60=TOROIDAL_SURFACE('',#3789,0.15382875,0.00127);
#61=TOROIDAL_SURFACE('',#3793,0.00254,0.00127);
#62=TOROIDAL_SURFACE('',#3850,0.00762,0.00635);
#63=TOROIDAL_SURFACE('',#3854,0.00762,0.00635);
#64=TOROIDAL_SURFACE('',#3861,0.00762,0.00635);
#65=TOROIDAL_SURFACE('',#3865,0.00762,0.00635);
#66=TOROIDAL_SURFACE('',#3876,0.00508,0.00127);
#67=TOROIDAL_SURFACE('',#3888,0.00508,0.00127);
#68=TOROIDAL_SURFACE('',#3896,0.00508,0.00127);
#69=TOROIDAL_SURFACE('',#3908,0.00508,0.00127);
#70=TOROIDAL_SURFACE('',#3916,0.00508,0.00127);
#71=TOROIDAL_SURFACE('',#3928,0.00508,0.00127);
#72=TOROIDAL_SURFACE('',#3936,0.00508,0.00127);
#73=TOROIDAL_SURFACE('',#3948,0.00508,0.00127);
#74=ELLIPSE('',#3521,0.00508,0.00254);
#75=ELLIPSE('',#3522,0.00508,0.00254);
#76=ELLIPSE('',#3523,0.00508,0.00254);
#77=ELLIPSE('',#3524,0.00508,0.00254);
#78=ELLIPSE('',#3531,0.00508,0.00254);
#79=ELLIPSE('',#3532,0.00508,0.00254);
#80=ELLIPSE('',#3538,0.00508,0.00254);
#81=ELLIPSE('',#3539,0.00508,0.00254);
#82=ELLIPSE('',#3541,0.0029329393674833,0.00254);
#83=ELLIPSE('',#3542,0.0029329393674833,0.00254);
#84=ELLIPSE('',#3545,0.0029329393674833,0.00254);
#85=ELLIPSE('',#3546,0.0029329393674833,0.00254);
#86=ELLIPSE('',#3547,0.0029329393674833,0.00254);
#87=ELLIPSE('',#3548,0.0029329393674833,0.00254);
#88=ELLIPSE('',#3551,0.0029329393674833,0.00254);
#89=ELLIPSE('',#3552,0.0029329393674833,0.00254);
#90=ELLIPSE('',#3705,0.00179605122421383,0.00127);
#91=ELLIPSE('',#3712,0.00179605122421383,0.00127);
#92=ELLIPSE('',#3746,0.00179605122421383,0.00127);
#93=ELLIPSE('',#3756,0.00179605122421383,0.00127);
#94=ELLIPSE('',#3821,0.00193995704419797,0.00127);
#95=ELLIPSE('',#3822,0.00457905011983927,0.00127);
#96=ELLIPSE('',#3824,0.00193995704419798,0.00127);
#97=ELLIPSE('',#3825,0.00457905011983927,0.00127);
#98=ELLIPSE('',#3827,0.00193995704419797,0.00127);
#99=ELLIPSE('',#3828,0.00457905011983927,0.00127);
#100=ELLIPSE('',#3830,0.00193995704419798,0.00127);
#101=ELLIPSE('',#3831,0.00457905011983927,0.00127);
#102=ELLIPSE('',#3833,0.00457905011983927,0.00127);
#103=ELLIPSE('',#3834,0.00193995704419798,0.00127);
#104=ELLIPSE('',#3836,0.00457905011983927,0.00127);
#105=ELLIPSE('',#3837,0.00193995704419798,0.00127);
#106=ELLIPSE('',#3839,0.00193995704419798,0.00127);
#107=ELLIPSE('',#3840,0.00457905011983927,0.00127);
#108=ELLIPSE('',#3842,0.00193995704419798,0.00127);
#109=ELLIPSE('',#3843,0.00457905011983927,0.00127);
#110=PLANE('',#3514);
#111=PLANE('',#3517);
#112=PLANE('',#3520);
#113=PLANE('',#3530);
#114=PLANE('',#3540);
#115=PLANE('',#3553);
#116=PLANE('',#3554);
#117=PLANE('',#3555);
#118=PLANE('',#3556);
#119=PLANE('',#3557);
#120=PLANE('',#3558);
#121=PLANE('',#3559);
#122=PLANE('',#3560);
#123=PLANE('',#3561);
#124=PLANE('',#3566);
#125=PLANE('',#3567);
#126=PLANE('',#3569);
#127=PLANE('',#3571);
#128=PLANE('',#3572);
#129=PLANE('',#3574);
#130=PLANE('',#3576);
#131=PLANE('',#3577);
#132=PLANE('',#3579);
#133=PLANE('',#3581);
#134=PLANE('',#3582);
#135=PLANE('',#3584);
#136=PLANE('',#3586);
#137=PLANE('',#3591);
#138=PLANE('',#3597);
#139=PLANE('',#3599);
#140=PLANE('',#3602);
#141=PLANE('',#3607);
#142=PLANE('',#3613);
#143=PLANE('',#3615);
#144=PLANE('',#3618);
#145=PLANE('',#3619);
#146=PLANE('',#3621);
#147=PLANE('',#3624);
#148=PLANE('',#3625);
#149=PLANE('',#3628);
#150=PLANE('',#3630);
#151=PLANE('',#3633);
#152=PLANE('',#3634);
#153=PLANE('',#3635);
#154=PLANE('',#3637);
#155=PLANE('',#3638);
#156=PLANE('',#3641);
#157=PLANE('',#3642);
#158=PLANE('',#3644);
#159=PLANE('',#3645);
#160=PLANE('',#3650);
#161=PLANE('',#3651);
#162=PLANE('',#3652);
#163=PLANE('',#3653);
#164=PLANE('',#3654);
#165=PLANE('',#3655);
#166=PLANE('',#3656);
#167=PLANE('',#3661);
#168=PLANE('',#3662);
#169=PLANE('',#3663);
#170=PLANE('',#3664);
#171=PLANE('',#3665);
#172=B_SPLINE_CURVE_WITH_KNOTS('',3,(#5129,#5130,#5131,#5132),
 .UNSPECIFIED.,.F.,.F.,(4,4),(0.,0.00115210214710637),.UNSPECIFIED.);
#173=B_SPLINE_CURVE_WITH_KNOTS('',3,(#5136,#5137,#5138,#5139),
 .UNSPECIFIED.,.F.,.F.,(4,4),(0.,0.00114950639531337),.UNSPECIFIED.);
#174=B_SPLINE_CURVE_WITH_KNOTS('',3,(#5151,#5152,#5153,#5154),
 .UNSPECIFIED.,.F.,.F.,(4,4),(0.,0.00115210214710636),.UNSPECIFIED.);
#175=B_SPLINE_CURVE_WITH_KNOTS('',3,(#5158,#5159,#5160,#5161),
 .UNSPECIFIED.,.F.,.F.,(4,4),(0.,0.00114950639531338),.UNSPECIFIED.);
#176=B_SPLINE_CURVE_WITH_KNOTS('',3,(#5867,#5868,#5869,#5870,#5871),
 .UNSPECIFIED.,.F.,.F.,(4,1,4),(0.,0.00120318357388357,0.00240636714776714),
 .UNSPECIFIED.);
#177=B_SPLINE_CURVE_WITH_KNOTS('',3,(#5902,#5903,#5904,#5905,#5906),
 .UNSPECIFIED.,.F.,.F.,(4,1,4),(0.,0.00120318357388358,0.00240636714776715),
 .UNSPECIFIED.);
#178=B_SPLINE_CURVE_WITH_KNOTS('',3,(#5944,#5945,#5946,#5947,#5948),
 .UNSPECIFIED.,.F.,.F.,(4,1,4),(0.,0.00120318357388357,0.00240636714776713),
 .UNSPECIFIED.);
#179=B_SPLINE_CURVE_WITH_KNOTS('',3,(#5982,#5983,#5984,#5985,#5986),
 .UNSPECIFIED.,.F.,.F.,(4,1,4),(0.,0.00120318357388358,0.00240636714776715),
 .UNSPECIFIED.);
#180=LINE('',#5121,#428);
#181=LINE('',#5125,#429);
#182=LINE('',#5134,#430);
#183=LINE('',#5143,#431);
#184=LINE('',#5147,#432);
#185=LINE('',#5156,#433);
#186=LINE('',#5165,#434);
#187=LINE('',#5169,#435);
#188=LINE('',#5173,#436);
#189=LINE('',#5177,#437);
#190=LINE('',#5181,#438);
#191=LINE('',#5185,#439);
#192=LINE('',#5186,#440);
#193=LINE('',#5191,#441);
#194=LINE('',#5195,#442);
#195=LINE('',#5199,#443);
#196=LINE('',#5203,#444);
#197=LINE('',#5207,#445);
#198=LINE('',#5211,#446);
#199=LINE('',#5213,#447);
#200=LINE('',#5217,#448);
#201=LINE('',#5219,#449);
#202=LINE('',#5220,#450);
#203=LINE('',#5224,#451);
#204=LINE('',#5226,#452);
#205=LINE('',#5228,#453);
#206=LINE('',#5232,#454);
#207=LINE('',#5233,#455);
#208=LINE('',#5237,#456);
#209=LINE('',#5240,#457);
#210=LINE('',#5244,#458);
#211=LINE('',#5248,#459);
#212=LINE('',#5250,#460);
#213=LINE('',#5252,#461);
#214=LINE('',#5256,#462);
#215=LINE('',#5260,#463);
#216=LINE('',#5262,#464);
#217=LINE('',#5264,#465);
#218=LINE('',#5266,#466);
#219=LINE('',#5270,#467);
#220=LINE('',#5278,#468);
#221=LINE('',#5282,#469);
#222=LINE('',#5284,#470);
#223=LINE('',#5286,#471);
#224=LINE('',#5289,#472);
#225=LINE('',#5293,#473);
#226=LINE('',#5297,#474);
#227=LINE('',#5299,#475);
#228=LINE('',#5301,#476);
#229=LINE('',#5303,#477);
#230=LINE('',#5307,#478);
#231=LINE('',#5315,#479);
#232=LINE('',#5319,#480);
#233=LINE('',#5321,#481);
#234=LINE('',#5323,#482);
#235=LINE('',#5325,#483);
#236=LINE('',#5329,#484);
#237=LINE('',#5333,#485);
#238=LINE('',#5335,#486);
#239=LINE('',#5338,#487);
#240=LINE('',#5340,#488);
#241=LINE('',#5342,#489);
#242=LINE('',#5343,#490);
#243=LINE('',#5346,#491);
#244=LINE('',#5350,#492);
#245=LINE('',#5354,#493);
#246=LINE('',#5356,#494);
#247=LINE('',#5360,#495);
#248=LINE('',#5364,#496);
#249=LINE('',#5366,#497);
#250=LINE('',#5370,#498);
#251=LINE('',#5374,#499);
#252=LINE('',#5376,#500);
#253=LINE('',#5378,#501);
#254=LINE('',#5382,#502);
#255=LINE('',#5386,#503);
#256=LINE('',#5388,#504);
#257=LINE('',#5392,#505);
#258=LINE('',#5396,#506);
#259=LINE('',#5398,#507);
#260=LINE('',#5402,#508);
#261=LINE('',#5406,#509);
#262=LINE('',#5408,#510);
#263=LINE('',#5411,#511);
#264=LINE('',#5413,#512);
#265=LINE('',#5415,#513);
#266=LINE('',#5417,#514);
#267=LINE('',#5419,#515);
#268=LINE('',#5421,#516);
#269=LINE('',#5423,#517);
#270=LINE('',#5425,#518);
#271=LINE('',#5428,#519);
#272=LINE('',#5430,#520);
#273=LINE('',#5432,#521);
#274=LINE('',#5434,#522);
#275=LINE('',#5436,#523);
#276=LINE('',#5438,#524);
#277=LINE('',#5440,#525);
#278=LINE('',#5442,#526);
#279=LINE('',#5445,#527);
#280=LINE('',#5447,#528);
#281=LINE('',#5449,#529);
#282=LINE('',#5451,#530);
#283=LINE('',#5454,#531);
#284=LINE('',#5456,#532);
#285=LINE('',#5458,#533);
#286=LINE('',#5460,#534);
#287=LINE('',#5463,#535);
#288=LINE('',#5465,#536);
#289=LINE('',#5467,#537);
#290=LINE('',#5469,#538);
#291=LINE('',#5472,#539);
#292=LINE('',#5474,#540);
#293=LINE('',#5476,#541);
#294=LINE('',#5478,#542);
#295=LINE('',#5481,#543);
#296=LINE('',#5483,#544);
#297=LINE('',#5485,#545);
#298=LINE('',#5487,#546);
#299=LINE('',#5490,#547);
#300=LINE('',#5492,#548);
#301=LINE('',#5494,#549);
#302=LINE('',#5501,#550);
#303=LINE('',#5504,#551);
#304=LINE('',#5506,#552);
#305=LINE('',#5508,#553);
#306=LINE('',#5510,#554);
#307=LINE('',#5513,#555);
#308=LINE('',#5517,#556);
#309=LINE('',#5522,#557);
#310=LINE('',#5524,#558);
#311=LINE('',#5526,#559);
#312=LINE('',#5528,#560);
#313=LINE('',#5531,#561);
#314=LINE('',#5533,#562);
#315=LINE('',#5535,#563);
#316=LINE('',#5537,#564);
#317=LINE('',#5540,#565);
#318=LINE('',#5544,#566);
#319=LINE('',#5549,#567);
#320=LINE('',#5551,#568);
#321=LINE('',#5553,#569);
#322=LINE('',#5555,#570);
#323=LINE('',#5558,#571);
#324=LINE('',#5560,#572);
#325=LINE('',#5562,#573);
#326=LINE('',#5567,#574);
#327=LINE('',#5569,#575);
#328=LINE('',#5571,#576);
#329=LINE('',#5573,#577);
#330=LINE('',#5576,#578);
#331=LINE('',#5580,#579);
#332=LINE('',#5582,#580);
#333=LINE('',#5585,#581);
#334=LINE('',#5587,#582);
#335=LINE('',#5589,#583);
#336=LINE('',#5591,#584);
#337=LINE('',#5594,#585);
#338=LINE('',#5598,#586);
#339=LINE('',#5603,#587);
#340=LINE('',#5605,#588);
#341=LINE('',#5607,#589);
#342=LINE('',#5609,#590);
#343=LINE('',#5612,#591);
#344=LINE('',#5614,#592);
#345=LINE('',#5618,#593);
#346=LINE('',#5623,#594);
#347=LINE('',#5627,#595);
#348=LINE('',#5629,#596);
#349=LINE('',#5637,#597);
#350=LINE('',#5641,#598);
#351=LINE('',#5643,#599);
#352=LINE('',#5646,#600);
#353=LINE('',#5648,#601);
#354=LINE('',#5652,#602);
#355=LINE('',#5654,#603);
#356=LINE('',#5659,#604);
#357=LINE('',#5662,#605);
#358=LINE('',#5664,#606);
#359=LINE('',#5666,#607);
#360=LINE('',#5673,#608);
#361=LINE('',#5677,#609);
#362=LINE('',#5681,#610);
#363=LINE('',#5687,#611);
#364=LINE('',#5691,#612);
#365=LINE('',#5693,#613);
#366=LINE('',#5696,#614);
#367=LINE('',#5698,#615);
#368=LINE('',#5700,#616);
#369=LINE('',#5706,#617);
#370=LINE('',#5709,#618);
#371=LINE('',#5711,#619);
#372=LINE('',#5714,#620);
#373=LINE('',#5717,#621);
#374=LINE('',#5718,#622);
#375=LINE('',#5722,#623);
#376=LINE('',#5723,#624);
#377=LINE('',#5725,#625);
#378=LINE('',#5729,#626);
#379=LINE('',#5731,#627);
#380=LINE('',#5736,#628);
#381=LINE('',#5739,#629);
#382=LINE('',#5740,#630);
#383=LINE('',#5742,#631);
#384=LINE('',#5745,#632);
#385=LINE('',#5747,#633);
#386=LINE('',#5751,#634);
#387=LINE('',#5753,#635);
#388=LINE('',#5756,#636);
#389=LINE('',#5758,#637);
#390=LINE('',#5762,#638);
#391=LINE('',#5764,#639);
#392=LINE('',#5766,#640);
#393=LINE('',#5768,#641);
#394=LINE('',#5770,#642);
#395=LINE('',#5772,#643);
#396=LINE('',#5777,#644);
#397=LINE('',#5779,#645);
#398=LINE('',#5783,#646);
#399=LINE('',#5785,#647);
#400=LINE('',#5787,#648);
#401=LINE('',#5789,#649);
#402=LINE('',#5791,#650);
#403=LINE('',#5793,#651);
#404=LINE('',#5796,#652);
#405=LINE('',#5797,#653);
#406=LINE('',#5799,#654);
#407=LINE('',#5805,#655);
#408=LINE('',#5807,#656);
#409=LINE('',#5809,#657);
#410=LINE('',#5811,#658);
#411=LINE('',#5813,#659);
#412=LINE('',#5814,#660);
#413=LINE('',#5816,#661);
#414=LINE('',#5820,#662);
#415=LINE('',#5822,#663);
#416=LINE('',#5824,#664);
#417=LINE('',#5826,#665);
#418=LINE('',#5829,#666);
#419=LINE('',#5830,#667);
#420=LINE('',#5832,#668);
#421=LINE('',#5838,#669);
#422=LINE('',#5840,#670);
#423=LINE('',#5842,#671);
#424=LINE('',#5844,#672);
#425=LINE('',#5846,#673);
#426=LINE('',#5847,#674);
#427=LINE('',#5849,#675);
#428=VECTOR('',#3958,1.);
#429=VECTOR('',#3961,1.);
#430=VECTOR('',#3964,1.);
#431=VECTOR('',#3967,1.);
#432=VECTOR('',#3970,1.);
#433=VECTOR('',#3973,1.);
#434=VECTOR('',#3976,1.);
#435=VECTOR('',#3979,1.);
#436=VECTOR('',#3982,1.);
#437=VECTOR('',#3985,1.);
#438=VECTOR('',#3988,1.);
#439=VECTOR('',#3991,1.);
#440=VECTOR('',#3992,1.);
#441=VECTOR('',#3995,1.);
#442=VECTOR('',#3998,1.);
#443=VECTOR('',#4001,1.);
#444=VECTOR('',#4004,1.);
#445=VECTOR('',#4007,1.);
#446=VECTOR('',#4012,1.);
#447=VECTOR('',#4013,1.);
#448=VECTOR('',#4016,1.);
#449=VECTOR('',#4017,1.);
#450=VECTOR('',#4018,1.);
#451=VECTOR('',#4021,1.);
#452=VECTOR('',#4024,1.);
#453=VECTOR('',#4025,1.);
#454=VECTOR('',#4028,1.);
#455=VECTOR('',#4029,1.);
#456=VECTOR('',#4034,1.);
#457=VECTOR('',#4035,1.);
#458=VECTOR('',#4038,1.);
#459=VECTOR('',#4041,1.);
#460=VECTOR('',#4042,1.);
#461=VECTOR('',#4043,1.);
#462=VECTOR('',#4046,1.);
#463=VECTOR('',#4049,1.);
#464=VECTOR('',#4050,1.);
#465=VECTOR('',#4051,1.);
#466=VECTOR('',#4052,1.);
#467=VECTOR('',#4055,1.);
#468=VECTOR('',#4062,1.);
#469=VECTOR('',#4065,1.);
#470=VECTOR('',#4066,1.);
#471=VECTOR('',#4069,1.);
#472=VECTOR('',#4070,1.);
#473=VECTOR('',#4073,1.);
#474=VECTOR('',#4076,1.);
#475=VECTOR('',#4077,1.);
#476=VECTOR('',#4078,1.);
#477=VECTOR('',#4079,1.);
#478=VECTOR('',#4082,1.);
#479=VECTOR('',#4089,1.);
#480=VECTOR('',#4092,1.);
#481=VECTOR('',#4093,1.);
#482=VECTOR('',#4094,1.);
#483=VECTOR('',#4095,1.);
#484=VECTOR('',#4098,1.);
#485=VECTOR('',#4101,1.);
#486=VECTOR('',#4104,1.);
#487=VECTOR('',#4105,1.);
#488=VECTOR('',#4106,1.);
#489=VECTOR('',#4107,1.);
#490=VECTOR('',#4108,1.);
#491=VECTOR('',#4109,1.);
#492=VECTOR('',#4112,1.);
#493=VECTOR('',#4115,1.);
#494=VECTOR('',#4116,1.);
#495=VECTOR('',#4119,1.);
#496=VECTOR('',#4122,1.);
#497=VECTOR('',#4123,1.);
#498=VECTOR('',#4126,1.);
#499=VECTOR('',#4129,1.);
#500=VECTOR('',#4130,1.);
#501=VECTOR('',#4131,1.);
#502=VECTOR('',#4134,1.);
#503=VECTOR('',#4137,1.);
#504=VECTOR('',#4138,1.);
#505=VECTOR('',#4141,1.);
#506=VECTOR('',#4144,1.);
#507=VECTOR('',#4145,1.);
#508=VECTOR('',#4148,1.);
#509=VECTOR('',#4151,1.);
#510=VECTOR('',#4154,1.);
#511=VECTOR('',#4155,1.);
#512=VECTOR('',#4156,1.);
#513=VECTOR('',#4157,1.);
#514=VECTOR('',#4158,1.);
#515=VECTOR('',#4159,1.);
#516=VECTOR('',#4160,1.);
#517=VECTOR('',#4161,1.);
#518=VECTOR('',#4164,1.);
#519=VECTOR('',#4165,1.);
#520=VECTOR('',#4166,1.);
#521=VECTOR('',#4167,1.);
#522=VECTOR('',#4168,1.);
#523=VECTOR('',#4169,1.);
#524=VECTOR('',#4170,1.);
#525=VECTOR('',#4171,1.);
#526=VECTOR('',#4174,1.);
#527=VECTOR('',#4175,1.);
#528=VECTOR('',#4176,1.);
#529=VECTOR('',#4177,1.);
#530=VECTOR('',#4180,1.);
#531=VECTOR('',#4181,1.);
#532=VECTOR('',#4182,1.);
#533=VECTOR('',#4183,1.);
#534=VECTOR('',#4186,1.);
#535=VECTOR('',#4187,1.);
#536=VECTOR('',#4188,1.);
#537=VECTOR('',#4189,1.);
#538=VECTOR('',#4192,1.);
#539=VECTOR('',#4193,1.);
#540=VECTOR('',#4194,1.);
#541=VECTOR('',#4195,1.);
#542=VECTOR('',#4198,1.);
#543=VECTOR('',#4199,1.);
#544=VECTOR('',#4200,1.);
#545=VECTOR('',#4201,1.);
#546=VECTOR('',#4204,1.);
#547=VECTOR('',#4205,1.);
#548=VECTOR('',#4206,1.);
#549=VECTOR('',#4207,1.);
#550=VECTOR('',#4220,1.);
#551=VECTOR('',#4221,1.);
#552=VECTOR('',#4222,1.);
#553=VECTOR('',#4223,1.);
#554=VECTOR('',#4226,1.);
#555=VECTOR('',#4227,1.);
#556=VECTOR('',#4230,1.);
#557=VECTOR('',#4235,1.);
#558=VECTOR('',#4236,1.);
#559=VECTOR('',#4237,1.);
#560=VECTOR('',#4240,1.);
#561=VECTOR('',#4241,1.);
#562=VECTOR('',#4242,1.);
#563=VECTOR('',#4243,1.);
#564=VECTOR('',#4246,1.);
#565=VECTOR('',#4247,1.);
#566=VECTOR('',#4250,1.);
#567=VECTOR('',#4255,1.);
#568=VECTOR('',#4256,1.);
#569=VECTOR('',#4257,1.);
#570=VECTOR('',#4260,1.);
#571=VECTOR('',#4261,1.);
#572=VECTOR('',#4262,1.);
#573=VECTOR('',#4263,1.);
#574=VECTOR('',#4268,1.);
#575=VECTOR('',#4269,1.);
#576=VECTOR('',#4270,1.);
#577=VECTOR('',#4273,1.);
#578=VECTOR('',#4274,1.);
#579=VECTOR('',#4277,1.);
#580=VECTOR('',#4280,1.);
#581=VECTOR('',#4281,1.);
#582=VECTOR('',#4282,1.);
#583=VECTOR('',#4283,1.);
#584=VECTOR('',#4286,1.);
#585=VECTOR('',#4287,1.);
#586=VECTOR('',#4290,1.);
#587=VECTOR('',#4295,1.);
#588=VECTOR('',#4296,1.);
#589=VECTOR('',#4297,1.);
#590=VECTOR('',#4300,1.);
#591=VECTOR('',#4301,1.);
#592=VECTOR('',#4302,1.);
#593=VECTOR('',#4305,1.);
#594=VECTOR('',#4310,1.);
#595=VECTOR('',#4313,1.);
#596=VECTOR('',#4316,1.);
#597=VECTOR('',#4325,1.);
#598=VECTOR('',#4328,1.);
#599=VECTOR('',#4331,1.);
#600=VECTOR('',#4332,1.);
#601=VECTOR('',#4333,1.);
#602=VECTOR('',#4336,1.);
#603=VECTOR('',#4339,1.);
#604=VECTOR('',#4346,1.);
#605=VECTOR('',#4347,1.);
#606=VECTOR('',#4348,1.);
#607=VECTOR('',#4349,1.);
#608=VECTOR('',#4356,1.);
#609=VECTOR('',#4359,1.);
#610=VECTOR('',#4364,1.);
#611=VECTOR('',#4371,1.);
#612=VECTOR('',#4374,1.);
#613=VECTOR('',#4377,1.);
#614=VECTOR('',#4378,1.);
#615=VECTOR('',#4379,1.);
#616=VECTOR('',#4380,1.);
#617=VECTOR('',#4387,1.);
#618=VECTOR('',#4392,1.);
#619=VECTOR('',#4395,1.);
#620=VECTOR('',#4400,1.);
#621=VECTOR('',#4401,1.);
#622=VECTOR('',#4402,1.);
#623=VECTOR('',#4405,1.);
#624=VECTOR('',#4406,1.);
#625=VECTOR('',#4407,1.);
#626=VECTOR('',#4412,1.);
#627=VECTOR('',#4413,1.);
#628=VECTOR('',#4418,1.);
#629=VECTOR('',#4421,1.);
#630=VECTOR('',#4422,1.);
#631=VECTOR('',#4425,1.);
#632=VECTOR('',#4430,1.);
#633=VECTOR('',#4431,1.);
#634=VECTOR('',#4436,1.);
#635=VECTOR('',#4439,1.);
#636=VECTOR('',#4444,1.);
#637=VECTOR('',#4445,1.);
#638=VECTOR('',#4448,1.);
#639=VECTOR('',#4449,1.);
#640=VECTOR('',#4452,1.);
#641=VECTOR('',#4453,1.);
#642=VECTOR('',#4456,1.);
#643=VECTOR('',#4457,1.);
#644=VECTOR('',#4466,1.);
#645=VECTOR('',#4467,1.);
#646=VECTOR('',#4470,1.);
#647=VECTOR('',#4471,1.);
#648=VECTOR('',#4474,1.);
#649=VECTOR('',#4475,1.);
#650=VECTOR('',#4476,1.);
#651=VECTOR('',#4479,1.);
#652=VECTOR('',#4480,1.);
#653=VECTOR('',#4481,1.);
#654=VECTOR('',#4484,1.);
#655=VECTOR('',#4491,1.);
#656=VECTOR('',#4494,1.);
#657=VECTOR('',#4495,1.);
#658=VECTOR('',#4498,1.);
#659=VECTOR('',#4499,1.);
#660=VECTOR('',#4500,1.);
#661=VECTOR('',#4503,1.);
#662=VECTOR('',#4510,1.);
#663=VECTOR('',#4511,1.);
#664=VECTOR('',#4512,1.);
#665=VECTOR('',#4515,1.);
#666=VECTOR('',#4516,1.);
#667=VECTOR('',#4517,1.);
#668=VECTOR('',#4520,1.);
#669=VECTOR('',#4527,1.);
#670=VECTOR('',#4530,1.);
#671=VECTOR('',#4531,1.);
#672=VECTOR('',#4534,1.);
#673=VECTOR('',#4535,1.);
#674=VECTOR('',#4536,1.);
#675=VECTOR('',#4539,1.);
#676=ORIENTED_EDGE('',*,*,#1700,.T.);
#677=ORIENTED_EDGE('',*,*,#1701,.T.);
#678=ORIENTED_EDGE('',*,*,#1702,.T.);
#679=ORIENTED_EDGE('',*,*,#1703,.T.);
#680=ORIENTED_EDGE('',*,*,#1704,.T.);
#681=ORIENTED_EDGE('',*,*,#1705,.T.);
#682=ORIENTED_EDGE('',*,*,#1706,.T.);
#683=ORIENTED_EDGE('',*,*,#1707,.T.);
#684=ORIENTED_EDGE('',*,*,#1708,.F.);
#685=ORIENTED_EDGE('',*,*,#1709,.T.);
#686=ORIENTED_EDGE('',*,*,#1710,.T.);
#687=ORIENTED_EDGE('',*,*,#1711,.T.);
#688=ORIENTED_EDGE('',*,*,#1712,.F.);
#689=ORIENTED_EDGE('',*,*,#1713,.T.);
#690=ORIENTED_EDGE('',*,*,#1714,.T.);
#691=ORIENTED_EDGE('',*,*,#1715,.T.);
#692=ORIENTED_EDGE('',*,*,#1716,.T.);
#693=ORIENTED_EDGE('',*,*,#1717,.T.);
#694=ORIENTED_EDGE('',*,*,#1718,.T.);
#695=ORIENTED_EDGE('',*,*,#1719,.T.);
#696=ORIENTED_EDGE('',*,*,#1720,.T.);
#697=ORIENTED_EDGE('',*,*,#1721,.T.);
#698=ORIENTED_EDGE('',*,*,#1722,.T.);
#699=ORIENTED_EDGE('',*,*,#1723,.T.);
#700=ORIENTED_EDGE('',*,*,#1724,.T.);
#701=ORIENTED_EDGE('',*,*,#1725,.T.);
#702=ORIENTED_EDGE('',*,*,#1726,.T.);
#703=ORIENTED_EDGE('',*,*,#1727,.T.);
#704=ORIENTED_EDGE('',*,*,#1728,.F.);
#705=ORIENTED_EDGE('',*,*,#1729,.T.);
#706=ORIENTED_EDGE('',*,*,#1730,.F.);
#707=ORIENTED_EDGE('',*,*,#1731,.T.);
#708=ORIENTED_EDGE('',*,*,#1732,.F.);
#709=ORIENTED_EDGE('',*,*,#1733,.T.);
#710=ORIENTED_EDGE('',*,*,#1734,.F.);
#711=ORIENTED_EDGE('',*,*,#1735,.T.);
#712=ORIENTED_EDGE('',*,*,#1736,.F.);
#713=ORIENTED_EDGE('',*,*,#1737,.T.);
#714=ORIENTED_EDGE('',*,*,#1738,.F.);
#715=ORIENTED_EDGE('',*,*,#1739,.T.);
#716=ORIENTED_EDGE('',*,*,#1729,.F.);
#717=ORIENTED_EDGE('',*,*,#1740,.T.);
#718=ORIENTED_EDGE('',*,*,#1741,.F.);
#719=ORIENTED_EDGE('',*,*,#1742,.F.);
#720=ORIENTED_EDGE('',*,*,#1743,.F.);
#721=ORIENTED_EDGE('',*,*,#1744,.F.);
#722=ORIENTED_EDGE('',*,*,#1737,.F.);
#723=ORIENTED_EDGE('',*,*,#1745,.F.);
#724=ORIENTED_EDGE('',*,*,#1746,.F.);
#725=ORIENTED_EDGE('',*,*,#1747,.F.);
#726=ORIENTED_EDGE('',*,*,#1748,.F.);
#727=ORIENTED_EDGE('',*,*,#1731,.F.);
#728=ORIENTED_EDGE('',*,*,#1749,.T.);
#729=ORIENTED_EDGE('',*,*,#1750,.T.);
#730=ORIENTED_EDGE('',*,*,#1751,.T.);
#731=ORIENTED_EDGE('',*,*,#1735,.F.);
#732=ORIENTED_EDGE('',*,*,#1752,.F.);
#733=ORIENTED_EDGE('',*,*,#1753,.F.);
#734=ORIENTED_EDGE('',*,*,#1754,.T.);
#735=ORIENTED_EDGE('',*,*,#1755,.T.);
#736=ORIENTED_EDGE('',*,*,#1756,.T.);
#737=ORIENTED_EDGE('',*,*,#1757,.T.);
#738=ORIENTED_EDGE('',*,*,#1758,.T.);
#739=ORIENTED_EDGE('',*,*,#1759,.T.);
#740=ORIENTED_EDGE('',*,*,#1760,.T.);
#741=ORIENTED_EDGE('',*,*,#1761,.T.);
#742=ORIENTED_EDGE('',*,*,#1762,.T.);
#743=ORIENTED_EDGE('',*,*,#1763,.T.);
#744=ORIENTED_EDGE('',*,*,#1764,.T.);
#745=ORIENTED_EDGE('',*,*,#1765,.T.);
#746=ORIENTED_EDGE('',*,*,#1766,.T.);
#747=ORIENTED_EDGE('',*,*,#1767,.T.);
#748=ORIENTED_EDGE('',*,*,#1768,.T.);
#749=ORIENTED_EDGE('',*,*,#1769,.T.);
#750=ORIENTED_EDGE('',*,*,#1770,.T.);
#751=ORIENTED_EDGE('',*,*,#1771,.F.);
#752=ORIENTED_EDGE('',*,*,#1772,.T.);
#753=ORIENTED_EDGE('',*,*,#1773,.F.);
#754=ORIENTED_EDGE('',*,*,#1774,.T.);
#755=ORIENTED_EDGE('',*,*,#1775,.T.);
#756=ORIENTED_EDGE('',*,*,#1776,.T.);
#757=ORIENTED_EDGE('',*,*,#1777,.T.);
#758=ORIENTED_EDGE('',*,*,#1778,.T.);
#759=ORIENTED_EDGE('',*,*,#1779,.T.);
#760=ORIENTED_EDGE('',*,*,#1780,.T.);
#761=ORIENTED_EDGE('',*,*,#1781,.T.);
#762=ORIENTED_EDGE('',*,*,#1782,.T.);
#763=ORIENTED_EDGE('',*,*,#1783,.T.);
#764=ORIENTED_EDGE('',*,*,#1784,.T.);
#765=ORIENTED_EDGE('',*,*,#1785,.T.);
#766=ORIENTED_EDGE('',*,*,#1786,.T.);
#767=ORIENTED_EDGE('',*,*,#1787,.T.);
#768=ORIENTED_EDGE('',*,*,#1788,.T.);
#769=ORIENTED_EDGE('',*,*,#1789,.F.);
#770=ORIENTED_EDGE('',*,*,#1790,.T.);
#771=ORIENTED_EDGE('',*,*,#1791,.F.);
#772=ORIENTED_EDGE('',*,*,#1792,.T.);
#773=ORIENTED_EDGE('',*,*,#1793,.T.);
#774=ORIENTED_EDGE('',*,*,#1794,.T.);
#775=ORIENTED_EDGE('',*,*,#1795,.T.);
#776=ORIENTED_EDGE('',*,*,#1796,.T.);
#777=ORIENTED_EDGE('',*,*,#1797,.T.);
#778=ORIENTED_EDGE('',*,*,#1798,.T.);
#779=ORIENTED_EDGE('',*,*,#1799,.T.);
#780=ORIENTED_EDGE('',*,*,#1800,.T.);
#781=ORIENTED_EDGE('',*,*,#1801,.T.);
#782=ORIENTED_EDGE('',*,*,#1802,.T.);
#783=ORIENTED_EDGE('',*,*,#1803,.T.);
#784=ORIENTED_EDGE('',*,*,#1804,.T.);
#785=ORIENTED_EDGE('',*,*,#1805,.T.);
#786=ORIENTED_EDGE('',*,*,#1806,.T.);
#787=ORIENTED_EDGE('',*,*,#1807,.T.);
#788=ORIENTED_EDGE('',*,*,#1808,.T.);
#789=ORIENTED_EDGE('',*,*,#1809,.T.);
#790=ORIENTED_EDGE('',*,*,#1810,.T.);
#791=ORIENTED_EDGE('',*,*,#1811,.T.);
#792=ORIENTED_EDGE('',*,*,#1812,.T.);
#793=ORIENTED_EDGE('',*,*,#1813,.T.);
#794=ORIENTED_EDGE('',*,*,#1814,.T.);
#795=ORIENTED_EDGE('',*,*,#1815,.T.);
#796=ORIENTED_EDGE('',*,*,#1816,.T.);
#797=ORIENTED_EDGE('',*,*,#1817,.T.);
#798=ORIENTED_EDGE('',*,*,#1818,.T.);
#799=ORIENTED_EDGE('',*,*,#1819,.T.);
#800=ORIENTED_EDGE('',*,*,#1820,.T.);
#801=ORIENTED_EDGE('',*,*,#1821,.T.);
#802=ORIENTED_EDGE('',*,*,#1822,.T.);
#803=ORIENTED_EDGE('',*,*,#1823,.T.);
#804=ORIENTED_EDGE('',*,*,#1824,.T.);
#805=ORIENTED_EDGE('',*,*,#1825,.T.);
#806=ORIENTED_EDGE('',*,*,#1826,.T.);
#807=ORIENTED_EDGE('',*,*,#1827,.T.);
#808=ORIENTED_EDGE('',*,*,#1828,.T.);
#809=ORIENTED_EDGE('',*,*,#1829,.T.);
#810=ORIENTED_EDGE('',*,*,#1830,.T.);
#811=ORIENTED_EDGE('',*,*,#1831,.T.);
#812=ORIENTED_EDGE('',*,*,#1832,.T.);
#813=ORIENTED_EDGE('',*,*,#1833,.T.);
#814=ORIENTED_EDGE('',*,*,#1834,.T.);
#815=ORIENTED_EDGE('',*,*,#1835,.T.);
#816=ORIENTED_EDGE('',*,*,#1836,.T.);
#817=ORIENTED_EDGE('',*,*,#1837,.T.);
#818=ORIENTED_EDGE('',*,*,#1838,.T.);
#819=ORIENTED_EDGE('',*,*,#1839,.T.);
#820=ORIENTED_EDGE('',*,*,#1840,.T.);
#821=ORIENTED_EDGE('',*,*,#1841,.T.);
#822=ORIENTED_EDGE('',*,*,#1842,.T.);
#823=ORIENTED_EDGE('',*,*,#1843,.T.);
#824=ORIENTED_EDGE('',*,*,#1844,.T.);
#825=ORIENTED_EDGE('',*,*,#1845,.T.);
#826=ORIENTED_EDGE('',*,*,#1846,.T.);
#827=ORIENTED_EDGE('',*,*,#1847,.T.);
#828=ORIENTED_EDGE('',*,*,#1848,.T.);
#829=ORIENTED_EDGE('',*,*,#1849,.T.);
#830=ORIENTED_EDGE('',*,*,#1850,.T.);
#831=ORIENTED_EDGE('',*,*,#1851,.T.);
#832=ORIENTED_EDGE('',*,*,#1852,.T.);
#833=ORIENTED_EDGE('',*,*,#1853,.T.);
#834=ORIENTED_EDGE('',*,*,#1854,.T.);
#835=ORIENTED_EDGE('',*,*,#1855,.T.);
#836=ORIENTED_EDGE('',*,*,#1856,.T.);
#837=ORIENTED_EDGE('',*,*,#1857,.T.);
#838=ORIENTED_EDGE('',*,*,#1858,.T.);
#839=ORIENTED_EDGE('',*,*,#1859,.T.);
#840=ORIENTED_EDGE('',*,*,#1860,.T.);
#841=ORIENTED_EDGE('',*,*,#1861,.T.);
#842=ORIENTED_EDGE('',*,*,#1862,.T.);
#843=ORIENTED_EDGE('',*,*,#1863,.T.);
#844=ORIENTED_EDGE('',*,*,#1864,.T.);
#845=ORIENTED_EDGE('',*,*,#1865,.T.);
#846=ORIENTED_EDGE('',*,*,#1866,.F.);
#847=ORIENTED_EDGE('',*,*,#1867,.T.);
#848=ORIENTED_EDGE('',*,*,#1868,.T.);
#849=ORIENTED_EDGE('',*,*,#1869,.T.);
#850=ORIENTED_EDGE('',*,*,#1870,.T.);
#851=ORIENTED_EDGE('',*,*,#1871,.T.);
#852=ORIENTED_EDGE('',*,*,#1872,.F.);
#853=ORIENTED_EDGE('',*,*,#1873,.T.);
#854=ORIENTED_EDGE('',*,*,#1874,.T.);
#855=ORIENTED_EDGE('',*,*,#1875,.T.);
#856=ORIENTED_EDGE('',*,*,#1876,.T.);
#857=ORIENTED_EDGE('',*,*,#1877,.T.);
#858=ORIENTED_EDGE('',*,*,#1872,.T.);
#859=ORIENTED_EDGE('',*,*,#1878,.T.);
#860=ORIENTED_EDGE('',*,*,#1874,.F.);
#861=ORIENTED_EDGE('',*,*,#1879,.T.);
#862=ORIENTED_EDGE('',*,*,#1862,.F.);
#863=ORIENTED_EDGE('',*,*,#1880,.T.);
#864=ORIENTED_EDGE('',*,*,#1866,.T.);
#865=ORIENTED_EDGE('',*,*,#1881,.T.);
#866=ORIENTED_EDGE('',*,*,#1882,.T.);
#867=ORIENTED_EDGE('',*,*,#1883,.T.);
#868=ORIENTED_EDGE('',*,*,#1884,.T.);
#869=ORIENTED_EDGE('',*,*,#1885,.T.);
#870=ORIENTED_EDGE('',*,*,#1886,.T.);
#871=ORIENTED_EDGE('',*,*,#1887,.T.);
#872=ORIENTED_EDGE('',*,*,#1888,.T.);
#873=ORIENTED_EDGE('',*,*,#1889,.T.);
#874=ORIENTED_EDGE('',*,*,#1890,.T.);
#875=ORIENTED_EDGE('',*,*,#1891,.T.);
#876=ORIENTED_EDGE('',*,*,#1892,.T.);
#877=ORIENTED_EDGE('',*,*,#1893,.T.);
#878=ORIENTED_EDGE('',*,*,#1894,.T.);
#879=ORIENTED_EDGE('',*,*,#1895,.T.);
#880=ORIENTED_EDGE('',*,*,#1896,.T.);
#881=ORIENTED_EDGE('',*,*,#1897,.T.);
#882=ORIENTED_EDGE('',*,*,#1898,.T.);
#883=ORIENTED_EDGE('',*,*,#1899,.T.);
#884=ORIENTED_EDGE('',*,*,#1900,.T.);
#885=ORIENTED_EDGE('',*,*,#1901,.T.);
#886=ORIENTED_EDGE('',*,*,#1902,.T.);
#887=ORIENTED_EDGE('',*,*,#1903,.T.);
#888=ORIENTED_EDGE('',*,*,#1904,.T.);
#889=ORIENTED_EDGE('',*,*,#1905,.T.);
#890=ORIENTED_EDGE('',*,*,#1906,.T.);
#891=ORIENTED_EDGE('',*,*,#1907,.T.);
#892=ORIENTED_EDGE('',*,*,#1908,.T.);
#893=ORIENTED_EDGE('',*,*,#1909,.T.);
#894=ORIENTED_EDGE('',*,*,#1910,.T.);
#895=ORIENTED_EDGE('',*,*,#1911,.T.);
#896=ORIENTED_EDGE('',*,*,#1912,.T.);
#897=ORIENTED_EDGE('',*,*,#1913,.T.);
#898=ORIENTED_EDGE('',*,*,#1914,.T.);
#899=ORIENTED_EDGE('',*,*,#1915,.T.);
#900=ORIENTED_EDGE('',*,*,#1916,.T.);
#901=ORIENTED_EDGE('',*,*,#1917,.T.);
#902=ORIENTED_EDGE('',*,*,#1918,.T.);
#903=ORIENTED_EDGE('',*,*,#1919,.T.);
#904=ORIENTED_EDGE('',*,*,#1920,.T.);
#905=ORIENTED_EDGE('',*,*,#1921,.T.);
#906=ORIENTED_EDGE('',*,*,#1922,.T.);
#907=ORIENTED_EDGE('',*,*,#1923,.T.);
#908=ORIENTED_EDGE('',*,*,#1924,.T.);
#909=ORIENTED_EDGE('',*,*,#1925,.T.);
#910=ORIENTED_EDGE('',*,*,#1926,.T.);
#911=ORIENTED_EDGE('',*,*,#1927,.T.);
#912=ORIENTED_EDGE('',*,*,#1928,.T.);
#913=ORIENTED_EDGE('',*,*,#1929,.T.);
#914=ORIENTED_EDGE('',*,*,#1930,.T.);
#915=ORIENTED_EDGE('',*,*,#1931,.T.);
#916=ORIENTED_EDGE('',*,*,#1932,.F.);
#917=ORIENTED_EDGE('',*,*,#1933,.T.);
#918=ORIENTED_EDGE('',*,*,#1934,.T.);
#919=ORIENTED_EDGE('',*,*,#1935,.T.);
#920=ORIENTED_EDGE('',*,*,#1936,.T.);
#921=ORIENTED_EDGE('',*,*,#1937,.T.);
#922=ORIENTED_EDGE('',*,*,#1938,.T.);
#923=ORIENTED_EDGE('',*,*,#1939,.T.);
#924=ORIENTED_EDGE('',*,*,#1940,.T.);
#925=ORIENTED_EDGE('',*,*,#1932,.T.);
#926=ORIENTED_EDGE('',*,*,#1941,.T.);
#927=ORIENTED_EDGE('',*,*,#1700,.F.);
#928=ORIENTED_EDGE('',*,*,#1942,.T.);
#929=ORIENTED_EDGE('',*,*,#1943,.T.);
#930=ORIENTED_EDGE('',*,*,#1944,.T.);
#931=ORIENTED_EDGE('',*,*,#1945,.T.);
#932=ORIENTED_EDGE('',*,*,#1946,.T.);
#933=ORIENTED_EDGE('',*,*,#1947,.T.);
#934=ORIENTED_EDGE('',*,*,#1948,.F.);
#935=ORIENTED_EDGE('',*,*,#1949,.T.);
#936=ORIENTED_EDGE('',*,*,#1950,.T.);
#937=ORIENTED_EDGE('',*,*,#1951,.T.);
#938=ORIENTED_EDGE('',*,*,#1952,.T.);
#939=ORIENTED_EDGE('',*,*,#1948,.T.);
#940=ORIENTED_EDGE('',*,*,#1953,.T.);
#941=ORIENTED_EDGE('',*,*,#1708,.T.);
#942=ORIENTED_EDGE('',*,*,#1954,.T.);
#943=ORIENTED_EDGE('',*,*,#1955,.T.);
#944=ORIENTED_EDGE('',*,*,#1956,.T.);
#945=ORIENTED_EDGE('',*,*,#1957,.T.);
#946=ORIENTED_EDGE('',*,*,#1958,.T.);
#947=ORIENTED_EDGE('',*,*,#1959,.T.);
#948=ORIENTED_EDGE('',*,*,#1960,.T.);
#949=ORIENTED_EDGE('',*,*,#1961,.T.);
#950=ORIENTED_EDGE('',*,*,#1962,.T.);
#951=ORIENTED_EDGE('',*,*,#1954,.F.);
#952=ORIENTED_EDGE('',*,*,#1963,.T.);
#953=ORIENTED_EDGE('',*,*,#1964,.T.);
#954=ORIENTED_EDGE('',*,*,#1712,.T.);
#955=ORIENTED_EDGE('',*,*,#1965,.T.);
#956=ORIENTED_EDGE('',*,*,#1966,.T.);
#957=ORIENTED_EDGE('',*,*,#1967,.T.);
#958=ORIENTED_EDGE('',*,*,#1968,.T.);
#959=ORIENTED_EDGE('',*,*,#1969,.T.);
#960=ORIENTED_EDGE('',*,*,#1970,.T.);
#961=ORIENTED_EDGE('',*,*,#1971,.T.);
#962=ORIENTED_EDGE('',*,*,#1972,.T.);
#963=ORIENTED_EDGE('',*,*,#1973,.T.);
#964=ORIENTED_EDGE('',*,*,#1974,.T.);
#965=ORIENTED_EDGE('',*,*,#1970,.F.);
#966=ORIENTED_EDGE('',*,*,#1975,.T.);
#967=ORIENTED_EDGE('',*,*,#1976,.T.);
#968=ORIENTED_EDGE('',*,*,#1704,.F.);
#969=ORIENTED_EDGE('',*,*,#1977,.T.);
#970=ORIENTED_EDGE('',*,*,#1736,.T.);
#971=ORIENTED_EDGE('',*,*,#1751,.F.);
#972=ORIENTED_EDGE('',*,*,#1978,.F.);
#973=ORIENTED_EDGE('',*,*,#1745,.T.);
#974=ORIENTED_EDGE('',*,*,#1730,.T.);
#975=ORIENTED_EDGE('',*,*,#1747,.T.);
#976=ORIENTED_EDGE('',*,*,#1979,.T.);
#977=ORIENTED_EDGE('',*,*,#1749,.F.);
#978=ORIENTED_EDGE('',*,*,#1746,.T.);
#979=ORIENTED_EDGE('',*,*,#1978,.T.);
#980=ORIENTED_EDGE('',*,*,#1750,.F.);
#981=ORIENTED_EDGE('',*,*,#1979,.F.);
#982=ORIENTED_EDGE('',*,*,#1980,.T.);
#983=ORIENTED_EDGE('',*,*,#1981,.T.);
#984=ORIENTED_EDGE('',*,*,#1722,.F.);
#985=ORIENTED_EDGE('',*,*,#1982,.T.);
#986=ORIENTED_EDGE('',*,*,#1983,.F.);
#987=ORIENTED_EDGE('',*,*,#1984,.T.);
#988=ORIENTED_EDGE('',*,*,#1726,.F.);
#989=ORIENTED_EDGE('',*,*,#1985,.F.);
#990=ORIENTED_EDGE('',*,*,#1986,.T.);
#991=ORIENTED_EDGE('',*,*,#1987,.T.);
#992=ORIENTED_EDGE('',*,*,#1984,.F.);
#993=ORIENTED_EDGE('',*,*,#1988,.T.);
#994=ORIENTED_EDGE('',*,*,#1989,.T.);
#995=ORIENTED_EDGE('',*,*,#1727,.F.);
#996=ORIENTED_EDGE('',*,*,#1990,.F.);
#997=ORIENTED_EDGE('',*,*,#1991,.T.);
#998=ORIENTED_EDGE('',*,*,#1716,.F.);
#999=ORIENTED_EDGE('',*,*,#1989,.F.);
#1000=ORIENTED_EDGE('',*,*,#1992,.T.);
#1001=ORIENTED_EDGE('',*,*,#1993,.F.);
#1002=ORIENTED_EDGE('',*,*,#1720,.F.);
#1003=ORIENTED_EDGE('',*,*,#1994,.T.);
#1004=ORIENTED_EDGE('',*,*,#1993,.T.);
#1005=ORIENTED_EDGE('',*,*,#1995,.F.);
#1006=ORIENTED_EDGE('',*,*,#1982,.F.);
#1007=ORIENTED_EDGE('',*,*,#1721,.F.);
#1008=ORIENTED_EDGE('',*,*,#1983,.T.);
#1009=ORIENTED_EDGE('',*,*,#1995,.T.);
#1010=ORIENTED_EDGE('',*,*,#1992,.F.);
#1011=ORIENTED_EDGE('',*,*,#1988,.F.);
#1012=ORIENTED_EDGE('',*,*,#1996,.T.);
#1013=ORIENTED_EDGE('',*,*,#1997,.F.);
#1014=ORIENTED_EDGE('',*,*,#1994,.F.);
#1015=ORIENTED_EDGE('',*,*,#1719,.F.);
#1016=ORIENTED_EDGE('',*,*,#1990,.T.);
#1017=ORIENTED_EDGE('',*,*,#1997,.T.);
#1018=ORIENTED_EDGE('',*,*,#1998,.F.);
#1019=ORIENTED_EDGE('',*,*,#1999,.F.);
#1020=ORIENTED_EDGE('',*,*,#1991,.F.);
#1021=ORIENTED_EDGE('',*,*,#1999,.T.);
#1022=ORIENTED_EDGE('',*,*,#2000,.T.);
#1023=ORIENTED_EDGE('',*,*,#1717,.F.);
#1024=ORIENTED_EDGE('',*,*,#2000,.F.);
#1025=ORIENTED_EDGE('',*,*,#1998,.T.);
#1026=ORIENTED_EDGE('',*,*,#1996,.F.);
#1027=ORIENTED_EDGE('',*,*,#1718,.F.);
#1028=ORIENTED_EDGE('',*,*,#1724,.F.);
#1029=ORIENTED_EDGE('',*,*,#2001,.T.);
#1030=ORIENTED_EDGE('',*,*,#2002,.F.);
#1031=ORIENTED_EDGE('',*,*,#2003,.F.);
#1032=ORIENTED_EDGE('',*,*,#2004,.F.);
#1033=ORIENTED_EDGE('',*,*,#2005,.F.);
#1034=ORIENTED_EDGE('',*,*,#1734,.T.);
#1035=ORIENTED_EDGE('',*,*,#2006,.F.);
#1036=ORIENTED_EDGE('',*,*,#2007,.F.);
#1037=ORIENTED_EDGE('',*,*,#1752,.T.);
#1038=ORIENTED_EDGE('',*,*,#1732,.T.);
#1039=ORIENTED_EDGE('',*,*,#1748,.T.);
#1040=ORIENTED_EDGE('',*,*,#2008,.T.);
#1041=ORIENTED_EDGE('',*,*,#2009,.F.);
#1042=ORIENTED_EDGE('',*,*,#1753,.T.);
#1043=ORIENTED_EDGE('',*,*,#2007,.T.);
#1044=ORIENTED_EDGE('',*,*,#2010,.F.);
#1045=ORIENTED_EDGE('',*,*,#2008,.F.);
#1046=ORIENTED_EDGE('',*,*,#2009,.T.);
#1047=ORIENTED_EDGE('',*,*,#2010,.T.);
#1048=ORIENTED_EDGE('',*,*,#2006,.T.);
#1049=ORIENTED_EDGE('',*,*,#1733,.F.);
#1050=ORIENTED_EDGE('',*,*,#1739,.F.);
#1051=ORIENTED_EDGE('',*,*,#2011,.F.);
#1052=ORIENTED_EDGE('',*,*,#2012,.T.);
#1053=ORIENTED_EDGE('',*,*,#2013,.T.);
#1054=ORIENTED_EDGE('',*,*,#2014,.T.);
#1055=ORIENTED_EDGE('',*,*,#2015,.T.);
#1056=ORIENTED_EDGE('',*,*,#2016,.T.);
#1057=ORIENTED_EDGE('',*,*,#2014,.F.);
#1058=ORIENTED_EDGE('',*,*,#2017,.F.);
#1059=ORIENTED_EDGE('',*,*,#2018,.T.);
#1060=ORIENTED_EDGE('',*,*,#2019,.F.);
#1061=ORIENTED_EDGE('',*,*,#2020,.F.);
#1062=ORIENTED_EDGE('',*,*,#1741,.T.);
#1063=ORIENTED_EDGE('',*,*,#2021,.T.);
#1064=ORIENTED_EDGE('',*,*,#2017,.T.);
#1065=ORIENTED_EDGE('',*,*,#2013,.F.);
#1066=ORIENTED_EDGE('',*,*,#2022,.F.);
#1067=ORIENTED_EDGE('',*,*,#2023,.T.);
#1068=ORIENTED_EDGE('',*,*,#2024,.F.);
#1069=ORIENTED_EDGE('',*,*,#2025,.F.);
#1070=ORIENTED_EDGE('',*,*,#1742,.T.);
#1071=ORIENTED_EDGE('',*,*,#2020,.T.);
#1072=ORIENTED_EDGE('',*,*,#2022,.T.);
#1073=ORIENTED_EDGE('',*,*,#2012,.F.);
#1074=ORIENTED_EDGE('',*,*,#2026,.F.);
#1075=ORIENTED_EDGE('',*,*,#2027,.T.);
#1076=ORIENTED_EDGE('',*,*,#2027,.F.);
#1077=ORIENTED_EDGE('',*,*,#2028,.F.);
#1078=ORIENTED_EDGE('',*,*,#2029,.T.);
#1079=ORIENTED_EDGE('',*,*,#2024,.T.);
#1080=ORIENTED_EDGE('',*,*,#2019,.T.);
#1081=ORIENTED_EDGE('',*,*,#2030,.T.);
#1082=ORIENTED_EDGE('',*,*,#2018,.F.);
#1083=ORIENTED_EDGE('',*,*,#2023,.F.);
#1084=ORIENTED_EDGE('',*,*,#2029,.F.);
#1085=ORIENTED_EDGE('',*,*,#2031,.F.);
#1086=ORIENTED_EDGE('',*,*,#1743,.T.);
#1087=ORIENTED_EDGE('',*,*,#2025,.T.);
#1088=ORIENTED_EDGE('',*,*,#2015,.F.);
#1089=ORIENTED_EDGE('',*,*,#2016,.F.);
#1090=ORIENTED_EDGE('',*,*,#2030,.F.);
#1091=ORIENTED_EDGE('',*,*,#2021,.F.);
#1092=ORIENTED_EDGE('',*,*,#1740,.F.);
#1093=ORIENTED_EDGE('',*,*,#1728,.T.);
#1094=ORIENTED_EDGE('',*,*,#2011,.T.);
#1095=ORIENTED_EDGE('',*,*,#1738,.T.);
#1096=ORIENTED_EDGE('',*,*,#1744,.T.);
#1097=ORIENTED_EDGE('',*,*,#2031,.T.);
#1098=ORIENTED_EDGE('',*,*,#2028,.T.);
#1099=ORIENTED_EDGE('',*,*,#2026,.T.);
#1100=ORIENTED_EDGE('',*,*,#1980,.F.);
#1101=ORIENTED_EDGE('',*,*,#2032,.F.);
#1102=ORIENTED_EDGE('',*,*,#2033,.T.);
#1103=ORIENTED_EDGE('',*,*,#2034,.T.);
#1104=ORIENTED_EDGE('',*,*,#2035,.F.);
#1105=ORIENTED_EDGE('',*,*,#2036,.F.);
#1106=ORIENTED_EDGE('',*,*,#2002,.T.);
#1107=ORIENTED_EDGE('',*,*,#2037,.T.);
#1108=ORIENTED_EDGE('',*,*,#1987,.F.);
#1109=ORIENTED_EDGE('',*,*,#2038,.F.);
#1110=ORIENTED_EDGE('',*,*,#2039,.T.);
#1111=ORIENTED_EDGE('',*,*,#2032,.T.);
#1112=ORIENTED_EDGE('',*,*,#2040,.F.);
#1113=ORIENTED_EDGE('',*,*,#2041,.F.);
#1114=ORIENTED_EDGE('',*,*,#2003,.T.);
#1115=ORIENTED_EDGE('',*,*,#2036,.T.);
#1116=ORIENTED_EDGE('',*,*,#1986,.F.);
#1117=ORIENTED_EDGE('',*,*,#2042,.F.);
#1118=ORIENTED_EDGE('',*,*,#2043,.T.);
#1119=ORIENTED_EDGE('',*,*,#2038,.T.);
#1120=ORIENTED_EDGE('',*,*,#2043,.F.);
#1121=ORIENTED_EDGE('',*,*,#2044,.F.);
#1122=ORIENTED_EDGE('',*,*,#2045,.T.);
#1123=ORIENTED_EDGE('',*,*,#2040,.T.);
#1124=ORIENTED_EDGE('',*,*,#2035,.T.);
#1125=ORIENTED_EDGE('',*,*,#2046,.T.);
#1126=ORIENTED_EDGE('',*,*,#2033,.F.);
#1127=ORIENTED_EDGE('',*,*,#2039,.F.);
#1128=ORIENTED_EDGE('',*,*,#2045,.F.);
#1129=ORIENTED_EDGE('',*,*,#2047,.F.);
#1130=ORIENTED_EDGE('',*,*,#2004,.T.);
#1131=ORIENTED_EDGE('',*,*,#2041,.T.);
#1132=ORIENTED_EDGE('',*,*,#1723,.F.);
#1133=ORIENTED_EDGE('',*,*,#1981,.F.);
#1134=ORIENTED_EDGE('',*,*,#2034,.F.);
#1135=ORIENTED_EDGE('',*,*,#2046,.F.);
#1136=ORIENTED_EDGE('',*,*,#2037,.F.);
#1137=ORIENTED_EDGE('',*,*,#2001,.F.);
#1138=ORIENTED_EDGE('',*,*,#1725,.F.);
#1139=ORIENTED_EDGE('',*,*,#2005,.T.);
#1140=ORIENTED_EDGE('',*,*,#2047,.T.);
#1141=ORIENTED_EDGE('',*,*,#2044,.T.);
#1142=ORIENTED_EDGE('',*,*,#2042,.T.);
#1143=ORIENTED_EDGE('',*,*,#1985,.T.);
#1144=ORIENTED_EDGE('',*,*,#1953,.F.);
#1145=ORIENTED_EDGE('',*,*,#1947,.F.);
#1146=ORIENTED_EDGE('',*,*,#2048,.F.);
#1147=ORIENTED_EDGE('',*,*,#1709,.F.);
#1148=ORIENTED_EDGE('',*,*,#2049,.F.);
#1149=ORIENTED_EDGE('',*,*,#1774,.F.);
#1150=ORIENTED_EDGE('',*,*,#2050,.F.);
#1151=ORIENTED_EDGE('',*,*,#1946,.F.);
#1152=ORIENTED_EDGE('',*,*,#2050,.T.);
#1153=ORIENTED_EDGE('',*,*,#1773,.T.);
#1154=ORIENTED_EDGE('',*,*,#2051,.F.);
#1155=ORIENTED_EDGE('',*,*,#2048,.T.);
#1156=ORIENTED_EDGE('',*,*,#2052,.F.);
#1157=ORIENTED_EDGE('',*,*,#2049,.T.);
#1158=ORIENTED_EDGE('',*,*,#2053,.F.);
#1159=ORIENTED_EDGE('',*,*,#2051,.T.);
#1160=ORIENTED_EDGE('',*,*,#1772,.F.);
#1161=ORIENTED_EDGE('',*,*,#2054,.F.);
#1162=ORIENTED_EDGE('',*,*,#1710,.F.);
#1163=ORIENTED_EDGE('',*,*,#1965,.F.);
#1164=ORIENTED_EDGE('',*,*,#1711,.F.);
#1165=ORIENTED_EDGE('',*,*,#2055,.F.);
#1166=ORIENTED_EDGE('',*,*,#1955,.F.);
#1167=ORIENTED_EDGE('',*,*,#2053,.T.);
#1168=ORIENTED_EDGE('',*,*,#1950,.F.);
#1169=ORIENTED_EDGE('',*,*,#2056,.F.);
#1170=ORIENTED_EDGE('',*,*,#1943,.F.);
#1171=ORIENTED_EDGE('',*,*,#2052,.T.);
#1172=ORIENTED_EDGE('',*,*,#1942,.F.);
#1173=ORIENTED_EDGE('',*,*,#2057,.F.);
#1174=ORIENTED_EDGE('',*,*,#1775,.F.);
#1175=ORIENTED_EDGE('',*,*,#2054,.T.);
#1176=ORIENTED_EDGE('',*,*,#1771,.T.);
#1177=ORIENTED_EDGE('',*,*,#2058,.F.);
#1178=ORIENTED_EDGE('',*,*,#2055,.T.);
#1179=ORIENTED_EDGE('',*,*,#1949,.F.);
#1180=ORIENTED_EDGE('',*,*,#1952,.F.);
#1181=ORIENTED_EDGE('',*,*,#2059,.F.);
#1182=ORIENTED_EDGE('',*,*,#1944,.F.);
#1183=ORIENTED_EDGE('',*,*,#2056,.T.);
#1184=ORIENTED_EDGE('',*,*,#2060,.F.);
#1185=ORIENTED_EDGE('',*,*,#1945,.F.);
#1186=ORIENTED_EDGE('',*,*,#2061,.F.);
#1187=ORIENTED_EDGE('',*,*,#1845,.F.);
#1188=ORIENTED_EDGE('',*,*,#2057,.T.);
#1189=ORIENTED_EDGE('',*,*,#2060,.T.);
#1190=ORIENTED_EDGE('',*,*,#2062,.F.);
#1191=ORIENTED_EDGE('',*,*,#2058,.T.);
#1192=ORIENTED_EDGE('',*,*,#1770,.F.);
#1193=ORIENTED_EDGE('',*,*,#2063,.F.);
#1194=ORIENTED_EDGE('',*,*,#1956,.F.);
#1195=ORIENTED_EDGE('',*,*,#2061,.T.);
#1196=ORIENTED_EDGE('',*,*,#2059,.T.);
#1197=ORIENTED_EDGE('',*,*,#2064,.F.);
#1198=ORIENTED_EDGE('',*,*,#2062,.T.);
#1199=ORIENTED_EDGE('',*,*,#1844,.F.);
#1200=ORIENTED_EDGE('',*,*,#2065,.F.);
#1201=ORIENTED_EDGE('',*,*,#1776,.F.);
#1202=ORIENTED_EDGE('',*,*,#1860,.F.);
#1203=ORIENTED_EDGE('',*,*,#2066,.T.);
#1204=ORIENTED_EDGE('',*,*,#1777,.F.);
#1205=ORIENTED_EDGE('',*,*,#2067,.F.);
#1206=ORIENTED_EDGE('',*,*,#2068,.F.);
#1207=ORIENTED_EDGE('',*,*,#2063,.T.);
#1208=ORIENTED_EDGE('',*,*,#2069,.F.);
#1209=ORIENTED_EDGE('',*,*,#1951,.F.);
#1210=ORIENTED_EDGE('',*,*,#1707,.F.);
#1211=ORIENTED_EDGE('',*,*,#2070,.F.);
#1212=ORIENTED_EDGE('',*,*,#1838,.F.);
#1213=ORIENTED_EDGE('',*,*,#2064,.T.);
#1214=ORIENTED_EDGE('',*,*,#2067,.T.);
#1215=ORIENTED_EDGE('',*,*,#2065,.T.);
#1216=ORIENTED_EDGE('',*,*,#2071,.F.);
#1217=ORIENTED_EDGE('',*,*,#2069,.T.);
#1218=ORIENTED_EDGE('',*,*,#1769,.F.);
#1219=ORIENTED_EDGE('',*,*,#2072,.F.);
#1220=ORIENTED_EDGE('',*,*,#1961,.F.);
#1221=ORIENTED_EDGE('',*,*,#2068,.T.);
#1222=ORIENTED_EDGE('',*,*,#1960,.F.);
#1223=ORIENTED_EDGE('',*,*,#2073,.F.);
#1224=ORIENTED_EDGE('',*,*,#1957,.F.);
#1225=ORIENTED_EDGE('',*,*,#1706,.F.);
#1226=ORIENTED_EDGE('',*,*,#2074,.F.);
#1227=ORIENTED_EDGE('',*,*,#1839,.F.);
#1228=ORIENTED_EDGE('',*,*,#2070,.T.);
#1229=ORIENTED_EDGE('',*,*,#2071,.T.);
#1230=ORIENTED_EDGE('',*,*,#1843,.F.);
#1231=ORIENTED_EDGE('',*,*,#2075,.F.);
#1232=ORIENTED_EDGE('',*,*,#1861,.F.);
#1233=ORIENTED_EDGE('',*,*,#1785,.F.);
#1234=ORIENTED_EDGE('',*,*,#2076,.T.);
#1235=ORIENTED_EDGE('',*,*,#1858,.F.);
#1236=ORIENTED_EDGE('',*,*,#2077,.F.);
#1237=ORIENTED_EDGE('',*,*,#2078,.F.);
#1238=ORIENTED_EDGE('',*,*,#2079,.F.);
#1239=ORIENTED_EDGE('',*,*,#2072,.T.);
#1240=ORIENTED_EDGE('',*,*,#2079,.T.);
#1241=ORIENTED_EDGE('',*,*,#1849,.F.);
#1242=ORIENTED_EDGE('',*,*,#2080,.F.);
#1243=ORIENTED_EDGE('',*,*,#1962,.F.);
#1244=ORIENTED_EDGE('',*,*,#2073,.T.);
#1245=ORIENTED_EDGE('',*,*,#1959,.F.);
#1246=ORIENTED_EDGE('',*,*,#2081,.F.);
#1247=ORIENTED_EDGE('',*,*,#1963,.F.);
#1248=ORIENTED_EDGE('',*,*,#1958,.F.);
#1249=ORIENTED_EDGE('',*,*,#1705,.F.);
#1250=ORIENTED_EDGE('',*,*,#1976,.F.);
#1251=ORIENTED_EDGE('',*,*,#2082,.F.);
#1252=ORIENTED_EDGE('',*,*,#1840,.F.);
#1253=ORIENTED_EDGE('',*,*,#2074,.T.);
#1254=ORIENTED_EDGE('',*,*,#2077,.T.);
#1255=ORIENTED_EDGE('',*,*,#2075,.T.);
#1256=ORIENTED_EDGE('',*,*,#2083,.F.);
#1257=ORIENTED_EDGE('',*,*,#1767,.F.);
#1258=ORIENTED_EDGE('',*,*,#2084,.T.);
#1259=ORIENTED_EDGE('',*,*,#1854,.F.);
#1260=ORIENTED_EDGE('',*,*,#2085,.F.);
#1261=ORIENTED_EDGE('',*,*,#2078,.T.);
#1262=ORIENTED_EDGE('',*,*,#1768,.F.);
#1263=ORIENTED_EDGE('',*,*,#2086,.F.);
#1264=ORIENTED_EDGE('',*,*,#1850,.F.);
#1265=ORIENTED_EDGE('',*,*,#2081,.T.);
#1266=ORIENTED_EDGE('',*,*,#2080,.T.);
#1267=ORIENTED_EDGE('',*,*,#2087,.F.);
#1268=ORIENTED_EDGE('',*,*,#2088,.F.);
#1269=ORIENTED_EDGE('',*,*,#2089,.F.);
#1270=ORIENTED_EDGE('',*,*,#2082,.T.);
#1271=ORIENTED_EDGE('',*,*,#2089,.T.);
#1272=ORIENTED_EDGE('',*,*,#1969,.F.);
#1273=ORIENTED_EDGE('',*,*,#2090,.F.);
#1274=ORIENTED_EDGE('',*,*,#1841,.F.);
#1275=ORIENTED_EDGE('',*,*,#2083,.T.);
#1276=ORIENTED_EDGE('',*,*,#1842,.F.);
#1277=ORIENTED_EDGE('',*,*,#2091,.F.);
#1278=ORIENTED_EDGE('',*,*,#1786,.F.);
#1279=ORIENTED_EDGE('',*,*,#2086,.T.);
#1280=ORIENTED_EDGE('',*,*,#2085,.T.);
#1281=ORIENTED_EDGE('',*,*,#2092,.F.);
#1282=ORIENTED_EDGE('',*,*,#2087,.T.);
#1283=ORIENTED_EDGE('',*,*,#1848,.F.);
#1284=ORIENTED_EDGE('',*,*,#2093,.F.);
#1285=ORIENTED_EDGE('',*,*,#1713,.F.);
#1286=ORIENTED_EDGE('',*,*,#1964,.F.);
#1287=ORIENTED_EDGE('',*,*,#1975,.F.);
#1288=ORIENTED_EDGE('',*,*,#1974,.F.);
#1289=ORIENTED_EDGE('',*,*,#2094,.F.);
#1290=ORIENTED_EDGE('',*,*,#1966,.F.);
#1291=ORIENTED_EDGE('',*,*,#2088,.T.);
#1292=ORIENTED_EDGE('',*,*,#2091,.T.);
#1293=ORIENTED_EDGE('',*,*,#2090,.T.);
#1294=ORIENTED_EDGE('',*,*,#2095,.F.);
#1295=ORIENTED_EDGE('',*,*,#1856,.F.);
#1296=ORIENTED_EDGE('',*,*,#2096,.T.);
#1297=ORIENTED_EDGE('',*,*,#1795,.F.);
#1298=ORIENTED_EDGE('',*,*,#2097,.F.);
#1299=ORIENTED_EDGE('',*,*,#2092,.T.);
#1300=ORIENTED_EDGE('',*,*,#1857,.F.);
#1301=ORIENTED_EDGE('',*,*,#2098,.F.);
#1302=ORIENTED_EDGE('',*,*,#1851,.F.);
#1303=ORIENTED_EDGE('',*,*,#2093,.T.);
#1304=ORIENTED_EDGE('',*,*,#1847,.F.);
#1305=ORIENTED_EDGE('',*,*,#2099,.F.);
#1306=ORIENTED_EDGE('',*,*,#1714,.F.);
#1307=ORIENTED_EDGE('',*,*,#2094,.T.);
#1308=ORIENTED_EDGE('',*,*,#1973,.F.);
#1309=ORIENTED_EDGE('',*,*,#2100,.F.);
#1310=ORIENTED_EDGE('',*,*,#1967,.F.);
#1311=ORIENTED_EDGE('',*,*,#2095,.T.);
#1312=ORIENTED_EDGE('',*,*,#1968,.F.);
#1313=ORIENTED_EDGE('',*,*,#2101,.F.);
#1314=ORIENTED_EDGE('',*,*,#1787,.F.);
#1315=ORIENTED_EDGE('',*,*,#2098,.T.);
#1316=ORIENTED_EDGE('',*,*,#2097,.T.);
#1317=ORIENTED_EDGE('',*,*,#2102,.F.);
#1318=ORIENTED_EDGE('',*,*,#2099,.T.);
#1319=ORIENTED_EDGE('',*,*,#1846,.F.);
#1320=ORIENTED_EDGE('',*,*,#2103,.F.);
#1321=ORIENTED_EDGE('',*,*,#1939,.F.);
#1322=ORIENTED_EDGE('',*,*,#1715,.F.);
#1323=ORIENTED_EDGE('',*,*,#2101,.T.);
#1324=ORIENTED_EDGE('',*,*,#2100,.T.);
#1325=ORIENTED_EDGE('',*,*,#2104,.F.);
#1326=ORIENTED_EDGE('',*,*,#2102,.T.);
#1327=ORIENTED_EDGE('',*,*,#1794,.F.);
#1328=ORIENTED_EDGE('',*,*,#2105,.F.);
#1329=ORIENTED_EDGE('',*,*,#1852,.F.);
#1330=ORIENTED_EDGE('',*,*,#2106,.F.);
#1331=ORIENTED_EDGE('',*,*,#1853,.F.);
#1332=ORIENTED_EDGE('',*,*,#2107,.F.);
#1333=ORIENTED_EDGE('',*,*,#1938,.F.);
#1334=ORIENTED_EDGE('',*,*,#2103,.T.);
#1335=ORIENTED_EDGE('',*,*,#2106,.T.);
#1336=ORIENTED_EDGE('',*,*,#2108,.F.);
#1337=ORIENTED_EDGE('',*,*,#1977,.F.);
#1338=ORIENTED_EDGE('',*,*,#1703,.F.);
#1339=ORIENTED_EDGE('',*,*,#2109,.F.);
#1340=ORIENTED_EDGE('',*,*,#1971,.F.);
#1341=ORIENTED_EDGE('',*,*,#2104,.T.);
#1342=ORIENTED_EDGE('',*,*,#1972,.F.);
#1343=ORIENTED_EDGE('',*,*,#2110,.F.);
#1344=ORIENTED_EDGE('',*,*,#1788,.F.);
#1345=ORIENTED_EDGE('',*,*,#2107,.T.);
#1346=ORIENTED_EDGE('',*,*,#2105,.T.);
#1347=ORIENTED_EDGE('',*,*,#2111,.F.);
#1348=ORIENTED_EDGE('',*,*,#2108,.T.);
#1349=ORIENTED_EDGE('',*,*,#1937,.F.);
#1350=ORIENTED_EDGE('',*,*,#2112,.F.);
#1351=ORIENTED_EDGE('',*,*,#1933,.F.);
#1352=ORIENTED_EDGE('',*,*,#1940,.F.);
#1353=ORIENTED_EDGE('',*,*,#2110,.T.);
#1354=ORIENTED_EDGE('',*,*,#2109,.T.);
#1355=ORIENTED_EDGE('',*,*,#2113,.F.);
#1356=ORIENTED_EDGE('',*,*,#1789,.T.);
#1357=ORIENTED_EDGE('',*,*,#2111,.T.);
#1358=ORIENTED_EDGE('',*,*,#1793,.F.);
#1359=ORIENTED_EDGE('',*,*,#2114,.F.);
#1360=ORIENTED_EDGE('',*,*,#1935,.F.);
#1361=ORIENTED_EDGE('',*,*,#2112,.T.);
#1362=ORIENTED_EDGE('',*,*,#1936,.F.);
#1363=ORIENTED_EDGE('',*,*,#2115,.F.);
#1364=ORIENTED_EDGE('',*,*,#1934,.F.);
#1365=ORIENTED_EDGE('',*,*,#1941,.F.);
#1366=ORIENTED_EDGE('',*,*,#1931,.F.);
#1367=ORIENTED_EDGE('',*,*,#2116,.F.);
#1368=ORIENTED_EDGE('',*,*,#1701,.F.);
#1369=ORIENTED_EDGE('',*,*,#2113,.T.);
#1370=ORIENTED_EDGE('',*,*,#1702,.F.);
#1371=ORIENTED_EDGE('',*,*,#2117,.F.);
#1372=ORIENTED_EDGE('',*,*,#1790,.F.);
#1373=ORIENTED_EDGE('',*,*,#2115,.T.);
#1374=ORIENTED_EDGE('',*,*,#2114,.T.);
#1375=ORIENTED_EDGE('',*,*,#2118,.F.);
#1376=ORIENTED_EDGE('',*,*,#2117,.T.);
#1377=ORIENTED_EDGE('',*,*,#2116,.T.);
#1378=ORIENTED_EDGE('',*,*,#2119,.F.);
#1379=ORIENTED_EDGE('',*,*,#1791,.T.);
#1380=ORIENTED_EDGE('',*,*,#2118,.T.);
#1381=ORIENTED_EDGE('',*,*,#1792,.F.);
#1382=ORIENTED_EDGE('',*,*,#2119,.T.);
#1383=ORIENTED_EDGE('',*,*,#1930,.F.);
#1384=ORIENTED_EDGE('',*,*,#2120,.F.);
#1385=ORIENTED_EDGE('',*,*,#1867,.F.);
#1386=ORIENTED_EDGE('',*,*,#1880,.F.);
#1387=ORIENTED_EDGE('',*,*,#1865,.F.);
#1388=ORIENTED_EDGE('',*,*,#2121,.F.);
#1389=ORIENTED_EDGE('',*,*,#2120,.T.);
#1390=ORIENTED_EDGE('',*,*,#2122,.F.);
#1391=ORIENTED_EDGE('',*,*,#1879,.F.);
#1392=ORIENTED_EDGE('',*,*,#1877,.F.);
#1393=ORIENTED_EDGE('',*,*,#2123,.F.);
#1394=ORIENTED_EDGE('',*,*,#1863,.F.);
#1395=ORIENTED_EDGE('',*,*,#2122,.T.);
#1396=ORIENTED_EDGE('',*,*,#1864,.F.);
#1397=ORIENTED_EDGE('',*,*,#2124,.F.);
#1398=ORIENTED_EDGE('',*,*,#1803,.F.);
#1399=ORIENTED_EDGE('',*,*,#2121,.T.);
#1400=ORIENTED_EDGE('',*,*,#1802,.F.);
#1401=ORIENTED_EDGE('',*,*,#2125,.F.);
#1402=ORIENTED_EDGE('',*,*,#1868,.F.);
#1403=ORIENTED_EDGE('',*,*,#1881,.F.);
#1404=ORIENTED_EDGE('',*,*,#1869,.F.);
#1405=ORIENTED_EDGE('',*,*,#2126,.F.);
#1406=ORIENTED_EDGE('',*,*,#1873,.F.);
#1407=ORIENTED_EDGE('',*,*,#2124,.T.);
#1408=ORIENTED_EDGE('',*,*,#2123,.T.);
#1409=ORIENTED_EDGE('',*,*,#2127,.F.);
#1410=ORIENTED_EDGE('',*,*,#2126,.T.);
#1411=ORIENTED_EDGE('',*,*,#2125,.T.);
#1412=ORIENTED_EDGE('',*,*,#2128,.F.);
#1413=ORIENTED_EDGE('',*,*,#2127,.T.);
#1414=ORIENTED_EDGE('',*,*,#1876,.F.);
#1415=ORIENTED_EDGE('',*,*,#2129,.F.);
#1416=ORIENTED_EDGE('',*,*,#1804,.F.);
#1417=ORIENTED_EDGE('',*,*,#2128,.T.);
#1418=ORIENTED_EDGE('',*,*,#1805,.F.);
#1419=ORIENTED_EDGE('',*,*,#2130,.F.);
#1420=ORIENTED_EDGE('',*,*,#1870,.F.);
#1421=ORIENTED_EDGE('',*,*,#2130,.T.);
#1422=ORIENTED_EDGE('',*,*,#2129,.T.);
#1423=ORIENTED_EDGE('',*,*,#2131,.F.);
#1424=ORIENTED_EDGE('',*,*,#1878,.F.);
#1425=ORIENTED_EDGE('',*,*,#1871,.F.);
#1426=ORIENTED_EDGE('',*,*,#2131,.T.);
#1427=ORIENTED_EDGE('',*,*,#1875,.F.);
#1428=ORIENTED_EDGE('',*,*,#1904,.F.);
#1429=ORIENTED_EDGE('',*,*,#2132,.T.);
#1430=ORIENTED_EDGE('',*,*,#1894,.F.);
#1431=ORIENTED_EDGE('',*,*,#2133,.T.);
#1432=ORIENTED_EDGE('',*,*,#1896,.F.);
#1433=ORIENTED_EDGE('',*,*,#2134,.T.);
#1434=ORIENTED_EDGE('',*,*,#1898,.F.);
#1435=ORIENTED_EDGE('',*,*,#2135,.T.);
#1436=ORIENTED_EDGE('',*,*,#1912,.F.);
#1437=ORIENTED_EDGE('',*,*,#2136,.T.);
#1438=ORIENTED_EDGE('',*,*,#1906,.F.);
#1439=ORIENTED_EDGE('',*,*,#2137,.T.);
#1440=ORIENTED_EDGE('',*,*,#1908,.F.);
#1441=ORIENTED_EDGE('',*,*,#2138,.T.);
#1442=ORIENTED_EDGE('',*,*,#1914,.F.);
#1443=ORIENTED_EDGE('',*,*,#2139,.T.);
#1444=ORIENTED_EDGE('',*,*,#1920,.F.);
#1445=ORIENTED_EDGE('',*,*,#2140,.T.);
#1446=ORIENTED_EDGE('',*,*,#1922,.F.);
#1447=ORIENTED_EDGE('',*,*,#2141,.T.);
#1448=ORIENTED_EDGE('',*,*,#1928,.F.);
#1449=ORIENTED_EDGE('',*,*,#2142,.T.);
#1450=ORIENTED_EDGE('',*,*,#1918,.F.);
#1451=ORIENTED_EDGE('',*,*,#2143,.T.);
#1452=ORIENTED_EDGE('',*,*,#1884,.F.);
#1453=ORIENTED_EDGE('',*,*,#2144,.T.);
#1454=ORIENTED_EDGE('',*,*,#1886,.F.);
#1455=ORIENTED_EDGE('',*,*,#2145,.T.);
#1456=ORIENTED_EDGE('',*,*,#1892,.F.);
#1457=ORIENTED_EDGE('',*,*,#2146,.T.);
#1458=ORIENTED_EDGE('',*,*,#1882,.F.);
#1459=ORIENTED_EDGE('',*,*,#2147,.T.);
#1460=ORIENTED_EDGE('',*,*,#1822,.F.);
#1461=ORIENTED_EDGE('',*,*,#2148,.T.);
#1462=ORIENTED_EDGE('',*,*,#1778,.F.);
#1463=ORIENTED_EDGE('',*,*,#2149,.T.);
#1464=ORIENTED_EDGE('',*,*,#1828,.F.);
#1465=ORIENTED_EDGE('',*,*,#2150,.T.);
#1466=ORIENTED_EDGE('',*,*,#1796,.F.);
#1467=ORIENTED_EDGE('',*,*,#2151,.F.);
#1468=ORIENTED_EDGE('',*,*,#2151,.T.);
#1469=ORIENTED_EDGE('',*,*,#2096,.F.);
#1470=ORIENTED_EDGE('',*,*,#2152,.F.);
#1471=ORIENTED_EDGE('',*,*,#1829,.F.);
#1472=ORIENTED_EDGE('',*,*,#2152,.T.);
#1473=ORIENTED_EDGE('',*,*,#1855,.F.);
#1474=ORIENTED_EDGE('',*,*,#2153,.F.);
#1475=ORIENTED_EDGE('',*,*,#1830,.F.);
#1476=ORIENTED_EDGE('',*,*,#2153,.T.);
#1477=ORIENTED_EDGE('',*,*,#2084,.F.);
#1478=ORIENTED_EDGE('',*,*,#2154,.F.);
#1479=ORIENTED_EDGE('',*,*,#1831,.F.);
#1480=ORIENTED_EDGE('',*,*,#1766,.F.);
#1481=ORIENTED_EDGE('',*,*,#2155,.T.);
#1482=ORIENTED_EDGE('',*,*,#1832,.F.);
#1483=ORIENTED_EDGE('',*,*,#2154,.T.);
#1484=ORIENTED_EDGE('',*,*,#1812,.F.);
#1485=ORIENTED_EDGE('',*,*,#2156,.T.);
#1486=ORIENTED_EDGE('',*,*,#1754,.F.);
#1487=ORIENTED_EDGE('',*,*,#2157,.F.);
#1488=ORIENTED_EDGE('',*,*,#2157,.T.);
#1489=ORIENTED_EDGE('',*,*,#2066,.F.);
#1490=ORIENTED_EDGE('',*,*,#2158,.F.);
#1491=ORIENTED_EDGE('',*,*,#1813,.F.);
#1492=ORIENTED_EDGE('',*,*,#2158,.T.);
#1493=ORIENTED_EDGE('',*,*,#1859,.F.);
#1494=ORIENTED_EDGE('',*,*,#2159,.F.);
#1495=ORIENTED_EDGE('',*,*,#1814,.F.);
#1496=ORIENTED_EDGE('',*,*,#2159,.T.);
#1497=ORIENTED_EDGE('',*,*,#2076,.F.);
#1498=ORIENTED_EDGE('',*,*,#2160,.F.);
#1499=ORIENTED_EDGE('',*,*,#1815,.F.);
#1500=ORIENTED_EDGE('',*,*,#1784,.F.);
#1501=ORIENTED_EDGE('',*,*,#2161,.T.);
#1502=ORIENTED_EDGE('',*,*,#1816,.F.);
#1503=ORIENTED_EDGE('',*,*,#2160,.T.);
#1504=ORIENTED_EDGE('',*,*,#1760,.F.);
#1505=ORIENTED_EDGE('',*,*,#2162,.T.);
#1506=ORIENTED_EDGE('',*,*,#1806,.F.);
#1507=ORIENTED_EDGE('',*,*,#2163,.T.);
#1508=ORIENTED_EDGE('',*,*,#2164,.F.);
#1509=ORIENTED_EDGE('',*,*,#1905,.F.);
#1510=ORIENTED_EDGE('',*,*,#2165,.F.);
#1511=ORIENTED_EDGE('',*,*,#1755,.F.);
#1512=ORIENTED_EDGE('',*,*,#2165,.T.);
#1513=ORIENTED_EDGE('',*,*,#2133,.F.);
#1514=ORIENTED_EDGE('',*,*,#2166,.F.);
#1515=ORIENTED_EDGE('',*,*,#1756,.F.);
#1516=ORIENTED_EDGE('',*,*,#2164,.T.);
#1517=ORIENTED_EDGE('',*,*,#2156,.F.);
#1518=ORIENTED_EDGE('',*,*,#2167,.F.);
#1519=ORIENTED_EDGE('',*,*,#1902,.F.);
#1520=ORIENTED_EDGE('',*,*,#2166,.T.);
#1521=ORIENTED_EDGE('',*,*,#1897,.F.);
#1522=ORIENTED_EDGE('',*,*,#2168,.F.);
#1523=ORIENTED_EDGE('',*,*,#1757,.F.);
#1524=ORIENTED_EDGE('',*,*,#2167,.T.);
#1525=ORIENTED_EDGE('',*,*,#1811,.F.);
#1526=ORIENTED_EDGE('',*,*,#2169,.F.);
#1527=ORIENTED_EDGE('',*,*,#1903,.F.);
#1528=ORIENTED_EDGE('',*,*,#2168,.T.);
#1529=ORIENTED_EDGE('',*,*,#2135,.F.);
#1530=ORIENTED_EDGE('',*,*,#2170,.F.);
#1531=ORIENTED_EDGE('',*,*,#1758,.F.);
#1532=ORIENTED_EDGE('',*,*,#2169,.T.);
#1533=ORIENTED_EDGE('',*,*,#1810,.F.);
#1534=ORIENTED_EDGE('',*,*,#2171,.F.);
#1535=ORIENTED_EDGE('',*,*,#2132,.F.);
#1536=ORIENTED_EDGE('',*,*,#2170,.T.);
#1537=ORIENTED_EDGE('',*,*,#1901,.F.);
#1538=ORIENTED_EDGE('',*,*,#2172,.F.);
#1539=ORIENTED_EDGE('',*,*,#1759,.F.);
#1540=ORIENTED_EDGE('',*,*,#2171,.T.);
#1541=ORIENTED_EDGE('',*,*,#1809,.F.);
#1542=ORIENTED_EDGE('',*,*,#2173,.F.);
#1543=ORIENTED_EDGE('',*,*,#1895,.F.);
#1544=ORIENTED_EDGE('',*,*,#2172,.T.);
#1545=ORIENTED_EDGE('',*,*,#1900,.F.);
#1546=ORIENTED_EDGE('',*,*,#2174,.F.);
#1547=ORIENTED_EDGE('',*,*,#2162,.F.);
#1548=ORIENTED_EDGE('',*,*,#2173,.T.);
#1549=ORIENTED_EDGE('',*,*,#1808,.F.);
#1550=ORIENTED_EDGE('',*,*,#2175,.F.);
#1551=ORIENTED_EDGE('',*,*,#2134,.F.);
#1552=ORIENTED_EDGE('',*,*,#2174,.T.);
#1553=ORIENTED_EDGE('',*,*,#1899,.F.);
#1554=ORIENTED_EDGE('',*,*,#2175,.T.);
#1555=ORIENTED_EDGE('',*,*,#1807,.F.);
#1556=ORIENTED_EDGE('',*,*,#2176,.F.);
#1557=ORIENTED_EDGE('',*,*,#1929,.F.);
#1558=ORIENTED_EDGE('',*,*,#2177,.F.);
#1559=ORIENTED_EDGE('',*,*,#1817,.F.);
#1560=ORIENTED_EDGE('',*,*,#2177,.T.);
#1561=ORIENTED_EDGE('',*,*,#2143,.F.);
#1562=ORIENTED_EDGE('',*,*,#2178,.F.);
#1563=ORIENTED_EDGE('',*,*,#1818,.F.);
#1564=ORIENTED_EDGE('',*,*,#2176,.T.);
#1565=ORIENTED_EDGE('',*,*,#2161,.F.);
#1566=ORIENTED_EDGE('',*,*,#2179,.F.);
#1567=ORIENTED_EDGE('',*,*,#1926,.F.);
#1568=ORIENTED_EDGE('',*,*,#2178,.T.);
#1569=ORIENTED_EDGE('',*,*,#1921,.F.);
#1570=ORIENTED_EDGE('',*,*,#2180,.F.);
#1571=ORIENTED_EDGE('',*,*,#1819,.F.);
#1572=ORIENTED_EDGE('',*,*,#2179,.T.);
#1573=ORIENTED_EDGE('',*,*,#1783,.F.);
#1574=ORIENTED_EDGE('',*,*,#2181,.F.);
#1575=ORIENTED_EDGE('',*,*,#1927,.F.);
#1576=ORIENTED_EDGE('',*,*,#2180,.T.);
#1577=ORIENTED_EDGE('',*,*,#2141,.F.);
#1578=ORIENTED_EDGE('',*,*,#2182,.F.);
#1579=ORIENTED_EDGE('',*,*,#1820,.F.);
#1580=ORIENTED_EDGE('',*,*,#2181,.T.);
#1581=ORIENTED_EDGE('',*,*,#1782,.F.);
#1582=ORIENTED_EDGE('',*,*,#2183,.F.);
#1583=ORIENTED_EDGE('',*,*,#2142,.F.);
#1584=ORIENTED_EDGE('',*,*,#2182,.T.);
#1585=ORIENTED_EDGE('',*,*,#1925,.F.);
#1586=ORIENTED_EDGE('',*,*,#2184,.F.);
#1587=ORIENTED_EDGE('',*,*,#1821,.F.);
#1588=ORIENTED_EDGE('',*,*,#2183,.T.);
#1589=ORIENTED_EDGE('',*,*,#1781,.F.);
#1590=ORIENTED_EDGE('',*,*,#2185,.F.);
#1591=ORIENTED_EDGE('',*,*,#1919,.F.);
#1592=ORIENTED_EDGE('',*,*,#2184,.T.);
#1593=ORIENTED_EDGE('',*,*,#1924,.F.);
#1594=ORIENTED_EDGE('',*,*,#2186,.F.);
#1595=ORIENTED_EDGE('',*,*,#2148,.F.);
#1596=ORIENTED_EDGE('',*,*,#2185,.T.);
#1597=ORIENTED_EDGE('',*,*,#1780,.F.);
#1598=ORIENTED_EDGE('',*,*,#2187,.F.);
#1599=ORIENTED_EDGE('',*,*,#2140,.F.);
#1600=ORIENTED_EDGE('',*,*,#2186,.T.);
#1601=ORIENTED_EDGE('',*,*,#1923,.F.);
#1602=ORIENTED_EDGE('',*,*,#2187,.T.);
#1603=ORIENTED_EDGE('',*,*,#1779,.F.);
#1604=ORIENTED_EDGE('',*,*,#2188,.F.);
#1605=ORIENTED_EDGE('',*,*,#1913,.F.);
#1606=ORIENTED_EDGE('',*,*,#2189,.F.);
#1607=ORIENTED_EDGE('',*,*,#1761,.F.);
#1608=ORIENTED_EDGE('',*,*,#2189,.T.);
#1609=ORIENTED_EDGE('',*,*,#2137,.F.);
#1610=ORIENTED_EDGE('',*,*,#2190,.F.);
#1611=ORIENTED_EDGE('',*,*,#1762,.F.);
#1612=ORIENTED_EDGE('',*,*,#2188,.T.);
#1613=ORIENTED_EDGE('',*,*,#2163,.F.);
#1614=ORIENTED_EDGE('',*,*,#2191,.F.);
#1615=ORIENTED_EDGE('',*,*,#1910,.F.);
#1616=ORIENTED_EDGE('',*,*,#2190,.T.);
#1617=ORIENTED_EDGE('',*,*,#1909,.F.);
#1618=ORIENTED_EDGE('',*,*,#2192,.F.);
#1619=ORIENTED_EDGE('',*,*,#1763,.F.);
#1620=ORIENTED_EDGE('',*,*,#2191,.T.);
#1621=ORIENTED_EDGE('',*,*,#1837,.F.);
#1622=ORIENTED_EDGE('',*,*,#2193,.F.);
#1623=ORIENTED_EDGE('',*,*,#1911,.F.);
#1624=ORIENTED_EDGE('',*,*,#2192,.T.);
#1625=ORIENTED_EDGE('',*,*,#2139,.F.);
#1626=ORIENTED_EDGE('',*,*,#2194,.F.);
#1627=ORIENTED_EDGE('',*,*,#1764,.F.);
#1628=ORIENTED_EDGE('',*,*,#2193,.T.);
#1629=ORIENTED_EDGE('',*,*,#1836,.F.);
#1630=ORIENTED_EDGE('',*,*,#2195,.F.);
#1631=ORIENTED_EDGE('',*,*,#2136,.F.);
#1632=ORIENTED_EDGE('',*,*,#2194,.T.);
#1633=ORIENTED_EDGE('',*,*,#1917,.F.);
#1634=ORIENTED_EDGE('',*,*,#2196,.F.);
#1635=ORIENTED_EDGE('',*,*,#1765,.F.);
#1636=ORIENTED_EDGE('',*,*,#2195,.T.);
#1637=ORIENTED_EDGE('',*,*,#1835,.F.);
#1638=ORIENTED_EDGE('',*,*,#2197,.F.);
#1639=ORIENTED_EDGE('',*,*,#1907,.F.);
#1640=ORIENTED_EDGE('',*,*,#2196,.T.);
#1641=ORIENTED_EDGE('',*,*,#1916,.F.);
#1642=ORIENTED_EDGE('',*,*,#2198,.F.);
#1643=ORIENTED_EDGE('',*,*,#2155,.F.);
#1644=ORIENTED_EDGE('',*,*,#2197,.T.);
#1645=ORIENTED_EDGE('',*,*,#1834,.F.);
#1646=ORIENTED_EDGE('',*,*,#2199,.F.);
#1647=ORIENTED_EDGE('',*,*,#2138,.F.);
#1648=ORIENTED_EDGE('',*,*,#2198,.T.);
#1649=ORIENTED_EDGE('',*,*,#1915,.F.);
#1650=ORIENTED_EDGE('',*,*,#2199,.T.);
#1651=ORIENTED_EDGE('',*,*,#1833,.F.);
#1652=ORIENTED_EDGE('',*,*,#2200,.F.);
#1653=ORIENTED_EDGE('',*,*,#1893,.F.);
#1654=ORIENTED_EDGE('',*,*,#2201,.F.);
#1655=ORIENTED_EDGE('',*,*,#1797,.F.);
#1656=ORIENTED_EDGE('',*,*,#2201,.T.);
#1657=ORIENTED_EDGE('',*,*,#2147,.F.);
#1658=ORIENTED_EDGE('',*,*,#2202,.F.);
#1659=ORIENTED_EDGE('',*,*,#1798,.F.);
#1660=ORIENTED_EDGE('',*,*,#2200,.T.);
#1661=ORIENTED_EDGE('',*,*,#2150,.F.);
#1662=ORIENTED_EDGE('',*,*,#2203,.F.);
#1663=ORIENTED_EDGE('',*,*,#1890,.F.);
#1664=ORIENTED_EDGE('',*,*,#2202,.T.);
#1665=ORIENTED_EDGE('',*,*,#1885,.F.);
#1666=ORIENTED_EDGE('',*,*,#2204,.F.);
#1667=ORIENTED_EDGE('',*,*,#1799,.F.);
#1668=ORIENTED_EDGE('',*,*,#2203,.T.);
#1669=ORIENTED_EDGE('',*,*,#1827,.F.);
#1670=ORIENTED_EDGE('',*,*,#2205,.F.);
#1671=ORIENTED_EDGE('',*,*,#1891,.F.);
#1672=ORIENTED_EDGE('',*,*,#2204,.T.);
#1673=ORIENTED_EDGE('',*,*,#2145,.F.);
#1674=ORIENTED_EDGE('',*,*,#2206,.F.);
#1675=ORIENTED_EDGE('',*,*,#1800,.F.);
#1676=ORIENTED_EDGE('',*,*,#2205,.T.);
#1677=ORIENTED_EDGE('',*,*,#1826,.F.);
#1678=ORIENTED_EDGE('',*,*,#2207,.F.);
#1679=ORIENTED_EDGE('',*,*,#2146,.F.);
#1680=ORIENTED_EDGE('',*,*,#2206,.T.);
#1681=ORIENTED_EDGE('',*,*,#1889,.F.);
#1682=ORIENTED_EDGE('',*,*,#2208,.F.);
#1683=ORIENTED_EDGE('',*,*,#1801,.F.);
#1684=ORIENTED_EDGE('',*,*,#2207,.T.);
#1685=ORIENTED_EDGE('',*,*,#1825,.F.);
#1686=ORIENTED_EDGE('',*,*,#2209,.F.);
#1687=ORIENTED_EDGE('',*,*,#1883,.F.);
#1688=ORIENTED_EDGE('',*,*,#2208,.T.);
#1689=ORIENTED_EDGE('',*,*,#1888,.F.);
#1690=ORIENTED_EDGE('',*,*,#2210,.F.);
#1691=ORIENTED_EDGE('',*,*,#2149,.F.);
#1692=ORIENTED_EDGE('',*,*,#2209,.T.);
#1693=ORIENTED_EDGE('',*,*,#1824,.F.);
#1694=ORIENTED_EDGE('',*,*,#2211,.F.);
#1695=ORIENTED_EDGE('',*,*,#2144,.F.);
#1696=ORIENTED_EDGE('',*,*,#2210,.T.);
#1697=ORIENTED_EDGE('',*,*,#1887,.F.);
#1698=ORIENTED_EDGE('',*,*,#2211,.T.);
#1699=ORIENTED_EDGE('',*,*,#1823,.F.);
#1700=EDGE_CURVE('',#2212,#2213,#2512,.T.);
#1701=EDGE_CURVE('',#2213,#2214,#180,.T.);
#1702=EDGE_CURVE('',#2214,#2215,#2513,.T.);
#1703=EDGE_CURVE('',#2215,#2216,#181,.F.);
#1704=EDGE_CURVE('',#2216,#2217,#2514,.T.);
#1705=EDGE_CURVE('',#2217,#2218,#172,.T.);
#1706=EDGE_CURVE('',#2218,#2219,#182,.F.);
#1707=EDGE_CURVE('',#2219,#2220,#173,.T.);
#1708=EDGE_CURVE('',#2221,#2220,#2515,.F.);
#1709=EDGE_CURVE('',#2221,#2222,#183,.F.);
#1710=EDGE_CURVE('',#2222,#2223,#2516,.F.);
#1711=EDGE_CURVE('',#2223,#2224,#184,.T.);
#1712=EDGE_CURVE('',#2225,#2224,#2517,.F.);
#1713=EDGE_CURVE('',#2225,#2226,#174,.T.);
#1714=EDGE_CURVE('',#2226,#2227,#185,.T.);
#1715=EDGE_CURVE('',#2227,#2212,#175,.T.);
#1716=EDGE_CURVE('',#2228,#2229,#2518,.F.);
#1717=EDGE_CURVE('',#2229,#2230,#186,.T.);
#1718=EDGE_CURVE('',#2230,#2231,#2519,.F.);
#1719=EDGE_CURVE('',#2231,#2232,#187,.F.);
#1720=EDGE_CURVE('',#2232,#2233,#2520,.F.);
#1721=EDGE_CURVE('',#2233,#2234,#188,.F.);
#1722=EDGE_CURVE('',#2234,#2235,#2521,.F.);
#1723=EDGE_CURVE('',#2235,#2236,#189,.F.);
#1724=EDGE_CURVE('',#2236,#2237,#2522,.F.);
#1725=EDGE_CURVE('',#2237,#2238,#190,.T.);
#1726=EDGE_CURVE('',#2238,#2239,#2523,.F.);
#1727=EDGE_CURVE('',#2239,#2228,#191,.T.);
#1728=EDGE_CURVE('',#2240,#2241,#192,.F.);
#1729=EDGE_CURVE('',#2240,#2242,#2524,.F.);
#1730=EDGE_CURVE('',#2243,#2242,#193,.F.);
#1731=EDGE_CURVE('',#2243,#2244,#2525,.F.);
#1732=EDGE_CURVE('',#2245,#2244,#194,.F.);
#1733=EDGE_CURVE('',#2245,#2246,#2526,.F.);
#1734=EDGE_CURVE('',#2247,#2246,#195,.T.);
#1735=EDGE_CURVE('',#2247,#2248,#2527,.F.);
#1736=EDGE_CURVE('',#2249,#2248,#196,.T.);
#1737=EDGE_CURVE('',#2249,#2250,#2528,.F.);
#1738=EDGE_CURVE('',#2251,#2250,#197,.T.);
#1739=EDGE_CURVE('',#2251,#2241,#2529,.F.);
#1740=EDGE_CURVE('',#2240,#2252,#198,.F.);
#1741=EDGE_CURVE('',#2253,#2252,#199,.T.);
#1742=EDGE_CURVE('',#2254,#2253,#2530,.T.);
#1743=EDGE_CURVE('',#2255,#2254,#200,.T.);
#1744=EDGE_CURVE('',#2250,#2255,#201,.F.);
#1745=EDGE_CURVE('',#2256,#2249,#202,.T.);
#1746=EDGE_CURVE('',#2257,#2256,#2531,.T.);
#1747=EDGE_CURVE('',#2242,#2257,#203,.T.);
#1748=EDGE_CURVE('',#2244,#2258,#204,.T.);
#1749=EDGE_CURVE('',#2243,#2259,#205,.T.);
#1750=EDGE_CURVE('',#2259,#2260,#2532,.F.);
#1751=EDGE_CURVE('',#2260,#2248,#206,.T.);
#1752=EDGE_CURVE('',#2261,#2247,#207,.T.);
#1753=EDGE_CURVE('',#2258,#2261,#2533,.F.);
#1754=EDGE_CURVE('',#2262,#2263,#208,.F.);
#1755=EDGE_CURVE('',#2263,#2264,#209,.T.);
#1756=EDGE_CURVE('',#2264,#2265,#74,.T.);
#1757=EDGE_CURVE('',#2265,#2266,#210,.F.);
#1758=EDGE_CURVE('',#2266,#2267,#75,.T.);
#1759=EDGE_CURVE('',#2267,#2268,#211,.F.);
#1760=EDGE_CURVE('',#2268,#2269,#212,.F.);
#1761=EDGE_CURVE('',#2269,#2270,#213,.T.);
#1762=EDGE_CURVE('',#2270,#2271,#76,.T.);
#1763=EDGE_CURVE('',#2271,#2272,#214,.T.);
#1764=EDGE_CURVE('',#2272,#2273,#77,.T.);
#1765=EDGE_CURVE('',#2273,#2274,#215,.F.);
#1766=EDGE_CURVE('',#2274,#2275,#216,.F.);
#1767=EDGE_CURVE('',#2275,#2276,#217,.T.);
#1768=EDGE_CURVE('',#2276,#2277,#218,.T.);
#1769=EDGE_CURVE('',#2277,#2278,#2534,.T.);
#1770=EDGE_CURVE('',#2278,#2279,#219,.T.);
#1771=EDGE_CURVE('',#2280,#2279,#2535,.F.);
#1772=EDGE_CURVE('',#2280,#2281,#2536,.T.);
#1773=EDGE_CURVE('',#2282,#2281,#2537,.F.);
#1774=EDGE_CURVE('',#2282,#2283,#220,.F.);
#1775=EDGE_CURVE('',#2283,#2284,#2538,.T.);
#1776=EDGE_CURVE('',#2284,#2285,#221,.T.);
#1777=EDGE_CURVE('',#2285,#2262,#222,.F.);
#1778=EDGE_CURVE('',#2286,#2287,#223,.T.);
#1779=EDGE_CURVE('',#2287,#2288,#224,.T.);
#1780=EDGE_CURVE('',#2288,#2289,#78,.F.);
#1781=EDGE_CURVE('',#2289,#2290,#225,.T.);
#1782=EDGE_CURVE('',#2290,#2291,#79,.F.);
#1783=EDGE_CURVE('',#2291,#2292,#226,.F.);
#1784=EDGE_CURVE('',#2292,#2293,#227,.T.);
#1785=EDGE_CURVE('',#2293,#2294,#228,.T.);
#1786=EDGE_CURVE('',#2294,#2295,#229,.F.);
#1787=EDGE_CURVE('',#2295,#2296,#2539,.F.);
#1788=EDGE_CURVE('',#2296,#2297,#230,.T.);
#1789=EDGE_CURVE('',#2298,#2297,#2540,.T.);
#1790=EDGE_CURVE('',#2298,#2299,#2541,.F.);
#1791=EDGE_CURVE('',#2300,#2299,#2542,.T.);
#1792=EDGE_CURVE('',#2300,#2301,#231,.F.);
#1793=EDGE_CURVE('',#2301,#2302,#2543,.F.);
#1794=EDGE_CURVE('',#2302,#2303,#232,.F.);
#1795=EDGE_CURVE('',#2303,#2304,#233,.F.);
#1796=EDGE_CURVE('',#2304,#2305,#234,.T.);
#1797=EDGE_CURVE('',#2305,#2306,#235,.T.);
#1798=EDGE_CURVE('',#2306,#2307,#80,.F.);
#1799=EDGE_CURVE('',#2307,#2308,#236,.F.);
#1800=EDGE_CURVE('',#2308,#2309,#81,.F.);
#1801=EDGE_CURVE('',#2309,#2286,#237,.F.);
#1802=EDGE_CURVE('',#2310,#2311,#238,.F.);
#1803=EDGE_CURVE('',#2311,#2312,#239,.T.);
#1804=EDGE_CURVE('',#2312,#2313,#240,.T.);
#1805=EDGE_CURVE('',#2313,#2310,#241,.F.);
#1806=EDGE_CURVE('',#2314,#2315,#242,.T.);
#1807=EDGE_CURVE('',#2315,#2316,#243,.T.);
#1808=EDGE_CURVE('',#2316,#2317,#82,.T.);
#1809=EDGE_CURVE('',#2317,#2318,#244,.T.);
#1810=EDGE_CURVE('',#2318,#2319,#83,.T.);
#1811=EDGE_CURVE('',#2319,#2320,#245,.F.);
#1812=EDGE_CURVE('',#2320,#2321,#246,.T.);
#1813=EDGE_CURVE('',#2321,#2322,#2544,.T.);
#1814=EDGE_CURVE('',#2322,#2323,#247,.T.);
#1815=EDGE_CURVE('',#2323,#2324,#2545,.T.);
#1816=EDGE_CURVE('',#2324,#2325,#248,.F.);
#1817=EDGE_CURVE('',#2325,#2326,#249,.T.);
#1818=EDGE_CURVE('',#2326,#2327,#84,.T.);
#1819=EDGE_CURVE('',#2327,#2328,#250,.F.);
#1820=EDGE_CURVE('',#2328,#2329,#85,.T.);
#1821=EDGE_CURVE('',#2329,#2330,#251,.F.);
#1822=EDGE_CURVE('',#2330,#2331,#252,.F.);
#1823=EDGE_CURVE('',#2331,#2332,#253,.T.);
#1824=EDGE_CURVE('',#2332,#2333,#86,.T.);
#1825=EDGE_CURVE('',#2333,#2334,#254,.T.);
#1826=EDGE_CURVE('',#2334,#2335,#87,.T.);
#1827=EDGE_CURVE('',#2335,#2336,#255,.F.);
#1828=EDGE_CURVE('',#2336,#2337,#256,.F.);
#1829=EDGE_CURVE('',#2337,#2338,#2546,.T.);
#1830=EDGE_CURVE('',#2338,#2339,#257,.F.);
#1831=EDGE_CURVE('',#2339,#2340,#2547,.T.);
#1832=EDGE_CURVE('',#2340,#2341,#258,.T.);
#1833=EDGE_CURVE('',#2341,#2342,#259,.T.);
#1834=EDGE_CURVE('',#2342,#2343,#88,.T.);
#1835=EDGE_CURVE('',#2343,#2344,#260,.F.);
#1836=EDGE_CURVE('',#2344,#2345,#89,.T.);
#1837=EDGE_CURVE('',#2345,#2314,#261,.F.);
#1838=EDGE_CURVE('',#2346,#2347,#262,.T.);
#1839=EDGE_CURVE('',#2347,#2348,#263,.T.);
#1840=EDGE_CURVE('',#2348,#2349,#264,.F.);
#1841=EDGE_CURVE('',#2349,#2350,#265,.T.);
#1842=EDGE_CURVE('',#2350,#2351,#266,.T.);
#1843=EDGE_CURVE('',#2351,#2352,#267,.F.);
#1844=EDGE_CURVE('',#2352,#2353,#268,.F.);
#1845=EDGE_CURVE('',#2353,#2346,#269,.F.);
#1846=EDGE_CURVE('',#2354,#2355,#270,.F.);
#1847=EDGE_CURVE('',#2355,#2356,#271,.F.);
#1848=EDGE_CURVE('',#2356,#2357,#272,.T.);
#1849=EDGE_CURVE('',#2357,#2358,#273,.T.);
#1850=EDGE_CURVE('',#2358,#2359,#274,.F.);
#1851=EDGE_CURVE('',#2359,#2360,#275,.T.);
#1852=EDGE_CURVE('',#2360,#2361,#276,.T.);
#1853=EDGE_CURVE('',#2361,#2354,#277,.F.);
#1854=EDGE_CURVE('',#2362,#2363,#278,.F.);
#1855=EDGE_CURVE('',#2363,#2364,#279,.T.);
#1856=EDGE_CURVE('',#2364,#2365,#280,.T.);
#1857=EDGE_CURVE('',#2365,#2362,#281,.F.);
#1858=EDGE_CURVE('',#2366,#2367,#282,.F.);
#1859=EDGE_CURVE('',#2367,#2368,#283,.F.);
#1860=EDGE_CURVE('',#2368,#2369,#284,.T.);
#1861=EDGE_CURVE('',#2369,#2366,#285,.T.);
#1862=EDGE_CURVE('',#2370,#2371,#286,.T.);
#1863=EDGE_CURVE('',#2371,#2372,#287,.T.);
#1864=EDGE_CURVE('',#2372,#2373,#288,.F.);
#1865=EDGE_CURVE('',#2373,#2370,#289,.F.);
#1866=EDGE_CURVE('',#2374,#2375,#290,.T.);
#1867=EDGE_CURVE('',#2374,#2376,#291,.T.);
#1868=EDGE_CURVE('',#2376,#2377,#292,.T.);
#1869=EDGE_CURVE('',#2377,#2375,#293,.F.);
#1870=EDGE_CURVE('',#2378,#2379,#294,.T.);
#1871=EDGE_CURVE('',#2379,#2380,#295,.F.);
#1872=EDGE_CURVE('',#2381,#2380,#296,.T.);
#1873=EDGE_CURVE('',#2381,#2378,#297,.T.);
#1874=EDGE_CURVE('',#2382,#2383,#298,.T.);
#1875=EDGE_CURVE('',#2383,#2384,#299,.T.);
#1876=EDGE_CURVE('',#2384,#2385,#300,.F.);
#1877=EDGE_CURVE('',#2385,#2382,#301,.F.);
#1878=EDGE_CURVE('',#2380,#2383,#2548,.T.);
#1879=EDGE_CURVE('',#2382,#2371,#2549,.T.);
#1880=EDGE_CURVE('',#2370,#2374,#2550,.T.);
#1881=EDGE_CURVE('',#2375,#2381,#2551,.T.);
#1882=EDGE_CURVE('',#2386,#2387,#302,.T.);
#1883=EDGE_CURVE('',#2387,#2388,#303,.F.);
#1884=EDGE_CURVE('',#2388,#2389,#304,.F.);
#1885=EDGE_CURVE('',#2389,#2386,#305,.T.);
#1886=EDGE_CURVE('',#2390,#2391,#306,.T.);
#1887=EDGE_CURVE('',#2391,#2392,#307,.F.);
#1888=EDGE_CURVE('',#2392,#2393,#2552,.F.);
#1889=EDGE_CURVE('',#2393,#2390,#308,.T.);
#1890=EDGE_CURVE('',#2394,#2395,#2553,.T.);
#1891=EDGE_CURVE('',#2395,#2396,#309,.T.);
#1892=EDGE_CURVE('',#2396,#2397,#310,.F.);
#1893=EDGE_CURVE('',#2397,#2394,#311,.F.);
#1894=EDGE_CURVE('',#2398,#2399,#312,.T.);
#1895=EDGE_CURVE('',#2399,#2400,#313,.F.);
#1896=EDGE_CURVE('',#2400,#2401,#314,.F.);
#1897=EDGE_CURVE('',#2401,#2398,#315,.T.);
#1898=EDGE_CURVE('',#2402,#2403,#316,.T.);
#1899=EDGE_CURVE('',#2403,#2404,#317,.F.);
#1900=EDGE_CURVE('',#2404,#2405,#2554,.F.);
#1901=EDGE_CURVE('',#2405,#2402,#318,.T.);
#1902=EDGE_CURVE('',#2406,#2407,#2555,.T.);
#1903=EDGE_CURVE('',#2407,#2408,#319,.T.);
#1904=EDGE_CURVE('',#2408,#2409,#320,.F.);
#1905=EDGE_CURVE('',#2409,#2406,#321,.F.);
#1906=EDGE_CURVE('',#2410,#2411,#322,.T.);
#1907=EDGE_CURVE('',#2411,#2412,#323,.T.);
#1908=EDGE_CURVE('',#2412,#2413,#324,.F.);
#1909=EDGE_CURVE('',#2413,#2410,#325,.F.);
#1910=EDGE_CURVE('',#2414,#2415,#2556,.F.);
#1911=EDGE_CURVE('',#2415,#2416,#326,.T.);
#1912=EDGE_CURVE('',#2416,#2417,#327,.F.);
#1913=EDGE_CURVE('',#2417,#2414,#328,.F.);
#1914=EDGE_CURVE('',#2418,#2419,#329,.T.);
#1915=EDGE_CURVE('',#2419,#2420,#330,.F.);
#1916=EDGE_CURVE('',#2420,#2421,#2557,.T.);
#1917=EDGE_CURVE('',#2421,#2418,#331,.T.);
#1918=EDGE_CURVE('',#2422,#2423,#332,.F.);
#1919=EDGE_CURVE('',#2423,#2424,#333,.F.);
#1920=EDGE_CURVE('',#2424,#2425,#334,.T.);
#1921=EDGE_CURVE('',#2425,#2422,#335,.T.);
#1922=EDGE_CURVE('',#2426,#2427,#336,.F.);
#1923=EDGE_CURVE('',#2427,#2428,#337,.F.);
#1924=EDGE_CURVE('',#2428,#2429,#2558,.F.);
#1925=EDGE_CURVE('',#2429,#2426,#338,.T.);
#1926=EDGE_CURVE('',#2430,#2431,#2559,.T.);
#1927=EDGE_CURVE('',#2431,#2432,#339,.T.);
#1928=EDGE_CURVE('',#2432,#2433,#340,.T.);
#1929=EDGE_CURVE('',#2433,#2430,#341,.F.);
#1930=EDGE_CURVE('',#2434,#2435,#342,.T.);
#1931=EDGE_CURVE('',#2435,#2436,#343,.T.);
#1932=EDGE_CURVE('',#2437,#2436,#344,.T.);
#1933=EDGE_CURVE('',#2437,#2438,#2560,.F.);
#1934=EDGE_CURVE('',#2438,#2434,#345,.T.);
#1935=EDGE_CURVE('',#2439,#2440,#2561,.T.);
#1936=EDGE_CURVE('',#2440,#2441,#346,.F.);
#1937=EDGE_CURVE('',#2441,#2442,#2562,.F.);
#1938=EDGE_CURVE('',#2442,#2439,#347,.T.);
#1939=EDGE_CURVE('',#2212,#2443,#348,.T.);
#1940=EDGE_CURVE('',#2443,#2437,#2563,.T.);
#1941=EDGE_CURVE('',#2436,#2213,#2564,.T.);
#1942=EDGE_CURVE('',#2444,#2445,#2565,.F.);
#1943=EDGE_CURVE('',#2445,#2446,#349,.F.);
#1944=EDGE_CURVE('',#2446,#2447,#2566,.F.);
#1945=EDGE_CURVE('',#2447,#2444,#350,.T.);
#1946=EDGE_CURVE('',#2448,#2449,#351,.T.);
#1947=EDGE_CURVE('',#2449,#2450,#352,.T.);
#1948=EDGE_CURVE('',#2451,#2450,#353,.T.);
#1949=EDGE_CURVE('',#2451,#2452,#2567,.T.);
#1950=EDGE_CURVE('',#2452,#2448,#354,.F.);
#1951=EDGE_CURVE('',#2220,#2453,#355,.F.);
#1952=EDGE_CURVE('',#2453,#2451,#2568,.T.);
#1953=EDGE_CURVE('',#2450,#2221,#2569,.T.);
#1954=EDGE_CURVE('',#2454,#2455,#356,.T.);
#1955=EDGE_CURVE('',#2455,#2456,#357,.T.);
#1956=EDGE_CURVE('',#2456,#2457,#358,.F.);
#1957=EDGE_CURVE('',#2457,#2458,#359,.F.);
#1958=EDGE_CURVE('',#2458,#2454,#2570,.F.);
#1959=EDGE_CURVE('',#2459,#2460,#2571,.F.);
#1960=EDGE_CURVE('',#2460,#2461,#360,.T.);
#1961=EDGE_CURVE('',#2461,#2462,#2572,.F.);
#1962=EDGE_CURVE('',#2462,#2459,#361,.F.);
#1963=EDGE_CURVE('',#2454,#2463,#2573,.T.);
#1964=EDGE_CURVE('',#2463,#2225,#362,.F.);
#1965=EDGE_CURVE('',#2224,#2455,#2574,.T.);
#1966=EDGE_CURVE('',#2464,#2465,#2575,.F.);
#1967=EDGE_CURVE('',#2465,#2466,#363,.T.);
#1968=EDGE_CURVE('',#2466,#2467,#2576,.T.);
#1969=EDGE_CURVE('',#2467,#2464,#364,.F.);
#1970=EDGE_CURVE('',#2468,#2469,#365,.T.);
#1971=EDGE_CURVE('',#2469,#2470,#366,.T.);
#1972=EDGE_CURVE('',#2470,#2471,#367,.F.);
#1973=EDGE_CURVE('',#2471,#2472,#368,.T.);
#1974=EDGE_CURVE('',#2472,#2468,#2577,.T.);
#1975=EDGE_CURVE('',#2468,#2473,#2578,.T.);
#1976=EDGE_CURVE('',#2473,#2217,#369,.T.);
#1977=EDGE_CURVE('',#2216,#2469,#2579,.T.);
#1978=EDGE_CURVE('',#2256,#2260,#370,.T.);
#1979=EDGE_CURVE('',#2257,#2259,#371,.T.);
#1980=EDGE_CURVE('',#2474,#2475,#372,.T.);
#1981=EDGE_CURVE('',#2475,#2235,#373,.T.);
#1982=EDGE_CURVE('',#2234,#2476,#374,.T.);
#1983=EDGE_CURVE('',#2477,#2476,#2580,.T.);
#1984=EDGE_CURVE('',#2477,#2239,#375,.T.);
#1985=EDGE_CURVE('',#2478,#2238,#376,.T.);
#1986=EDGE_CURVE('',#2478,#2479,#377,.T.);
#1987=EDGE_CURVE('',#2479,#2474,#2581,.T.);
#1988=EDGE_CURVE('',#2477,#2480,#378,.T.);
#1989=EDGE_CURVE('',#2480,#2228,#379,.T.);
#1990=EDGE_CURVE('',#2481,#2482,#2582,.F.);
#1991=EDGE_CURVE('',#2481,#2229,#380,.T.);
#1992=EDGE_CURVE('',#2480,#2483,#2583,.F.);
#1993=EDGE_CURVE('',#2233,#2483,#381,.T.);
#1994=EDGE_CURVE('',#2232,#2482,#382,.T.);
#1995=EDGE_CURVE('',#2476,#2483,#383,.T.);
#1996=EDGE_CURVE('',#2231,#2484,#384,.T.);
#1997=EDGE_CURVE('',#2482,#2484,#385,.T.);
#1998=EDGE_CURVE('',#2485,#2484,#2584,.F.);
#1999=EDGE_CURVE('',#2481,#2485,#386,.T.);
#2000=EDGE_CURVE('',#2485,#2230,#387,.T.);
#2001=EDGE_CURVE('',#2236,#2486,#388,.T.);
#2002=EDGE_CURVE('',#2487,#2486,#389,.T.);
#2003=EDGE_CURVE('',#2488,#2487,#2585,.T.);
#2004=EDGE_CURVE('',#2489,#2488,#390,.T.);
#2005=EDGE_CURVE('',#2237,#2489,#391,.T.);
#2006=EDGE_CURVE('',#2490,#2246,#392,.T.);
#2007=EDGE_CURVE('',#2261,#2490,#393,.T.);
#2008=EDGE_CURVE('',#2258,#2491,#394,.T.);
#2009=EDGE_CURVE('',#2245,#2491,#395,.T.);
#2010=EDGE_CURVE('',#2491,#2490,#2586,.F.);
#2011=EDGE_CURVE('',#2492,#2251,#396,.F.);
#2012=EDGE_CURVE('',#2492,#2493,#397,.T.);
#2013=EDGE_CURVE('',#2493,#2494,#2587,.T.);
#2014=EDGE_CURVE('',#2494,#2495,#398,.T.);
#2015=EDGE_CURVE('',#2495,#2241,#399,.F.);
#2016=EDGE_CURVE('',#2496,#2495,#400,.F.);
#2017=EDGE_CURVE('',#2497,#2494,#401,.F.);
#2018=EDGE_CURVE('',#2497,#2496,#402,.T.);
#2019=EDGE_CURVE('',#2498,#2499,#403,.T.);
#2020=EDGE_CURVE('',#2253,#2498,#404,.F.);
#2021=EDGE_CURVE('',#2252,#2499,#405,.F.);
#2022=EDGE_CURVE('',#2500,#2493,#406,.F.);
#2023=EDGE_CURVE('',#2500,#2497,#2588,.T.);
#2024=EDGE_CURVE('',#2501,#2498,#2589,.T.);
#2025=EDGE_CURVE('',#2254,#2501,#407,.F.);
#2026=EDGE_CURVE('',#2502,#2492,#408,.F.);
#2027=EDGE_CURVE('',#2502,#2500,#409,.T.);
#2028=EDGE_CURVE('',#2503,#2502,#410,.F.);
#2029=EDGE_CURVE('',#2503,#2501,#411,.T.);
#2030=EDGE_CURVE('',#2499,#2496,#412,.F.);
#2031=EDGE_CURVE('',#2255,#2503,#413,.F.);
#2032=EDGE_CURVE('',#2504,#2474,#414,.T.);
#2033=EDGE_CURVE('',#2504,#2505,#415,.T.);
#2034=EDGE_CURVE('',#2505,#2475,#416,.T.);
#2035=EDGE_CURVE('',#2506,#2507,#417,.T.);
#2036=EDGE_CURVE('',#2487,#2506,#418,.T.);
#2037=EDGE_CURVE('',#2486,#2507,#419,.T.);
#2038=EDGE_CURVE('',#2508,#2479,#420,.T.);
#2039=EDGE_CURVE('',#2508,#2504,#2590,.T.);
#2040=EDGE_CURVE('',#2509,#2506,#2591,.T.);
#2041=EDGE_CURVE('',#2488,#2509,#421,.T.);
#2042=EDGE_CURVE('',#2510,#2478,#422,.T.);
#2043=EDGE_CURVE('',#2510,#2508,#423,.T.);
#2044=EDGE_CURVE('',#2511,#2510,#424,.T.);
#2045=EDGE_CURVE('',#2511,#2509,#425,.T.);
#2046=EDGE_CURVE('',#2507,#2505,#426,.T.);
#2047=EDGE_CURVE('',#2489,#2511,#427,.T.);
#2048=EDGE_CURVE('',#2222,#2449,#2592,.T.);
#2049=EDGE_CURVE('',#2283,#2448,#2593,.T.);
#2050=EDGE_CURVE('',#2449,#2282,#2594,.T.);
#2051=EDGE_CURVE('',#2222,#2281,#2595,.F.);
#2052=EDGE_CURVE('',#2283,#2445,#2596,.F.);
#2053=EDGE_CURVE('',#2445,#2448,#2597,.F.);
#2054=EDGE_CURVE('',#2223,#2280,#2598,.T.);
#2055=EDGE_CURVE('',#2456,#2223,#2599,.T.);
#2056=EDGE_CURVE('',#2446,#2452,#176,.F.);
#2057=EDGE_CURVE('',#2284,#2444,#2600,.T.);
#2058=EDGE_CURVE('',#2456,#2279,#2601,.F.);
#2059=EDGE_CURVE('',#2447,#2453,#2602,.T.);
#2060=EDGE_CURVE('',#2444,#2353,#2603,.T.);
#2061=EDGE_CURVE('',#2346,#2447,#2604,.T.);
#2062=EDGE_CURVE('',#2284,#2353,#2605,.F.);
#2063=EDGE_CURVE('',#2457,#2278,#2606,.T.);
#2064=EDGE_CURVE('',#2346,#2453,#2607,.F.);
#2065=EDGE_CURVE('',#2285,#2352,#2608,.T.);
#2066=EDGE_CURVE('',#2368,#2262,#2609,.F.);
#2067=EDGE_CURVE('',#2369,#2285,#2610,.T.);
#2068=EDGE_CURVE('',#2457,#2461,#2611,.F.);
#2069=EDGE_CURVE('',#2461,#2278,#2612,.F.);
#2070=EDGE_CURVE('',#2347,#2219,#90,.T.);
#2071=EDGE_CURVE('',#2369,#2352,#2613,.F.);
#2072=EDGE_CURVE('',#2462,#2277,#2614,.T.);
#2073=EDGE_CURVE('',#2458,#2460,#177,.T.);
#2074=EDGE_CURVE('',#2348,#2218,#91,.T.);
#2075=EDGE_CURVE('',#2366,#2351,#2615,.T.);
#2076=EDGE_CURVE('',#2293,#2367,#2616,.F.);
#2077=EDGE_CURVE('',#2294,#2366,#2617,.T.);
#2078=EDGE_CURVE('',#2358,#2277,#2618,.F.);
#2079=EDGE_CURVE('',#2462,#2358,#2619,.F.);
#2080=EDGE_CURVE('',#2459,#2357,#2620,.T.);
#2081=EDGE_CURVE('',#2463,#2459,#2621,.T.);
#2082=EDGE_CURVE('',#2349,#2473,#2622,.T.);
#2083=EDGE_CURVE('',#2294,#2351,#2623,.F.);
#2084=EDGE_CURVE('',#2275,#2363,#2624,.F.);
#2085=EDGE_CURVE('',#2276,#2362,#2625,.T.);
#2086=EDGE_CURVE('',#2359,#2276,#2626,.T.);
#2087=EDGE_CURVE('',#2463,#2357,#2627,.F.);
#2088=EDGE_CURVE('',#2464,#2473,#2628,.F.);
#2089=EDGE_CURVE('',#2349,#2464,#2629,.F.);
#2090=EDGE_CURVE('',#2350,#2467,#2630,.T.);
#2091=EDGE_CURVE('',#2295,#2350,#2631,.T.);
#2092=EDGE_CURVE('',#2359,#2362,#2632,.F.);
#2093=EDGE_CURVE('',#2226,#2356,#92,.T.);
#2094=EDGE_CURVE('',#2465,#2472,#178,.F.);
#2095=EDGE_CURVE('',#2295,#2467,#2633,.F.);
#2096=EDGE_CURVE('',#2364,#2304,#2634,.F.);
#2097=EDGE_CURVE('',#2365,#2303,#2635,.T.);
#2098=EDGE_CURVE('',#2360,#2365,#2636,.T.);
#2099=EDGE_CURVE('',#2227,#2355,#93,.T.);
#2100=EDGE_CURVE('',#2466,#2471,#2637,.T.);
#2101=EDGE_CURVE('',#2296,#2466,#2638,.T.);
#2102=EDGE_CURVE('',#2360,#2303,#2639,.F.);
#2103=EDGE_CURVE('',#2443,#2354,#2640,.T.);
#2104=EDGE_CURVE('',#2296,#2471,#2641,.F.);
#2105=EDGE_CURVE('',#2361,#2302,#2642,.T.);
#2106=EDGE_CURVE('',#2354,#2442,#2643,.T.);
#2107=EDGE_CURVE('',#2439,#2361,#2644,.T.);
#2108=EDGE_CURVE('',#2443,#2442,#2645,.F.);
#2109=EDGE_CURVE('',#2470,#2215,#2646,.F.);
#2110=EDGE_CURVE('',#2297,#2470,#2647,.T.);
#2111=EDGE_CURVE('',#2439,#2302,#2648,.F.);
#2112=EDGE_CURVE('',#2438,#2441,#179,.T.);
#2113=EDGE_CURVE('',#2298,#2215,#2649,.F.);
#2114=EDGE_CURVE('',#2440,#2301,#2650,.T.);
#2115=EDGE_CURVE('',#2434,#2440,#2651,.T.);
#2116=EDGE_CURVE('',#2214,#2435,#2652,.F.);
#2117=EDGE_CURVE('',#2299,#2214,#2653,.T.);
#2118=EDGE_CURVE('',#2434,#2301,#2654,.F.);
#2119=EDGE_CURVE('',#2300,#2435,#2655,.F.);
#2120=EDGE_CURVE('',#2376,#2373,#2656,.T.);
#2121=EDGE_CURVE('',#2376,#2311,#2657,.F.);
#2122=EDGE_CURVE('',#2311,#2373,#2658,.F.);
#2123=EDGE_CURVE('',#2372,#2385,#2659,.T.);
#2124=EDGE_CURVE('',#2312,#2372,#2660,.T.);
#2125=EDGE_CURVE('',#2377,#2310,#2661,.T.);
#2126=EDGE_CURVE('',#2378,#2377,#2662,.T.);
#2127=EDGE_CURVE('',#2312,#2385,#2663,.F.);
#2128=EDGE_CURVE('',#2378,#2310,#2664,.F.);
#2129=EDGE_CURVE('',#2313,#2384,#2665,.T.);
#2130=EDGE_CURVE('',#2379,#2313,#2666,.T.);
#2131=EDGE_CURVE('',#2379,#2384,#2667,.F.);
#2132=EDGE_CURVE('',#2408,#2399,#94,.T.);
#2133=EDGE_CURVE('',#2398,#2409,#95,.T.);
#2134=EDGE_CURVE('',#2400,#2403,#96,.T.);
#2135=EDGE_CURVE('',#2402,#2401,#97,.T.);
#2136=EDGE_CURVE('',#2416,#2411,#98,.T.);
#2137=EDGE_CURVE('',#2410,#2417,#99,.T.);
#2138=EDGE_CURVE('',#2412,#2419,#100,.T.);
#2139=EDGE_CURVE('',#2418,#2413,#101,.T.);
#2140=EDGE_CURVE('',#2424,#2427,#102,.F.);
#2141=EDGE_CURVE('',#2426,#2425,#103,.T.);
#2142=EDGE_CURVE('',#2432,#2423,#104,.F.);
#2143=EDGE_CURVE('',#2422,#2433,#105,.T.);
#2144=EDGE_CURVE('',#2388,#2391,#106,.T.);
#2145=EDGE_CURVE('',#2390,#2389,#107,.F.);
#2146=EDGE_CURVE('',#2396,#2387,#108,.T.);
#2147=EDGE_CURVE('',#2386,#2397,#109,.F.);
#2148=EDGE_CURVE('',#2330,#2287,#2668,.T.);
#2149=EDGE_CURVE('',#2286,#2331,#2669,.T.);
#2150=EDGE_CURVE('',#2336,#2305,#2670,.F.);
#2151=EDGE_CURVE('',#2337,#2304,#2671,.T.);
#2152=EDGE_CURVE('',#2338,#2364,#2672,.T.);
#2153=EDGE_CURVE('',#2339,#2363,#2673,.T.);
#2154=EDGE_CURVE('',#2340,#2275,#2674,.T.);
#2155=EDGE_CURVE('',#2274,#2341,#2675,.F.);
#2156=EDGE_CURVE('',#2320,#2263,#2676,.F.);
#2157=EDGE_CURVE('',#2321,#2262,#2677,.T.);
#2158=EDGE_CURVE('',#2322,#2368,#2678,.T.);
#2159=EDGE_CURVE('',#2323,#2367,#2679,.T.);
#2160=EDGE_CURVE('',#2324,#2293,#2680,.T.);
#2161=EDGE_CURVE('',#2292,#2325,#2681,.F.);
#2162=EDGE_CURVE('',#2268,#2315,#2682,.T.);
#2163=EDGE_CURVE('',#2314,#2269,#2683,.T.);
#2164=EDGE_CURVE('',#2406,#2263,#2684,.T.);
#2165=EDGE_CURVE('',#2264,#2409,#2685,.T.);
#2166=EDGE_CURVE('',#2265,#2398,#2686,.T.);
#2167=EDGE_CURVE('',#2407,#2320,#2687,.T.);
#2168=EDGE_CURVE('',#2266,#2401,#2688,.T.);
#2169=EDGE_CURVE('',#2408,#2319,#2689,.T.);
#2170=EDGE_CURVE('',#2267,#2402,#2690,.T.);
#2171=EDGE_CURVE('',#2399,#2318,#2691,.T.);
#2172=EDGE_CURVE('',#2268,#2405,#2692,.T.);
#2173=EDGE_CURVE('',#2400,#2317,#2693,.T.);
#2174=EDGE_CURVE('',#2315,#2404,#2694,.T.);
#2175=EDGE_CURVE('',#2403,#2316,#2695,.T.);
#2176=EDGE_CURVE('',#2430,#2325,#2696,.T.);
#2177=EDGE_CURVE('',#2326,#2433,#2697,.T.);
#2178=EDGE_CURVE('',#2327,#2422,#2698,.T.);
#2179=EDGE_CURVE('',#2431,#2292,#2699,.T.);
#2180=EDGE_CURVE('',#2328,#2425,#2700,.T.);
#2181=EDGE_CURVE('',#2432,#2291,#2701,.T.);
#2182=EDGE_CURVE('',#2329,#2426,#2702,.T.);
#2183=EDGE_CURVE('',#2423,#2290,#2703,.T.);
#2184=EDGE_CURVE('',#2330,#2429,#2704,.T.);
#2185=EDGE_CURVE('',#2424,#2289,#2705,.T.);
#2186=EDGE_CURVE('',#2287,#2428,#2706,.T.);
#2187=EDGE_CURVE('',#2427,#2288,#2707,.T.);
#2188=EDGE_CURVE('',#2414,#2269,#2708,.T.);
#2189=EDGE_CURVE('',#2270,#2417,#2709,.T.);
#2190=EDGE_CURVE('',#2271,#2410,#2710,.T.);
#2191=EDGE_CURVE('',#2415,#2314,#2711,.T.);
#2192=EDGE_CURVE('',#2272,#2413,#2712,.T.);
#2193=EDGE_CURVE('',#2416,#2345,#2713,.T.);
#2194=EDGE_CURVE('',#2273,#2418,#2714,.T.);
#2195=EDGE_CURVE('',#2411,#2344,#2715,.T.);
#2196=EDGE_CURVE('',#2274,#2421,#2716,.T.);
#2197=EDGE_CURVE('',#2412,#2343,#2717,.T.);
#2198=EDGE_CURVE('',#2341,#2420,#2718,.T.);
#2199=EDGE_CURVE('',#2419,#2342,#2719,.T.);
#2200=EDGE_CURVE('',#2394,#2305,#2720,.T.);
#2201=EDGE_CURVE('',#2306,#2397,#2721,.T.);
#2202=EDGE_CURVE('',#2307,#2386,#2722,.T.);
#2203=EDGE_CURVE('',#2395,#2336,#2723,.T.);
#2204=EDGE_CURVE('',#2308,#2389,#2724,.T.);
#2205=EDGE_CURVE('',#2396,#2335,#2725,.T.);
#2206=EDGE_CURVE('',#2309,#2390,#2726,.T.);
#2207=EDGE_CURVE('',#2387,#2334,#2727,.T.);
#2208=EDGE_CURVE('',#2286,#2393,#2728,.T.);
#2209=EDGE_CURVE('',#2388,#2333,#2729,.T.);
#2210=EDGE_CURVE('',#2331,#2392,#2730,.T.);
#2211=EDGE_CURVE('',#2391,#2332,#2731,.T.);
#2212=VERTEX_POINT('',#5119);
#2213=VERTEX_POINT('',#5120);
#2214=VERTEX_POINT('',#5122);
#2215=VERTEX_POINT('',#5124);
#2216=VERTEX_POINT('',#5126);
#2217=VERTEX_POINT('',#5128);
#2218=VERTEX_POINT('',#5133);
#2219=VERTEX_POINT('',#5135);
#2220=VERTEX_POINT('',#5140);
#2221=VERTEX_POINT('',#5142);
#2222=VERTEX_POINT('',#5144);
#2223=VERTEX_POINT('',#5146);
#2224=VERTEX_POINT('',#5148);
#2225=VERTEX_POINT('',#5150);
#2226=VERTEX_POINT('',#5155);
#2227=VERTEX_POINT('',#5157);
#2228=VERTEX_POINT('',#5163);
#2229=VERTEX_POINT('',#5164);
#2230=VERTEX_POINT('',#5166);
#2231=VERTEX_POINT('',#5168);
#2232=VERTEX_POINT('',#5170);
#2233=VERTEX_POINT('',#5172);
#2234=VERTEX_POINT('',#5174);
#2235=VERTEX_POINT('',#5176);
#2236=VERTEX_POINT('',#5178);
#2237=VERTEX_POINT('',#5180);
#2238=VERTEX_POINT('',#5182);
#2239=VERTEX_POINT('',#5184);
#2240=VERTEX_POINT('',#5187);
#2241=VERTEX_POINT('',#5188);
#2242=VERTEX_POINT('',#5190);
#2243=VERTEX_POINT('',#5192);
#2244=VERTEX_POINT('',#5194);
#2245=VERTEX_POINT('',#5196);
#2246=VERTEX_POINT('',#5198);
#2247=VERTEX_POINT('',#5200);
#2248=VERTEX_POINT('',#5202);
#2249=VERTEX_POINT('',#5204);
#2250=VERTEX_POINT('',#5206);
#2251=VERTEX_POINT('',#5208);
#2252=VERTEX_POINT('',#5212);
#2253=VERTEX_POINT('',#5214);
#2254=VERTEX_POINT('',#5216);
#2255=VERTEX_POINT('',#5218);
#2256=VERTEX_POINT('',#5221);
#2257=VERTEX_POINT('',#5223);
#2258=VERTEX_POINT('',#5227);
#2259=VERTEX_POINT('',#5229);
#2260=VERTEX_POINT('',#5231);
#2261=VERTEX_POINT('',#5234);
#2262=VERTEX_POINT('',#5238);
#2263=VERTEX_POINT('',#5239);
#2264=VERTEX_POINT('',#5241);
#2265=VERTEX_POINT('',#5243);
#2266=VERTEX_POINT('',#5245);
#2267=VERTEX_POINT('',#5247);
#2268=VERTEX_POINT('',#5249);
#2269=VERTEX_POINT('',#5251);
#2270=VERTEX_POINT('',#5253);
#2271=VERTEX_POINT('',#5255);
#2272=VERTEX_POINT('',#5257);
#2273=VERTEX_POINT('',#5259);
#2274=VERTEX_POINT('',#5261);
#2275=VERTEX_POINT('',#5263);
#2276=VERTEX_POINT('',#5265);
#2277=VERTEX_POINT('',#5267);
#2278=VERTEX_POINT('',#5269);
#2279=VERTEX_POINT('',#5271);
#2280=VERTEX_POINT('',#5273);
#2281=VERTEX_POINT('',#5275);
#2282=VERTEX_POINT('',#5277);
#2283=VERTEX_POINT('',#5279);
#2284=VERTEX_POINT('',#5281);
#2285=VERTEX_POINT('',#5283);
#2286=VERTEX_POINT('',#5287);
#2287=VERTEX_POINT('',#5288);
#2288=VERTEX_POINT('',#5290);
#2289=VERTEX_POINT('',#5292);
#2290=VERTEX_POINT('',#5294);
#2291=VERTEX_POINT('',#5296);
#2292=VERTEX_POINT('',#5298);
#2293=VERTEX_POINT('',#5300);
#2294=VERTEX_POINT('',#5302);
#2295=VERTEX_POINT('',#5304);
#2296=VERTEX_POINT('',#5306);
#2297=VERTEX_POINT('',#5308);
#2298=VERTEX_POINT('',#5310);
#2299=VERTEX_POINT('',#5312);
#2300=VERTEX_POINT('',#5314);
#2301=VERTEX_POINT('',#5316);
#2302=VERTEX_POINT('',#5318);
#2303=VERTEX_POINT('',#5320);
#2304=VERTEX_POINT('',#5322);
#2305=VERTEX_POINT('',#5324);
#2306=VERTEX_POINT('',#5326);
#2307=VERTEX_POINT('',#5328);
#2308=VERTEX_POINT('',#5330);
#2309=VERTEX_POINT('',#5332);
#2310=VERTEX_POINT('',#5336);
#2311=VERTEX_POINT('',#5337);
#2312=VERTEX_POINT('',#5339);
#2313=VERTEX_POINT('',#5341);
#2314=VERTEX_POINT('',#5344);
#2315=VERTEX_POINT('',#5345);
#2316=VERTEX_POINT('',#5347);
#2317=VERTEX_POINT('',#5349);
#2318=VERTEX_POINT('',#5351);
#2319=VERTEX_POINT('',#5353);
#2320=VERTEX_POINT('',#5355);
#2321=VERTEX_POINT('',#5357);
#2322=VERTEX_POINT('',#5359);
#2323=VERTEX_POINT('',#5361);
#2324=VERTEX_POINT('',#5363);
#2325=VERTEX_POINT('',#5365);
#2326=VERTEX_POINT('',#5367);
#2327=VERTEX_POINT('',#5369);
#2328=VERTEX_POINT('',#5371);
#2329=VERTEX_POINT('',#5373);
#2330=VERTEX_POINT('',#5375);
#2331=VERTEX_POINT('',#5377);
#2332=VERTEX_POINT('',#5379);
#2333=VERTEX_POINT('',#5381);
#2334=VERTEX_POINT('',#5383);
#2335=VERTEX_POINT('',#5385);
#2336=VERTEX_POINT('',#5387);
#2337=VERTEX_POINT('',#5389);
#2338=VERTEX_POINT('',#5391);
#2339=VERTEX_POINT('',#5393);
#2340=VERTEX_POINT('',#5395);
#2341=VERTEX_POINT('',#5397);
#2342=VERTEX_POINT('',#5399);
#2343=VERTEX_POINT('',#5401);
#2344=VERTEX_POINT('',#5403);
#2345=VERTEX_POINT('',#5405);
#2346=VERTEX_POINT('',#5409);
#2347=VERTEX_POINT('',#5410);
#2348=VERTEX_POINT('',#5412);
#2349=VERTEX_POINT('',#5414);
#2350=VERTEX_POINT('',#5416);
#2351=VERTEX_POINT('',#5418);
#2352=VERTEX_POINT('',#5420);
#2353=VERTEX_POINT('',#5422);
#2354=VERTEX_POINT('',#5426);
#2355=VERTEX_POINT('',#5427);
#2356=VERTEX_POINT('',#5429);
#2357=VERTEX_POINT('',#5431);
#2358=VERTEX_POINT('',#5433);
#2359=VERTEX_POINT('',#5435);
#2360=VERTEX_POINT('',#5437);
#2361=VERTEX_POINT('',#5439);
#2362=VERTEX_POINT('',#5443);
#2363=VERTEX_POINT('',#5444);
#2364=VERTEX_POINT('',#5446);
#2365=VERTEX_POINT('',#5448);
#2366=VERTEX_POINT('',#5452);
#2367=VERTEX_POINT('',#5453);
#2368=VERTEX_POINT('',#5455);
#2369=VERTEX_POINT('',#5457);
#2370=VERTEX_POINT('',#5461);
#2371=VERTEX_POINT('',#5462);
#2372=VERTEX_POINT('',#5464);
#2373=VERTEX_POINT('',#5466);
#2374=VERTEX_POINT('',#5470);
#2375=VERTEX_POINT('',#5471);
#2376=VERTEX_POINT('',#5473);
#2377=VERTEX_POINT('',#5475);
#2378=VERTEX_POINT('',#5479);
#2379=VERTEX_POINT('',#5480);
#2380=VERTEX_POINT('',#5482);
#2381=VERTEX_POINT('',#5484);
#2382=VERTEX_POINT('',#5488);
#2383=VERTEX_POINT('',#5489);
#2384=VERTEX_POINT('',#5491);
#2385=VERTEX_POINT('',#5493);
#2386=VERTEX_POINT('',#5502);
#2387=VERTEX_POINT('',#5503);
#2388=VERTEX_POINT('',#5505);
#2389=VERTEX_POINT('',#5507);
#2390=VERTEX_POINT('',#5511);
#2391=VERTEX_POINT('',#5512);
#2392=VERTEX_POINT('',#5514);
#2393=VERTEX_POINT('',#5516);
#2394=VERTEX_POINT('',#5520);
#2395=VERTEX_POINT('',#5521);
#2396=VERTEX_POINT('',#5523);
#2397=VERTEX_POINT('',#5525);
#2398=VERTEX_POINT('',#5529);
#2399=VERTEX_POINT('',#5530);
#2400=VERTEX_POINT('',#5532);
#2401=VERTEX_POINT('',#5534);
#2402=VERTEX_POINT('',#5538);
#2403=VERTEX_POINT('',#5539);
#2404=VERTEX_POINT('',#5541);
#2405=VERTEX_POINT('',#5543);
#2406=VERTEX_POINT('',#5547);
#2407=VERTEX_POINT('',#5548);
#2408=VERTEX_POINT('',#5550);
#2409=VERTEX_POINT('',#5552);
#2410=VERTEX_POINT('',#5556);
#2411=VERTEX_POINT('',#5557);
#2412=VERTEX_POINT('',#5559);
#2413=VERTEX_POINT('',#5561);
#2414=VERTEX_POINT('',#5565);
#2415=VERTEX_POINT('',#5566);
#2416=VERTEX_POINT('',#5568);
#2417=VERTEX_POINT('',#5570);
#2418=VERTEX_POINT('',#5574);
#2419=VERTEX_POINT('',#5575);
#2420=VERTEX_POINT('',#5577);
#2421=VERTEX_POINT('',#5579);
#2422=VERTEX_POINT('',#5583);
#2423=VERTEX_POINT('',#5584);
#2424=VERTEX_POINT('',#5586);
#2425=VERTEX_POINT('',#5588);
#2426=VERTEX_POINT('',#5592);
#2427=VERTEX_POINT('',#5593);
#2428=VERTEX_POINT('',#5595);
#2429=VERTEX_POINT('',#5597);
#2430=VERTEX_POINT('',#5601);
#2431=VERTEX_POINT('',#5602);
#2432=VERTEX_POINT('',#5604);
#2433=VERTEX_POINT('',#5606);
#2434=VERTEX_POINT('',#5610);
#2435=VERTEX_POINT('',#5611);
#2436=VERTEX_POINT('',#5613);
#2437=VERTEX_POINT('',#5615);
#2438=VERTEX_POINT('',#5617);
#2439=VERTEX_POINT('',#5621);
#2440=VERTEX_POINT('',#5622);
#2441=VERTEX_POINT('',#5624);
#2442=VERTEX_POINT('',#5626);
#2443=VERTEX_POINT('',#5630);
#2444=VERTEX_POINT('',#5635);
#2445=VERTEX_POINT('',#5636);
#2446=VERTEX_POINT('',#5638);
#2447=VERTEX_POINT('',#5640);
#2448=VERTEX_POINT('',#5644);
#2449=VERTEX_POINT('',#5645);
#2450=VERTEX_POINT('',#5647);
#2451=VERTEX_POINT('',#5649);
#2452=VERTEX_POINT('',#5651);
#2453=VERTEX_POINT('',#5655);
#2454=VERTEX_POINT('',#5660);
#2455=VERTEX_POINT('',#5661);
#2456=VERTEX_POINT('',#5663);
#2457=VERTEX_POINT('',#5665);
#2458=VERTEX_POINT('',#5667);
#2459=VERTEX_POINT('',#5671);
#2460=VERTEX_POINT('',#5672);
#2461=VERTEX_POINT('',#5674);
#2462=VERTEX_POINT('',#5676);
#2463=VERTEX_POINT('',#5680);
#2464=VERTEX_POINT('',#5685);
#2465=VERTEX_POINT('',#5686);
#2466=VERTEX_POINT('',#5688);
#2467=VERTEX_POINT('',#5690);
#2468=VERTEX_POINT('',#5694);
#2469=VERTEX_POINT('',#5695);
#2470=VERTEX_POINT('',#5697);
#2471=VERTEX_POINT('',#5699);
#2472=VERTEX_POINT('',#5701);
#2473=VERTEX_POINT('',#5705);
#2474=VERTEX_POINT('',#5715);
#2475=VERTEX_POINT('',#5716);
#2476=VERTEX_POINT('',#5719);
#2477=VERTEX_POINT('',#5721);
#2478=VERTEX_POINT('',#5724);
#2479=VERTEX_POINT('',#5726);
#2480=VERTEX_POINT('',#5730);
#2481=VERTEX_POINT('',#5734);
#2482=VERTEX_POINT('',#5735);
#2483=VERTEX_POINT('',#5738);
#2484=VERTEX_POINT('',#5746);
#2485=VERTEX_POINT('',#5750);
#2486=VERTEX_POINT('',#5757);
#2487=VERTEX_POINT('',#5759);
#2488=VERTEX_POINT('',#5761);
#2489=VERTEX_POINT('',#5763);
#2490=VERTEX_POINT('',#5767);
#2491=VERTEX_POINT('',#5771);
#2492=VERTEX_POINT('',#5778);
#2493=VERTEX_POINT('',#5780);
#2494=VERTEX_POINT('',#5782);
#2495=VERTEX_POINT('',#5784);
#2496=VERTEX_POINT('',#5788);
#2497=VERTEX_POINT('',#5790);
#2498=VERTEX_POINT('',#5794);
#2499=VERTEX_POINT('',#5795);
#2500=VERTEX_POINT('',#5800);
#2501=VERTEX_POINT('',#5804);
#2502=VERTEX_POINT('',#5808);
#2503=VERTEX_POINT('',#5812);
#2504=VERTEX_POINT('',#5821);
#2505=VERTEX_POINT('',#5823);
#2506=VERTEX_POINT('',#5827);
#2507=VERTEX_POINT('',#5828);
#2508=VERTEX_POINT('',#5833);
#2509=VERTEX_POINT('',#5837);
#2510=VERTEX_POINT('',#5841);
#2511=VERTEX_POINT('',#5845);
#2512=CIRCLE('',#3496,0.15255875);
#2513=CIRCLE('',#3497,0.15255875);
#2514=CIRCLE('',#3498,0.15255875);
#2515=CIRCLE('',#3499,0.15255875);
#2516=CIRCLE('',#3500,0.15255875);
#2517=CIRCLE('',#3501,0.15255875);
#2518=CIRCLE('',#3502,0.15255875);
#2519=CIRCLE('',#3503,0.15255875);
#2520=CIRCLE('',#3504,0.15255875);
#2521=CIRCLE('',#3505,0.15255875);
#2522=CIRCLE('',#3506,0.15255875);
#2523=CIRCLE('',#3507,0.15255875);
#2524=CIRCLE('',#3508,0.15255875);
#2525=CIRCLE('',#3509,0.15255875);
#2526=CIRCLE('',#3510,0.15255875);
#2527=CIRCLE('',#3511,0.15255875);
#2528=CIRCLE('',#3512,0.15255875);
#2529=CIRCLE('',#3513,0.15255875);
#2530=CIRCLE('',#3515,0.004512);
#2531=CIRCLE('',#3516,0.011381);
#2532=CIRCLE('',#3518,0.011381);
#2533=CIRCLE('',#3519,0.004312);
#2534=CIRCLE('',#3525,0.144938750000003);
#2535=CIRCLE('',#3526,0.00254);
#2536=CIRCLE('',#3527,0.15382875);
#2537=CIRCLE('',#3528,0.00254);
#2538=CIRCLE('',#3529,0.144938750000002);
#2539=CIRCLE('',#3533,0.144938750000002);
#2540=CIRCLE('',#3534,0.00254);
#2541=CIRCLE('',#3535,0.15382875);
#2542=CIRCLE('',#3536,0.00254);
#2543=CIRCLE('',#3537,0.144938750000003);
#2544=CIRCLE('',#3543,0.00762);
#2545=CIRCLE('',#3544,0.00762);
#2546=CIRCLE('',#3549,0.00762);
#2547=CIRCLE('',#3550,0.00762);
#2548=CIRCLE('',#3562,0.00127);
#2549=CIRCLE('',#3563,0.00127);
#2550=CIRCLE('',#3564,0.00127);
#2551=CIRCLE('',#3565,0.00127);
#2552=CIRCLE('',#3568,0.00508);
#2553=CIRCLE('',#3570,0.00508);
#2554=CIRCLE('',#3573,0.00508);
#2555=CIRCLE('',#3575,0.00508);
#2556=CIRCLE('',#3578,0.00508);
#2557=CIRCLE('',#3580,0.00508);
#2558=CIRCLE('',#3583,0.00508);
#2559=CIRCLE('',#3585,0.00508);
#2560=CIRCLE('',#3587,0.00127);
#2561=CIRCLE('',#3589,0.143668750000003);
#2562=CIRCLE('',#3590,0.143668750000003);
#2563=CIRCLE('',#3592,0.144938750000003);
#2564=CIRCLE('',#3593,0.00127);
#2565=CIRCLE('',#3595,0.143668750000002);
#2566=CIRCLE('',#3596,0.143668750000002);
#2567=CIRCLE('',#3598,0.00127);
#2568=CIRCLE('',#3600,0.144938750000002);
#2569=CIRCLE('',#3601,0.00127);
#2570=CIRCLE('',#3603,0.00127);
#2571=CIRCLE('',#3605,0.143668750000003);
#2572=CIRCLE('',#3606,0.143668750000003);
#2573=CIRCLE('',#3608,0.144938750000003);
#2574=CIRCLE('',#3609,0.00127);
#2575=CIRCLE('',#3611,0.143668750000002);
#2576=CIRCLE('',#3612,0.143668750000002);
#2577=CIRCLE('',#3614,0.00127);
#2578=CIRCLE('',#3616,0.144938750000002);
#2579=CIRCLE('',#3617,0.00127);
#2580=CIRCLE('',#3622,0.011381);
#2581=CIRCLE('',#3623,0.004512);
#2582=CIRCLE('',#3626,0.004312);
#2583=CIRCLE('',#3627,0.011381);
#2584=CIRCLE('',#3632,0.004312);
#2585=CIRCLE('',#3636,0.006312);
#2586=CIRCLE('',#3640,0.004312);
#2587=CIRCLE('',#3643,0.00631199999999993);
#2588=CIRCLE('',#3647,0.00631199999999993);
#2589=CIRCLE('',#3649,0.004512);
#2590=CIRCLE('',#3658,0.004512);
#2591=CIRCLE('',#3660,0.006312);
#2592=CIRCLE('',#3667,0.00127);
#2593=CIRCLE('',#3669,0.00127);
#2594=CIRCLE('',#3670,0.00127);
#2595=CIRCLE('',#3672,0.00127);
#2596=CIRCLE('',#3674,0.00127);
#2597=CIRCLE('',#3675,0.00127);
#2598=CIRCLE('',#3677,0.00127);
#2599=CIRCLE('',#3679,0.00127);
#2600=CIRCLE('',#3682,0.00127);
#2601=CIRCLE('',#3684,0.00127);
#2602=CIRCLE('',#3686,0.00127);
#2603=CIRCLE('',#3688,0.00127);
#2604=CIRCLE('',#3689,0.00127);
#2605=CIRCLE('',#3691,0.00127);
#2606=CIRCLE('',#3693,0.00127);
#2607=CIRCLE('',#3695,0.00127);
#2608=CIRCLE('',#3697,0.00127);
#2609=CIRCLE('',#3699,0.00127);
#2610=CIRCLE('',#3700,0.00127);
#2611=CIRCLE('',#3702,0.00127);
#2612=CIRCLE('',#3703,0.00127);
#2613=CIRCLE('',#3707,0.00127);
#2614=CIRCLE('',#3709,0.00127);
#2615=CIRCLE('',#3714,0.00127);
#2616=CIRCLE('',#3716,0.00127);
#2617=CIRCLE('',#3717,0.00127);
#2618=CIRCLE('',#3719,0.00127);
#2619=CIRCLE('',#3720,0.00127);
#2620=CIRCLE('',#3722,0.00127);
#2621=CIRCLE('',#3724,0.00127);
#2622=CIRCLE('',#3726,0.00127);
#2623=CIRCLE('',#3728,0.00127);
#2624=CIRCLE('',#3730,0.00127);
#2625=CIRCLE('',#3731,0.00127);
#2626=CIRCLE('',#3733,0.00127);
#2627=CIRCLE('',#3735,0.00127);
#2628=CIRCLE('',#3737,0.00127);
#2629=CIRCLE('',#3738,0.00127);
#2630=CIRCLE('',#3740,0.00127);
#2631=CIRCLE('',#3742,0.00127);
#2632=CIRCLE('',#3744,0.00127);
#2633=CIRCLE('',#3749,0.00127);
#2634=CIRCLE('',#3751,0.00127);
#2635=CIRCLE('',#3752,0.00127);
#2636=CIRCLE('',#3754,0.00127);
#2637=CIRCLE('',#3758,0.00127);
#2638=CIRCLE('',#3760,0.00127);
#2639=CIRCLE('',#3762,0.00127);
#2640=CIRCLE('',#3764,0.00127);
#2641=CIRCLE('',#3766,0.00127);
#2642=CIRCLE('',#3768,0.00127);
#2643=CIRCLE('',#3770,0.00127);
#2644=CIRCLE('',#3771,0.00127);
#2645=CIRCLE('',#3773,0.00127);
#2646=CIRCLE('',#3775,0.00127);
#2647=CIRCLE('',#3777,0.00127);
#2648=CIRCLE('',#3779,0.00127);
#2649=CIRCLE('',#3782,0.00127);
#2650=CIRCLE('',#3784,0.00127);
#2651=CIRCLE('',#3786,0.00127);
#2652=CIRCLE('',#3788,0.00127);
#2653=CIRCLE('',#3790,0.00127);
#2654=CIRCLE('',#3792,0.00127);
#2655=CIRCLE('',#3794,0.00127);
#2656=CIRCLE('',#3797,0.00127);
#2657=CIRCLE('',#3799,0.00127);
#2658=CIRCLE('',#3800,0.00127);
#2659=CIRCLE('',#3802,0.00127);
#2660=CIRCLE('',#3804,0.00127);
#2661=CIRCLE('',#3806,0.00127);
#2662=CIRCLE('',#3808,0.00127);
#2663=CIRCLE('',#3810,0.00127);
#2664=CIRCLE('',#3812,0.00127);
#2665=CIRCLE('',#3814,0.00127);
#2666=CIRCLE('',#3816,0.00127);
#2667=CIRCLE('',#3818,0.00127);
#2668=CIRCLE('',#3845,0.00635);
#2669=CIRCLE('',#3846,0.00635);
#2670=CIRCLE('',#3848,0.00635);
#2671=CIRCLE('',#3849,0.00635);
#2672=CIRCLE('',#3851,0.00635);
#2673=CIRCLE('',#3853,0.00635);
#2674=CIRCLE('',#3855,0.00635);
#2675=CIRCLE('',#3857,0.00635);
#2676=CIRCLE('',#3859,0.00635);
#2677=CIRCLE('',#3860,0.00635);
#2678=CIRCLE('',#3862,0.00635);
#2679=CIRCLE('',#3864,0.00635);
#2680=CIRCLE('',#3866,0.00635);
#2681=CIRCLE('',#3868,0.00635);
#2682=CIRCLE('',#3870,0.00635);
#2683=CIRCLE('',#3871,0.00635);
#2684=CIRCLE('',#3873,0.00127);
#2685=CIRCLE('',#3874,0.00127);
#2686=CIRCLE('',#3875,0.00127);
#2687=CIRCLE('',#3877,0.00127);
#2688=CIRCLE('',#3879,0.00127);
#2689=CIRCLE('',#3881,0.00127);
#2690=CIRCLE('',#3882,0.00127);
#2691=CIRCLE('',#3883,0.00127);
#2692=CIRCLE('',#3885,0.00127);
#2693=CIRCLE('',#3887,0.00127);
#2694=CIRCLE('',#3889,0.00127);
#2695=CIRCLE('',#3890,0.00127);
#2696=CIRCLE('',#3893,0.00127);
#2697=CIRCLE('',#3894,0.00127);
#2698=CIRCLE('',#3895,0.00127);
#2699=CIRCLE('',#3897,0.00127);
#2700=CIRCLE('',#3899,0.00127);
#2701=CIRCLE('',#3901,0.00127);
#2702=CIRCLE('',#3902,0.00127);
#2703=CIRCLE('',#3903,0.00127);
#2704=CIRCLE('',#3905,0.00127);
#2705=CIRCLE('',#3907,0.00127);
#2706=CIRCLE('',#3909,0.00127);
#2707=CIRCLE('',#3910,0.00127);
#2708=CIRCLE('',#3913,0.00127);
#2709=CIRCLE('',#3914,0.00127);
#2710=CIRCLE('',#3915,0.00127);
#2711=CIRCLE('',#3917,0.00127);
#2712=CIRCLE('',#3919,0.00127);
#2713=CIRCLE('',#3921,0.00127);
#2714=CIRCLE('',#3922,0.00127);
#2715=CIRCLE('',#3923,0.00127);
#2716=CIRCLE('',#3925,0.00127);
#2717=CIRCLE('',#3927,0.00127);
#2718=CIRCLE('',#3929,0.00127);
#2719=CIRCLE('',#3930,0.00127);
#2720=CIRCLE('',#3933,0.00127);
#2721=CIRCLE('',#3934,0.00127);
#2722=CIRCLE('',#3935,0.00127);
#2723=CIRCLE('',#3937,0.00127);
#2724=CIRCLE('',#3939,0.00127);
#2725=CIRCLE('',#3941,0.00127);
#2726=CIRCLE('',#3942,0.00127);
#2727=CIRCLE('',#3943,0.00127);
#2728=CIRCLE('',#3945,0.00127);
#2729=CIRCLE('',#3947,0.00127);
#2730=CIRCLE('',#3949,0.00127);
#2731=CIRCLE('',#3950,0.00127);
#2732=EDGE_LOOP('',(#676,#677,#678,#679,#680,#681,#682,#683,#684,#685,#686,
#687,#688,#689,#690,#691));
#2733=EDGE_LOOP('',(#692,#693,#694,#695,#696,#697,#698,#699,#700,#701,#702,
#703));
#2734=EDGE_LOOP('',(#704,#705,#706,#707,#708,#709,#710,#711,#712,#713,#714,
#715));
#2735=EDGE_LOOP('',(#716,#717,#718,#719,#720,#721,#722,#723,#724,#725));
#2736=EDGE_LOOP('',(#726,#727,#728,#729,#730,#731,#732,#733));
#2737=EDGE_LOOP('',(#734,#735,#736,#737,#738,#739,#740,#741,#742,#743,#744,
#745,#746,#747,#748,#749,#750,#751,#752,#753,#754,#755,#756,#757));
#2738=EDGE_LOOP('',(#758,#759,#760,#761,#762,#763,#764,#765,#766,#767,#768,
#769,#770,#771,#772,#773,#774,#775,#776,#777,#778,#779,#780,#781));
#2739=EDGE_LOOP('',(#782,#783,#784,#785));
#2740=EDGE_LOOP('',(#786,#787,#788,#789,#790,#791,#792,#793,#794,#795,#796,
#797,#798,#799,#800,#801,#802,#803,#804,#805,#806,#807,#808,#809,#810,#811,
#812,#813,#814,#815,#816,#817));
#2741=EDGE_LOOP('',(#818,#819,#820,#821,#822,#823,#824,#825));
#2742=EDGE_LOOP('',(#826,#827,#828,#829,#830,#831,#832,#833));
#2743=EDGE_LOOP('',(#834,#835,#836,#837));
#2744=EDGE_LOOP('',(#838,#839,#840,#841));
#2745=EDGE_LOOP('',(#842,#843,#844,#845));
#2746=EDGE_LOOP('',(#846,#847,#848,#849));
#2747=EDGE_LOOP('',(#850,#851,#852,#853));
#2748=EDGE_LOOP('',(#854,#855,#856,#857));
#2749=EDGE_LOOP('',(#858,#859,#860,#861,#862,#863,#864,#865));
#2750=EDGE_LOOP('',(#866,#867,#868,#869));
#2751=EDGE_LOOP('',(#870,#871,#872,#873));
#2752=EDGE_LOOP('',(#874,#875,#876,#877));
#2753=EDGE_LOOP('',(#878,#879,#880,#881));
#2754=EDGE_LOOP('',(#882,#883,#884,#885));
#2755=EDGE_LOOP('',(#886,#887,#888,#889));
#2756=EDGE_LOOP('',(#890,#891,#892,#893));
#2757=EDGE_LOOP('',(#894,#895,#896,#897));
#2758=EDGE_LOOP('',(#898,#899,#900,#901));
#2759=EDGE_LOOP('',(#902,#903,#904,#905));
#2760=EDGE_LOOP('',(#906,#907,#908,#909));
#2761=EDGE_LOOP('',(#910,#911,#912,#913));
#2762=EDGE_LOOP('',(#914,#915,#916,#917,#918));
#2763=EDGE_LOOP('',(#919,#920,#921,#922));
#2764=EDGE_LOOP('',(#923,#924,#925,#926,#927));
#2765=EDGE_LOOP('',(#928,#929,#930,#931));
#2766=EDGE_LOOP('',(#932,#933,#934,#935,#936));
#2767=EDGE_LOOP('',(#937,#938,#939,#940,#941));
#2768=EDGE_LOOP('',(#942,#943,#944,#945,#946));
#2769=EDGE_LOOP('',(#947,#948,#949,#950));
#2770=EDGE_LOOP('',(#951,#952,#953,#954,#955));
#2771=EDGE_LOOP('',(#956,#957,#958,#959));
#2772=EDGE_LOOP('',(#960,#961,#962,#963,#964));
#2773=EDGE_LOOP('',(#965,#966,#967,#968,#969));
#2774=EDGE_LOOP('',(#970,#971,#972,#973));
#2775=EDGE_LOOP('',(#974,#975,#976,#977));
#2776=EDGE_LOOP('',(#978,#979,#980,#981));
#2777=EDGE_LOOP('',(#982,#983,#984,#985,#986,#987,#988,#989,#990,#991));
#2778=EDGE_LOOP('',(#992,#993,#994,#995));
#2779=EDGE_LOOP('',(#996,#997,#998,#999,#1000,#1001,#1002,#1003));
#2780=EDGE_LOOP('',(#1004,#1005,#1006,#1007));
#2781=EDGE_LOOP('',(#1008,#1009,#1010,#1011));
#2782=EDGE_LOOP('',(#1012,#1013,#1014,#1015));
#2783=EDGE_LOOP('',(#1016,#1017,#1018,#1019));
#2784=EDGE_LOOP('',(#1020,#1021,#1022,#1023));
#2785=EDGE_LOOP('',(#1024,#1025,#1026,#1027));
#2786=EDGE_LOOP('',(#1028,#1029,#1030,#1031,#1032,#1033));
#2787=EDGE_LOOP('',(#1034,#1035,#1036,#1037));
#2788=EDGE_LOOP('',(#1038,#1039,#1040,#1041));
#2789=EDGE_LOOP('',(#1042,#1043,#1044,#1045));
#2790=EDGE_LOOP('',(#1046,#1047,#1048,#1049));
#2791=EDGE_LOOP('',(#1050,#1051,#1052,#1053,#1054,#1055));
#2792=EDGE_LOOP('',(#1056,#1057,#1058,#1059));
#2793=EDGE_LOOP('',(#1060,#1061,#1062,#1063));
#2794=EDGE_LOOP('',(#1064,#1065,#1066,#1067));
#2795=EDGE_LOOP('',(#1068,#1069,#1070,#1071));
#2796=EDGE_LOOP('',(#1072,#1073,#1074,#1075));
#2797=EDGE_LOOP('',(#1076,#1077,#1078,#1079,#1080,#1081,#1082,#1083));
#2798=EDGE_LOOP('',(#1084,#1085,#1086,#1087));
#2799=EDGE_LOOP('',(#1088,#1089,#1090,#1091,#1092,#1093));
#2800=EDGE_LOOP('',(#1094,#1095,#1096,#1097,#1098,#1099));
#2801=EDGE_LOOP('',(#1100,#1101,#1102,#1103));
#2802=EDGE_LOOP('',(#1104,#1105,#1106,#1107));
#2803=EDGE_LOOP('',(#1108,#1109,#1110,#1111));
#2804=EDGE_LOOP('',(#1112,#1113,#1114,#1115));
#2805=EDGE_LOOP('',(#1116,#1117,#1118,#1119));
#2806=EDGE_LOOP('',(#1120,#1121,#1122,#1123,#1124,#1125,#1126,#1127));
#2807=EDGE_LOOP('',(#1128,#1129,#1130,#1131));
#2808=EDGE_LOOP('',(#1132,#1133,#1134,#1135,#1136,#1137));
#2809=EDGE_LOOP('',(#1138,#1139,#1140,#1141,#1142,#1143));
#2810=EDGE_LOOP('',(#1144,#1145,#1146,#1147));
#2811=EDGE_LOOP('',(#1148,#1149,#1150,#1151));
#2812=EDGE_LOOP('',(#1152,#1153,#1154,#1155));
#2813=EDGE_LOOP('',(#1156,#1157,#1158));
#2814=EDGE_LOOP('',(#1159,#1160,#1161,#1162));
#2815=EDGE_LOOP('',(#1163,#1164,#1165,#1166));
#2816=EDGE_LOOP('',(#1167,#1168,#1169,#1170));
#2817=EDGE_LOOP('',(#1171,#1172,#1173,#1174));
#2818=EDGE_LOOP('',(#1175,#1176,#1177,#1178));
#2819=EDGE_LOOP('',(#1179,#1180,#1181,#1182,#1183));
#2820=EDGE_LOOP('',(#1184,#1185,#1186,#1187));
#2821=EDGE_LOOP('',(#1188,#1189,#1190));
#2822=EDGE_LOOP('',(#1191,#1192,#1193,#1194));
#2823=EDGE_LOOP('',(#1195,#1196,#1197));
#2824=EDGE_LOOP('',(#1198,#1199,#1200,#1201));
#2825=EDGE_LOOP('',(#1202,#1203,#1204,#1205));
#2826=EDGE_LOOP('',(#1206,#1207,#1208));
#2827=EDGE_LOOP('',(#1209,#1210,#1211,#1212,#1213));
#2828=EDGE_LOOP('',(#1214,#1215,#1216));
#2829=EDGE_LOOP('',(#1217,#1218,#1219,#1220));
#2830=EDGE_LOOP('',(#1221,#1222,#1223,#1224));
#2831=EDGE_LOOP('',(#1225,#1226,#1227,#1228));
#2832=EDGE_LOOP('',(#1229,#1230,#1231,#1232));
#2833=EDGE_LOOP('',(#1233,#1234,#1235,#1236));
#2834=EDGE_LOOP('',(#1237,#1238,#1239));
#2835=EDGE_LOOP('',(#1240,#1241,#1242,#1243));
#2836=EDGE_LOOP('',(#1244,#1245,#1246,#1247,#1248));
#2837=EDGE_LOOP('',(#1249,#1250,#1251,#1252,#1253));
#2838=EDGE_LOOP('',(#1254,#1255,#1256));
#2839=EDGE_LOOP('',(#1257,#1258,#1259,#1260));
#2840=EDGE_LOOP('',(#1261,#1262,#1263,#1264));
#2841=EDGE_LOOP('',(#1265,#1266,#1267));
#2842=EDGE_LOOP('',(#1268,#1269,#1270));
#2843=EDGE_LOOP('',(#1271,#1272,#1273,#1274));
#2844=EDGE_LOOP('',(#1275,#1276,#1277,#1278));
#2845=EDGE_LOOP('',(#1279,#1280,#1281));
#2846=EDGE_LOOP('',(#1282,#1283,#1284,#1285,#1286));
#2847=EDGE_LOOP('',(#1287,#1288,#1289,#1290,#1291));
#2848=EDGE_LOOP('',(#1292,#1293,#1294));
#2849=EDGE_LOOP('',(#1295,#1296,#1297,#1298));
#2850=EDGE_LOOP('',(#1299,#1300,#1301,#1302));
#2851=EDGE_LOOP('',(#1303,#1304,#1305,#1306));
#2852=EDGE_LOOP('',(#1307,#1308,#1309,#1310));
#2853=EDGE_LOOP('',(#1311,#1312,#1313,#1314));
#2854=EDGE_LOOP('',(#1315,#1316,#1317));
#2855=EDGE_LOOP('',(#1318,#1319,#1320,#1321,#1322));
#2856=EDGE_LOOP('',(#1323,#1324,#1325));
#2857=EDGE_LOOP('',(#1326,#1327,#1328,#1329));
#2858=EDGE_LOOP('',(#1330,#1331,#1332,#1333));
#2859=EDGE_LOOP('',(#1334,#1335,#1336));
#2860=EDGE_LOOP('',(#1337,#1338,#1339,#1340));
#2861=EDGE_LOOP('',(#1341,#1342,#1343,#1344));
#2862=EDGE_LOOP('',(#1345,#1346,#1347));
#2863=EDGE_LOOP('',(#1348,#1349,#1350,#1351,#1352));
#2864=EDGE_LOOP('',(#1353,#1354,#1355,#1356));
#2865=EDGE_LOOP('',(#1357,#1358,#1359,#1360));
#2866=EDGE_LOOP('',(#1361,#1362,#1363,#1364));
#2867=EDGE_LOOP('',(#1365,#1366,#1367,#1368));
#2868=EDGE_LOOP('',(#1369,#1370,#1371,#1372));
#2869=EDGE_LOOP('',(#1373,#1374,#1375));
#2870=EDGE_LOOP('',(#1376,#1377,#1378,#1379));
#2871=EDGE_LOOP('',(#1380,#1381,#1382,#1383));
#2872=EDGE_LOOP('',(#1384,#1385,#1386,#1387));
#2873=EDGE_LOOP('',(#1388,#1389,#1390));
#2874=EDGE_LOOP('',(#1391,#1392,#1393,#1394));
#2875=EDGE_LOOP('',(#1395,#1396,#1397,#1398));
#2876=EDGE_LOOP('',(#1399,#1400,#1401,#1402));
#2877=EDGE_LOOP('',(#1403,#1404,#1405,#1406));
#2878=EDGE_LOOP('',(#1407,#1408,#1409));
#2879=EDGE_LOOP('',(#1410,#1411,#1412));
#2880=EDGE_LOOP('',(#1413,#1414,#1415,#1416));
#2881=EDGE_LOOP('',(#1417,#1418,#1419,#1420));
#2882=EDGE_LOOP('',(#1421,#1422,#1423));
#2883=EDGE_LOOP('',(#1424,#1425,#1426,#1427));
#2884=EDGE_LOOP('',(#1428,#1429,#1430,#1431));
#2885=EDGE_LOOP('',(#1432,#1433,#1434,#1435));
#2886=EDGE_LOOP('',(#1436,#1437,#1438,#1439));
#2887=EDGE_LOOP('',(#1440,#1441,#1442,#1443));
#2888=EDGE_LOOP('',(#1444,#1445,#1446,#1447));
#2889=EDGE_LOOP('',(#1448,#1449,#1450,#1451));
#2890=EDGE_LOOP('',(#1452,#1453,#1454,#1455));
#2891=EDGE_LOOP('',(#1456,#1457,#1458,#1459));
#2892=EDGE_LOOP('',(#1460,#1461,#1462,#1463));
#2893=EDGE_LOOP('',(#1464,#1465,#1466,#1467));
#2894=EDGE_LOOP('',(#1468,#1469,#1470,#1471));
#2895=EDGE_LOOP('',(#1472,#1473,#1474,#1475));
#2896=EDGE_LOOP('',(#1476,#1477,#1478,#1479));
#2897=EDGE_LOOP('',(#1480,#1481,#1482,#1483));
#2898=EDGE_LOOP('',(#1484,#1485,#1486,#1487));
#2899=EDGE_LOOP('',(#1488,#1489,#1490,#1491));
#2900=EDGE_LOOP('',(#1492,#1493,#1494,#1495));
#2901=EDGE_LOOP('',(#1496,#1497,#1498,#1499));
#2902=EDGE_LOOP('',(#1500,#1501,#1502,#1503));
#2903=EDGE_LOOP('',(#1504,#1505,#1506,#1507));
#2904=EDGE_LOOP('',(#1508,#1509,#1510,#1511));
#2905=EDGE_LOOP('',(#1512,#1513,#1514,#1515));
#2906=EDGE_LOOP('',(#1516,#1517,#1518,#1519));
#2907=EDGE_LOOP('',(#1520,#1521,#1522,#1523));
#2908=EDGE_LOOP('',(#1524,#1525,#1526,#1527));
#2909=EDGE_LOOP('',(#1528,#1529,#1530,#1531));
#2910=EDGE_LOOP('',(#1532,#1533,#1534,#1535));
#2911=EDGE_LOOP('',(#1536,#1537,#1538,#1539));
#2912=EDGE_LOOP('',(#1540,#1541,#1542,#1543));
#2913=EDGE_LOOP('',(#1544,#1545,#1546,#1547));
#2914=EDGE_LOOP('',(#1548,#1549,#1550,#1551));
#2915=EDGE_LOOP('',(#1552,#1553,#1554,#1555));
#2916=EDGE_LOOP('',(#1556,#1557,#1558,#1559));
#2917=EDGE_LOOP('',(#1560,#1561,#1562,#1563));
#2918=EDGE_LOOP('',(#1564,#1565,#1566,#1567));
#2919=EDGE_LOOP('',(#1568,#1569,#1570,#1571));
#2920=EDGE_LOOP('',(#1572,#1573,#1574,#1575));
#2921=EDGE_LOOP('',(#1576,#1577,#1578,#1579));
#2922=EDGE_LOOP('',(#1580,#1581,#1582,#1583));
#2923=EDGE_LOOP('',(#1584,#1585,#1586,#1587));
#2924=EDGE_LOOP('',(#1588,#1589,#1590,#1591));
#2925=EDGE_LOOP('',(#1592,#1593,#1594,#1595));
#2926=EDGE_LOOP('',(#1596,#1597,#1598,#1599));
#2927=EDGE_LOOP('',(#1600,#1601,#1602,#1603));
#2928=EDGE_LOOP('',(#1604,#1605,#1606,#1607));
#2929=EDGE_LOOP('',(#1608,#1609,#1610,#1611));
#2930=EDGE_LOOP('',(#1612,#1613,#1614,#1615));
#2931=EDGE_LOOP('',(#1616,#1617,#1618,#1619));
#2932=EDGE_LOOP('',(#1620,#1621,#1622,#1623));
#2933=EDGE_LOOP('',(#1624,#1625,#1626,#1627));
#2934=EDGE_LOOP('',(#1628,#1629,#1630,#1631));
#2935=EDGE_LOOP('',(#1632,#1633,#1634,#1635));
#2936=EDGE_LOOP('',(#1636,#1637,#1638,#1639));
#2937=EDGE_LOOP('',(#1640,#1641,#1642,#1643));
#2938=EDGE_LOOP('',(#1644,#1645,#1646,#1647));
#2939=EDGE_LOOP('',(#1648,#1649,#1650,#1651));
#2940=EDGE_LOOP('',(#1652,#1653,#1654,#1655));
#2941=EDGE_LOOP('',(#1656,#1657,#1658,#1659));
#2942=EDGE_LOOP('',(#1660,#1661,#1662,#1663));
#2943=EDGE_LOOP('',(#1664,#1665,#1666,#1667));
#2944=EDGE_LOOP('',(#1668,#1669,#1670,#1671));
#2945=EDGE_LOOP('',(#1672,#1673,#1674,#1675));
#2946=EDGE_LOOP('',(#1676,#1677,#1678,#1679));
#2947=EDGE_LOOP('',(#1680,#1681,#1682,#1683));
#2948=EDGE_LOOP('',(#1684,#1685,#1686,#1687));
#2949=EDGE_LOOP('',(#1688,#1689,#1690,#1691));
#2950=EDGE_LOOP('',(#1692,#1693,#1694,#1695));
#2951=EDGE_LOOP('',(#1696,#1697,#1698,#1699));
#2952=FACE_BOUND('',#2732,.T.);
#2953=FACE_BOUND('',#2733,.T.);
#2954=FACE_BOUND('',#2734,.T.);
#2955=FACE_BOUND('',#2735,.T.);
#2956=FACE_BOUND('',#2736,.T.);
#2957=FACE_BOUND('',#2737,.T.);
#2958=FACE_BOUND('',#2738,.T.);
#2959=FACE_BOUND('',#2739,.T.);
#2960=FACE_BOUND('',#2740,.T.);
#2961=FACE_BOUND('',#2741,.T.);
#2962=FACE_BOUND('',#2742,.T.);
#2963=FACE_BOUND('',#2743,.T.);
#2964=FACE_BOUND('',#2744,.T.);
#2965=FACE_BOUND('',#2745,.T.);
#2966=FACE_BOUND('',#2746,.T.);
#2967=FACE_BOUND('',#2747,.T.);
#2968=FACE_BOUND('',#2748,.T.);
#2969=FACE_BOUND('',#2749,.T.);
#2970=FACE_BOUND('',#2750,.T.);
#2971=FACE_BOUND('',#2751,.T.);
#2972=FACE_BOUND('',#2752,.T.);
#2973=FACE_BOUND('',#2753,.T.);
#2974=FACE_BOUND('',#2754,.T.);
#2975=FACE_BOUND('',#2755,.T.);
#2976=FACE_BOUND('',#2756,.T.);
#2977=FACE_BOUND('',#2757,.T.);
#2978=FACE_BOUND('',#2758,.T.);
#2979=FACE_BOUND('',#2759,.T.);
#2980=FACE_BOUND('',#2760,.T.);
#2981=FACE_BOUND('',#2761,.T.);
#2982=FACE_BOUND('',#2762,.T.);
#2983=FACE_BOUND('',#2763,.T.);
#2984=FACE_BOUND('',#2764,.T.);
#2985=FACE_BOUND('',#2765,.T.);
#2986=FACE_BOUND('',#2766,.T.);
#2987=FACE_BOUND('',#2767,.T.);
#2988=FACE_BOUND('',#2768,.T.);
#2989=FACE_BOUND('',#2769,.T.);
#2990=FACE_BOUND('',#2770,.T.);
#2991=FACE_BOUND('',#2771,.T.);
#2992=FACE_BOUND('',#2772,.T.);
#2993=FACE_BOUND('',#2773,.T.);
#2994=FACE_BOUND('',#2774,.T.);
#2995=FACE_BOUND('',#2775,.T.);
#2996=FACE_BOUND('',#2776,.T.);
#2997=FACE_BOUND('',#2777,.T.);
#2998=FACE_BOUND('',#2778,.T.);
#2999=FACE_BOUND('',#2779,.T.);
#3000=FACE_BOUND('',#2780,.T.);
#3001=FACE_BOUND('',#2781,.T.);
#3002=FACE_BOUND('',#2782,.T.);
#3003=FACE_BOUND('',#2783,.T.);
#3004=FACE_BOUND('',#2784,.T.);
#3005=FACE_BOUND('',#2785,.T.);
#3006=FACE_BOUND('',#2786,.T.);
#3007=FACE_BOUND('',#2787,.T.);
#3008=FACE_BOUND('',#2788,.T.);
#3009=FACE_BOUND('',#2789,.T.);
#3010=FACE_BOUND('',#2790,.T.);
#3011=FACE_BOUND('',#2791,.T.);
#3012=FACE_BOUND('',#2792,.T.);
#3013=FACE_BOUND('',#2793,.T.);
#3014=FACE_BOUND('',#2794,.T.);
#3015=FACE_BOUND('',#2795,.T.);
#3016=FACE_BOUND('',#2796,.T.);
#3017=FACE_BOUND('',#2797,.T.);
#3018=FACE_BOUND('',#2798,.T.);
#3019=FACE_BOUND('',#2799,.T.);
#3020=FACE_BOUND('',#2800,.T.);
#3021=FACE_BOUND('',#2801,.T.);
#3022=FACE_BOUND('',#2802,.T.);
#3023=FACE_BOUND('',#2803,.T.);
#3024=FACE_BOUND('',#2804,.T.);
#3025=FACE_BOUND('',#2805,.T.);
#3026=FACE_BOUND('',#2806,.T.);
#3027=FACE_BOUND('',#2807,.T.);
#3028=FACE_BOUND('',#2808,.T.);
#3029=FACE_BOUND('',#2809,.T.);
#3030=FACE_BOUND('',#2810,.T.);
#3031=FACE_BOUND('',#2811,.T.);
#3032=FACE_BOUND('',#2812,.T.);
#3033=FACE_BOUND('',#2813,.T.);
#3034=FACE_BOUND('',#2814,.T.);
#3035=FACE_BOUND('',#2815,.T.);
#3036=FACE_BOUND('',#2816,.T.);
#3037=FACE_BOUND('',#2817,.T.);
#3038=FACE_BOUND('',#2818,.T.);
#3039=FACE_BOUND('',#2819,.T.);
#3040=FACE_BOUND('',#2820,.T.);
#3041=FACE_BOUND('',#2821,.T.);
#3042=FACE_BOUND('',#2822,.T.);
#3043=FACE_BOUND('',#2823,.T.);
#3044=FACE_BOUND('',#2824,.T.);
#3045=FACE_BOUND('',#2825,.T.);
#3046=FACE_BOUND('',#2826,.T.);
#3047=FACE_BOUND('',#2827,.T.);
#3048=FACE_BOUND('',#2828,.T.);
#3049=FACE_BOUND('',#2829,.T.);
#3050=FACE_BOUND('',#2830,.T.);
#3051=FACE_BOUND('',#2831,.T.);
#3052=FACE_BOUND('',#2832,.T.);
#3053=FACE_BOUND('',#2833,.T.);
#3054=FACE_BOUND('',#2834,.T.);
#3055=FACE_BOUND('',#2835,.T.);
#3056=FACE_BOUND('',#2836,.T.);
#3057=FACE_BOUND('',#2837,.T.);
#3058=FACE_BOUND('',#2838,.T.);
#3059=FACE_BOUND('',#2839,.T.);
#3060=FACE_BOUND('',#2840,.T.);
#3061=FACE_BOUND('',#2841,.T.);
#3062=FACE_BOUND('',#2842,.T.);
#3063=FACE_BOUND('',#2843,.T.);
#3064=FACE_BOUND('',#2844,.T.);
#3065=FACE_BOUND('',#2845,.T.);
#3066=FACE_BOUND('',#2846,.T.);
#3067=FACE_BOUND('',#2847,.T.);
#3068=FACE_BOUND('',#2848,.T.);
#3069=FACE_BOUND('',#2849,.T.);
#3070=FACE_BOUND('',#2850,.T.);
#3071=FACE_BOUND('',#2851,.T.);
#3072=FACE_BOUND('',#2852,.T.);
#3073=FACE_BOUND('',#2853,.T.);
#3074=FACE_BOUND('',#2854,.T.);
#3075=FACE_BOUND('',#2855,.T.);
#3076=FACE_BOUND('',#2856,.T.);
#3077=FACE_BOUND('',#2857,.T.);
#3078=FACE_BOUND('',#2858,.T.);
#3079=FACE_BOUND('',#2859,.T.);
#3080=FACE_BOUND('',#2860,.T.);
#3081=FACE_BOUND('',#2861,.T.);
#3082=FACE_BOUND('',#2862,.T.);
#3083=FACE_BOUND('',#2863,.T.);
#3084=FACE_BOUND('',#2864,.T.);
#3085=FACE_BOUND('',#2865,.T.);
#3086=FACE_BOUND('',#2866,.T.);
#3087=FACE_BOUND('',#2867,.T.);
#3088=FACE_BOUND('',#2868,.T.);
#3089=FACE_BOUND('',#2869,.T.);
#3090=FACE_BOUND('',#2870,.T.);
#3091=FACE_BOUND('',#2871,.T.);
#3092=FACE_BOUND('',#2872,.T.);
#3093=FACE_BOUND('',#2873,.T.);
#3094=FACE_BOUND('',#2874,.T.);
#3095=FACE_BOUND('',#2875,.T.);
#3096=FACE_BOUND('',#2876,.T.);
#3097=FACE_BOUND('',#2877,.T.);
#3098=FACE_BOUND('',#2878,.T.);
#3099=FACE_BOUND('',#2879,.T.);
#3100=FACE_BOUND('',#2880,.T.);
#3101=FACE_BOUND('',#2881,.T.);
#3102=FACE_BOUND('',#2882,.T.);
#3103=FACE_BOUND('',#2883,.T.);
#3104=FACE_BOUND('',#2884,.T.);
#3105=FACE_BOUND('',#2885,.T.);
#3106=FACE_BOUND('',#2886,.T.);
#3107=FACE_BOUND('',#2887,.T.);
#3108=FACE_BOUND('',#2888,.T.);
#3109=FACE_BOUND('',#2889,.T.);
#3110=FACE_BOUND('',#2890,.T.);
#3111=FACE_BOUND('',#2891,.T.);
#3112=FACE_BOUND('',#2892,.T.);
#3113=FACE_BOUND('',#2893,.T.);
#3114=FACE_BOUND('',#2894,.T.);
#3115=FACE_BOUND('',#2895,.T.);
#3116=FACE_BOUND('',#2896,.T.);
#3117=FACE_BOUND('',#2897,.T.);
#3118=FACE_BOUND('',#2898,.T.);
#3119=FACE_BOUND('',#2899,.T.);
#3120=FACE_BOUND('',#2900,.T.);
#3121=FACE_BOUND('',#2901,.T.);
#3122=FACE_BOUND('',#2902,.T.);
#3123=FACE_BOUND('',#2903,.T.);
#3124=FACE_BOUND('',#2904,.T.);
#3125=FACE_BOUND('',#2905,.T.);
#3126=FACE_BOUND('',#2906,.T.);
#3127=FACE_BOUND('',#2907,.T.);
#3128=FACE_BOUND('',#2908,.T.);
#3129=FACE_BOUND('',#2909,.T.);
#3130=FACE_BOUND('',#2910,.T.);
#3131=FACE_BOUND('',#2911,.T.);
#3132=FACE_BOUND('',#2912,.T.);
#3133=FACE_BOUND('',#2913,.T.);
#3134=FACE_BOUND('',#2914,.T.);
#3135=FACE_BOUND('',#2915,.T.);
#3136=FACE_BOUND('',#2916,.T.);
#3137=FACE_BOUND('',#2917,.T.);
#3138=FACE_BOUND('',#2918,.T.);
#3139=FACE_BOUND('',#2919,.T.);
#3140=FACE_BOUND('',#2920,.T.);
#3141=FACE_BOUND('',#2921,.T.);
#3142=FACE_BOUND('',#2922,.T.);
#3143=FACE_BOUND('',#2923,.T.);
#3144=FACE_BOUND('',#2924,.T.);
#3145=FACE_BOUND('',#2925,.T.);
#3146=FACE_BOUND('',#2926,.T.);
#3147=FACE_BOUND('',#2927,.T.);
#3148=FACE_BOUND('',#2928,.T.);
#3149=FACE_BOUND('',#2929,.T.);
#3150=FACE_BOUND('',#2930,.T.);
#3151=FACE_BOUND('',#2931,.T.);
#3152=FACE_BOUND('',#2932,.T.);
#3153=FACE_BOUND('',#2933,.T.);
#3154=FACE_BOUND('',#2934,.T.);
#3155=FACE_BOUND('',#2935,.T.);
#3156=FACE_BOUND('',#2936,.T.);
#3157=FACE_BOUND('',#2937,.T.);
#3158=FACE_BOUND('',#2938,.T.);
#3159=FACE_BOUND('',#2939,.T.);
#3160=FACE_BOUND('',#2940,.T.);
#3161=FACE_BOUND('',#2941,.T.);
#3162=FACE_BOUND('',#2942,.T.);
#3163=FACE_BOUND('',#2943,.T.);
#3164=FACE_BOUND('',#2944,.T.);
#3165=FACE_BOUND('',#2945,.T.);
#3166=FACE_BOUND('',#2946,.T.);
#3167=FACE_BOUND('',#2947,.T.);
#3168=FACE_BOUND('',#2948,.T.);
#3169=FACE_BOUND('',#2949,.T.);
#3170=FACE_BOUND('',#2950,.T.);
#3171=FACE_BOUND('',#2951,.T.);
#3172=CYLINDRICAL_SURFACE('',#3495,0.15255875);
#3173=CYLINDRICAL_SURFACE('',#3588,0.143668750000003);
#3174=CYLINDRICAL_SURFACE('',#3594,0.143668750000002);
#3175=CYLINDRICAL_SURFACE('',#3604,0.143668750000003);
#3176=CYLINDRICAL_SURFACE('',#3610,0.143668750000002);
#3177=CYLINDRICAL_SURFACE('',#3620,0.011381);
#3178=CYLINDRICAL_SURFACE('',#3629,0.011381);
#3179=CYLINDRICAL_SURFACE('',#3631,0.004312);
#3180=CYLINDRICAL_SURFACE('',#3639,0.004312);
#3181=CYLINDRICAL_SURFACE('',#3646,0.00631199999999993);
#3182=CYLINDRICAL_SURFACE('',#3648,0.004512);
#3183=CYLINDRICAL_SURFACE('',#3657,0.004512);
#3184=CYLINDRICAL_SURFACE('',#3659,0.006312);
#3185=CYLINDRICAL_SURFACE('',#3666,0.00127);
#3186=CYLINDRICAL_SURFACE('',#3668,0.00127);
#3187=CYLINDRICAL_SURFACE('',#3678,0.00127);
#3188=CYLINDRICAL_SURFACE('',#3680,0.00127);
#3189=CYLINDRICAL_SURFACE('',#3687,0.00127);
#3190=CYLINDRICAL_SURFACE('',#3692,0.00127);
#3191=CYLINDRICAL_SURFACE('',#3696,0.00127);
#3192=CYLINDRICAL_SURFACE('',#3698,0.00127);
#3193=CYLINDRICAL_SURFACE('',#3704,0.00127);
#3194=CYLINDRICAL_SURFACE('',#3710,0.00127);
#3195=CYLINDRICAL_SURFACE('',#3711,0.00127);
#3196=CYLINDRICAL_SURFACE('',#3713,0.00127);
#3197=CYLINDRICAL_SURFACE('',#3715,0.00127);
#3198=CYLINDRICAL_SURFACE('',#3721,0.00127);
#3199=CYLINDRICAL_SURFACE('',#3725,0.00127);
#3200=CYLINDRICAL_SURFACE('',#3729,0.00127);
#3201=CYLINDRICAL_SURFACE('',#3732,0.00127);
#3202=CYLINDRICAL_SURFACE('',#3739,0.00127);
#3203=CYLINDRICAL_SURFACE('',#3741,0.00127);
#3204=CYLINDRICAL_SURFACE('',#3745,0.00127);
#3205=CYLINDRICAL_SURFACE('',#3750,0.00127);
#3206=CYLINDRICAL_SURFACE('',#3753,0.00127);
#3207=CYLINDRICAL_SURFACE('',#3755,0.00127);
#3208=CYLINDRICAL_SURFACE('',#3757,0.00127);
#3209=CYLINDRICAL_SURFACE('',#3763,0.00127);
#3210=CYLINDRICAL_SURFACE('',#3767,0.00127);
#3211=CYLINDRICAL_SURFACE('',#3769,0.00127);
#3212=CYLINDRICAL_SURFACE('',#3774,0.00127);
#3213=CYLINDRICAL_SURFACE('',#3776,0.00127);
#3214=CYLINDRICAL_SURFACE('',#3785,0.00127);
#3215=CYLINDRICAL_SURFACE('',#3787,0.00127);
#3216=CYLINDRICAL_SURFACE('',#3795,0.00127);
#3217=CYLINDRICAL_SURFACE('',#3796,0.00127);
#3218=CYLINDRICAL_SURFACE('',#3801,0.00127);
#3219=CYLINDRICAL_SURFACE('',#3803,0.00127);
#3220=CYLINDRICAL_SURFACE('',#3805,0.00127);
#3221=CYLINDRICAL_SURFACE('',#3807,0.00127);
#3222=CYLINDRICAL_SURFACE('',#3813,0.00127);
#3223=CYLINDRICAL_SURFACE('',#3815,0.00127);
#3224=CYLINDRICAL_SURFACE('',#3819,0.00127);
#3225=CYLINDRICAL_SURFACE('',#3820,0.00127);
#3226=CYLINDRICAL_SURFACE('',#3823,0.00127);
#3227=CYLINDRICAL_SURFACE('',#3826,0.00127);
#3228=CYLINDRICAL_SURFACE('',#3829,0.00127);
#3229=CYLINDRICAL_SURFACE('',#3832,0.00127);
#3230=CYLINDRICAL_SURFACE('',#3835,0.00127);
#3231=CYLINDRICAL_SURFACE('',#3838,0.00127);
#3232=CYLINDRICAL_SURFACE('',#3841,0.00127);
#3233=CYLINDRICAL_SURFACE('',#3844,0.00635);
#3234=CYLINDRICAL_SURFACE('',#3847,0.00635);
#3235=CYLINDRICAL_SURFACE('',#3852,0.00635);
#3236=CYLINDRICAL_SURFACE('',#3856,0.00635);
#3237=CYLINDRICAL_SURFACE('',#3858,0.00635);
#3238=CYLINDRICAL_SURFACE('',#3863,0.00635);
#3239=CYLINDRICAL_SURFACE('',#3867,0.00635);
#3240=CYLINDRICAL_SURFACE('',#3869,0.00635);
#3241=CYLINDRICAL_SURFACE('',#3872,0.00127);
#3242=CYLINDRICAL_SURFACE('',#3878,0.00127);
#3243=CYLINDRICAL_SURFACE('',#3880,0.00127);
#3244=CYLINDRICAL_SURFACE('',#3884,0.00127);
#3245=CYLINDRICAL_SURFACE('',#3886,0.00127);
#3246=CYLINDRICAL_SURFACE('',#3891,0.00127);
#3247=CYLINDRICAL_SURFACE('',#3892,0.00127);
#3248=CYLINDRICAL_SURFACE('',#3898,0.00127);
#3249=CYLINDRICAL_SURFACE('',#3900,0.00127);
#3250=CYLINDRICAL_SURFACE('',#3904,0.00127);
#3251=CYLINDRICAL_SURFACE('',#3906,0.00127);
#3252=CYLINDRICAL_SURFACE('',#3911,0.00127);
#3253=CYLINDRICAL_SURFACE('',#3912,0.00127);
#3254=CYLINDRICAL_SURFACE('',#3918,0.00127);
#3255=CYLINDRICAL_SURFACE('',#3920,0.00127);
#3256=CYLINDRICAL_SURFACE('',#3924,0.00127);
#3257=CYLINDRICAL_SURFACE('',#3926,0.00127);
#3258=CYLINDRICAL_SURFACE('',#3931,0.00127);
#3259=CYLINDRICAL_SURFACE('',#3932,0.00127);
#3260=CYLINDRICAL_SURFACE('',#3938,0.00127);
#3261=CYLINDRICAL_SURFACE('',#3940,0.00127);
#3262=CYLINDRICAL_SURFACE('',#3944,0.00127);
#3263=CYLINDRICAL_SURFACE('',#3946,0.00127);
#3264=CYLINDRICAL_SURFACE('',#3951,0.00127);
#3265=ADVANCED_FACE('',(#2952,#2953,#2954),#3172,.F.);
#3266=ADVANCED_FACE('',(#2955),#110,.F.);
#3267=ADVANCED_FACE('',(#2956),#111,.F.);
#3268=ADVANCED_FACE('',(#2957),#112,.F.);
#3269=ADVANCED_FACE('',(#2958),#113,.T.);
#3270=ADVANCED_FACE('',(#2959,#2960),#114,.F.);
#3271=ADVANCED_FACE('',(#2961),#115,.F.);
#3272=ADVANCED_FACE('',(#2962),#116,.F.);
#3273=ADVANCED_FACE('',(#2963),#117,.F.);
#3274=ADVANCED_FACE('',(#2964),#118,.T.);
#3275=ADVANCED_FACE('',(#2965),#119,.T.);
#3276=ADVANCED_FACE('',(#2966),#120,.F.);
#3277=ADVANCED_FACE('',(#2967),#121,.F.);
#3278=ADVANCED_FACE('',(#2968),#122,.T.);
#3279=ADVANCED_FACE('',(#2969),#123,.T.);
#3280=ADVANCED_FACE('',(#2970),#124,.F.);
#3281=ADVANCED_FACE('',(#2971),#125,.F.);
#3282=ADVANCED_FACE('',(#2972),#126,.T.);
#3283=ADVANCED_FACE('',(#2973),#127,.F.);
#3284=ADVANCED_FACE('',(#2974),#128,.F.);
#3285=ADVANCED_FACE('',(#2975),#129,.T.);
#3286=ADVANCED_FACE('',(#2976),#130,.F.);
#3287=ADVANCED_FACE('',(#2977),#131,.F.);
#3288=ADVANCED_FACE('',(#2978),#132,.T.);
#3289=ADVANCED_FACE('',(#2979),#133,.F.);
#3290=ADVANCED_FACE('',(#2980),#134,.F.);
#3291=ADVANCED_FACE('',(#2981),#135,.T.);
#3292=ADVANCED_FACE('',(#2982),#136,.F.);
#3293=ADVANCED_FACE('',(#2983),#3173,.F.);
#3294=ADVANCED_FACE('',(#2984),#137,.F.);
#3295=ADVANCED_FACE('',(#2985),#3174,.F.);
#3296=ADVANCED_FACE('',(#2986),#138,.T.);
#3297=ADVANCED_FACE('',(#2987),#139,.F.);
#3298=ADVANCED_FACE('',(#2988),#140,.F.);
#3299=ADVANCED_FACE('',(#2989),#3175,.F.);
#3300=ADVANCED_FACE('',(#2990),#141,.F.);
#3301=ADVANCED_FACE('',(#2991),#3176,.F.);
#3302=ADVANCED_FACE('',(#2992),#142,.T.);
#3303=ADVANCED_FACE('',(#2993),#143,.F.);
#3304=ADVANCED_FACE('',(#2994),#144,.T.);
#3305=ADVANCED_FACE('',(#2995),#145,.T.);
#3306=ADVANCED_FACE('',(#2996),#3177,.F.);
#3307=ADVANCED_FACE('',(#2997),#146,.F.);
#3308=ADVANCED_FACE('',(#2998),#147,.F.);
#3309=ADVANCED_FACE('',(#2999),#148,.F.);
#3310=ADVANCED_FACE('',(#3000),#149,.F.);
#3311=ADVANCED_FACE('',(#3001),#3178,.F.);
#3312=ADVANCED_FACE('',(#3002),#150,.F.);
#3313=ADVANCED_FACE('',(#3003),#3179,.F.);
#3314=ADVANCED_FACE('',(#3004),#151,.F.);
#3315=ADVANCED_FACE('',(#3005),#152,.F.);
#3316=ADVANCED_FACE('',(#3006),#153,.F.);
#3317=ADVANCED_FACE('',(#3007),#154,.T.);
#3318=ADVANCED_FACE('',(#3008),#155,.T.);
#3319=ADVANCED_FACE('',(#3009),#3180,.F.);
#3320=ADVANCED_FACE('',(#3010),#156,.F.);
#3321=ADVANCED_FACE('',(#3011),#157,.F.);
#3322=ADVANCED_FACE('',(#3012),#158,.F.);
#3323=ADVANCED_FACE('',(#3013),#159,.F.);
#3324=ADVANCED_FACE('',(#3014),#3181,.F.);
#3325=ADVANCED_FACE('',(#3015),#3182,.F.);
#3326=ADVANCED_FACE('',(#3016),#160,.F.);
#3327=ADVANCED_FACE('',(#3017),#161,.F.);
#3328=ADVANCED_FACE('',(#3018),#162,.F.);
#3329=ADVANCED_FACE('',(#3019),#163,.F.);
#3330=ADVANCED_FACE('',(#3020),#164,.T.);
#3331=ADVANCED_FACE('',(#3021),#165,.F.);
#3332=ADVANCED_FACE('',(#3022),#166,.F.);
#3333=ADVANCED_FACE('',(#3023),#3183,.F.);
#3334=ADVANCED_FACE('',(#3024),#3184,.F.);
#3335=ADVANCED_FACE('',(#3025),#167,.F.);
#3336=ADVANCED_FACE('',(#3026),#168,.F.);
#3337=ADVANCED_FACE('',(#3027),#169,.F.);
#3338=ADVANCED_FACE('',(#3028),#170,.F.);
#3339=ADVANCED_FACE('',(#3029),#171,.T.);
#3340=ADVANCED_FACE('',(#3030),#3185,.F.);
#3341=ADVANCED_FACE('',(#3031),#3186,.T.);
#3342=ADVANCED_FACE('',(#3032),#48,.T.);
#3343=ADVANCED_FACE('',(#3033),#28,.T.);
#3344=ADVANCED_FACE('',(#3034),#49,.T.);
#3345=ADVANCED_FACE('',(#3035),#3187,.F.);
#3346=ADVANCED_FACE('',(#3036),#3188,.T.);
#3347=ADVANCED_FACE('',(#3037),#50,.T.);
#3348=ADVANCED_FACE('',(#3038),#51,.T.);
#3349=ADVANCED_FACE('',(#3039),#52,.T.);
#3350=ADVANCED_FACE('',(#3040),#3189,.T.);
#3351=ADVANCED_FACE('',(#3041),#29,.T.);
#3352=ADVANCED_FACE('',(#3042),#3190,.T.);
#3353=ADVANCED_FACE('',(#3043),#30,.T.);
#3354=ADVANCED_FACE('',(#3044),#3191,.T.);
#3355=ADVANCED_FACE('',(#3045),#3192,.T.);
#3356=ADVANCED_FACE('',(#3046),#31,.T.);
#3357=ADVANCED_FACE('',(#3047),#3193,.T.);
#3358=ADVANCED_FACE('',(#3048),#32,.T.);
#3359=ADVANCED_FACE('',(#3049),#53,.T.);
#3360=ADVANCED_FACE('',(#3050),#3194,.T.);
#3361=ADVANCED_FACE('',(#3051),#3195,.T.);
#3362=ADVANCED_FACE('',(#3052),#3196,.T.);
#3363=ADVANCED_FACE('',(#3053),#3197,.T.);
#3364=ADVANCED_FACE('',(#3054),#33,.T.);
#3365=ADVANCED_FACE('',(#3055),#3198,.T.);
#3366=ADVANCED_FACE('',(#3056),#54,.T.);
#3367=ADVANCED_FACE('',(#3057),#3199,.T.);
#3368=ADVANCED_FACE('',(#3058),#34,.T.);
#3369=ADVANCED_FACE('',(#3059),#3200,.T.);
#3370=ADVANCED_FACE('',(#3060),#3201,.T.);
#3371=ADVANCED_FACE('',(#3061),#35,.T.);
#3372=ADVANCED_FACE('',(#3062),#36,.T.);
#3373=ADVANCED_FACE('',(#3063),#3202,.T.);
#3374=ADVANCED_FACE('',(#3064),#3203,.T.);
#3375=ADVANCED_FACE('',(#3065),#37,.T.);
#3376=ADVANCED_FACE('',(#3066),#3204,.T.);
#3377=ADVANCED_FACE('',(#3067),#55,.T.);
#3378=ADVANCED_FACE('',(#3068),#38,.T.);
#3379=ADVANCED_FACE('',(#3069),#3205,.T.);
#3380=ADVANCED_FACE('',(#3070),#3206,.T.);
#3381=ADVANCED_FACE('',(#3071),#3207,.T.);
#3382=ADVANCED_FACE('',(#3072),#3208,.T.);
#3383=ADVANCED_FACE('',(#3073),#56,.T.);
#3384=ADVANCED_FACE('',(#3074),#39,.T.);
#3385=ADVANCED_FACE('',(#3075),#3209,.T.);
#3386=ADVANCED_FACE('',(#3076),#40,.T.);
#3387=ADVANCED_FACE('',(#3077),#3210,.T.);
#3388=ADVANCED_FACE('',(#3078),#3211,.T.);
#3389=ADVANCED_FACE('',(#3079),#41,.T.);
#3390=ADVANCED_FACE('',(#3080),#3212,.F.);
#3391=ADVANCED_FACE('',(#3081),#3213,.T.);
#3392=ADVANCED_FACE('',(#3082),#42,.T.);
#3393=ADVANCED_FACE('',(#3083),#57,.T.);
#3394=ADVANCED_FACE('',(#3084),#58,.T.);
#3395=ADVANCED_FACE('',(#3085),#59,.T.);
#3396=ADVANCED_FACE('',(#3086),#3214,.T.);
#3397=ADVANCED_FACE('',(#3087),#3215,.F.);
#3398=ADVANCED_FACE('',(#3088),#60,.T.);
#3399=ADVANCED_FACE('',(#3089),#43,.T.);
#3400=ADVANCED_FACE('',(#3090),#61,.T.);
#3401=ADVANCED_FACE('',(#3091),#3216,.T.);
#3402=ADVANCED_FACE('',(#3092),#3217,.T.);
#3403=ADVANCED_FACE('',(#3093),#44,.T.);
#3404=ADVANCED_FACE('',(#3094),#3218,.T.);
#3405=ADVANCED_FACE('',(#3095),#3219,.T.);
#3406=ADVANCED_FACE('',(#3096),#3220,.T.);
#3407=ADVANCED_FACE('',(#3097),#3221,.T.);
#3408=ADVANCED_FACE('',(#3098),#45,.T.);
#3409=ADVANCED_FACE('',(#3099),#46,.T.);
#3410=ADVANCED_FACE('',(#3100),#3222,.T.);
#3411=ADVANCED_FACE('',(#3101),#3223,.T.);
#3412=ADVANCED_FACE('',(#3102),#47,.T.);
#3413=ADVANCED_FACE('',(#3103),#3224,.T.);
#3414=ADVANCED_FACE('',(#3104),#3225,.T.);
#3415=ADVANCED_FACE('',(#3105),#3226,.T.);
#3416=ADVANCED_FACE('',(#3106),#3227,.T.);
#3417=ADVANCED_FACE('',(#3107),#3228,.T.);
#3418=ADVANCED_FACE('',(#3108),#3229,.T.);
#3419=ADVANCED_FACE('',(#3109),#3230,.T.);
#3420=ADVANCED_FACE('',(#3110),#3231,.T.);
#3421=ADVANCED_FACE('',(#3111),#3232,.T.);
#3422=ADVANCED_FACE('',(#3112),#3233,.F.);
#3423=ADVANCED_FACE('',(#3113),#3234,.F.);
#3424=ADVANCED_FACE('',(#3114),#62,.F.);
#3425=ADVANCED_FACE('',(#3115),#3235,.F.);
#3426=ADVANCED_FACE('',(#3116),#63,.F.);
#3427=ADVANCED_FACE('',(#3117),#3236,.F.);
#3428=ADVANCED_FACE('',(#3118),#3237,.F.);
#3429=ADVANCED_FACE('',(#3119),#64,.F.);
#3430=ADVANCED_FACE('',(#3120),#3238,.F.);
#3431=ADVANCED_FACE('',(#3121),#65,.F.);
#3432=ADVANCED_FACE('',(#3122),#3239,.F.);
#3433=ADVANCED_FACE('',(#3123),#3240,.F.);
#3434=ADVANCED_FACE('',(#3124),#3241,.F.);
#3435=ADVANCED_FACE('',(#3125),#12,.F.);
#3436=ADVANCED_FACE('',(#3126),#66,.F.);
#3437=ADVANCED_FACE('',(#3127),#3242,.F.);
#3438=ADVANCED_FACE('',(#3128),#3243,.F.);
#3439=ADVANCED_FACE('',(#3129),#13,.F.);
#3440=ADVANCED_FACE('',(#3130),#14,.F.);
#3441=ADVANCED_FACE('',(#3131),#3244,.F.);
#3442=ADVANCED_FACE('',(#3132),#3245,.F.);
#3443=ADVANCED_FACE('',(#3133),#67,.F.);
#3444=ADVANCED_FACE('',(#3134),#15,.F.);
#3445=ADVANCED_FACE('',(#3135),#3246,.F.);
#3446=ADVANCED_FACE('',(#3136),#3247,.F.);
#3447=ADVANCED_FACE('',(#3137),#16,.F.);
#3448=ADVANCED_FACE('',(#3138),#68,.F.);
#3449=ADVANCED_FACE('',(#3139),#3248,.F.);
#3450=ADVANCED_FACE('',(#3140),#3249,.F.);
#3451=ADVANCED_FACE('',(#3141),#17,.F.);
#3452=ADVANCED_FACE('',(#3142),#18,.F.);
#3453=ADVANCED_FACE('',(#3143),#3250,.F.);
#3454=ADVANCED_FACE('',(#3144),#3251,.F.);
#3455=ADVANCED_FACE('',(#3145),#69,.F.);
#3456=ADVANCED_FACE('',(#3146),#19,.F.);
#3457=ADVANCED_FACE('',(#3147),#3252,.F.);
#3458=ADVANCED_FACE('',(#3148),#3253,.F.);
#3459=ADVANCED_FACE('',(#3149),#20,.F.);
#3460=ADVANCED_FACE('',(#3150),#70,.F.);
#3461=ADVANCED_FACE('',(#3151),#3254,.F.);
#3462=ADVANCED_FACE('',(#3152),#3255,.F.);
#3463=ADVANCED_FACE('',(#3153),#21,.F.);
#3464=ADVANCED_FACE('',(#3154),#22,.F.);
#3465=ADVANCED_FACE('',(#3155),#3256,.F.);
#3466=ADVANCED_FACE('',(#3156),#3257,.F.);
#3467=ADVANCED_FACE('',(#3157),#71,.F.);
#3468=ADVANCED_FACE('',(#3158),#23,.F.);
#3469=ADVANCED_FACE('',(#3159),#3258,.F.);
#3470=ADVANCED_FACE('',(#3160),#3259,.F.);
#3471=ADVANCED_FACE('',(#3161),#24,.F.);
#3472=ADVANCED_FACE('',(#3162),#72,.F.);
#3473=ADVANCED_FACE('',(#3163),#3260,.F.);
#3474=ADVANCED_FACE('',(#3164),#3261,.F.);
#3475=ADVANCED_FACE('',(#3165),#25,.F.);
#3476=ADVANCED_FACE('',(#3166),#26,.F.);
#3477=ADVANCED_FACE('',(#3167),#3262,.F.);
#3478=ADVANCED_FACE('',(#3168),#3263,.F.);
#3479=ADVANCED_FACE('',(#3169),#73,.F.);
#3480=ADVANCED_FACE('',(#3170),#27,.F.);
#3481=ADVANCED_FACE('',(#3171),#3264,.F.);
#3482=CLOSED_SHELL('',(#3265,#3266,#3267,#3268,#3269,#3270,#3271,#3272,
#3273,#3274,#3275,#3276,#3277,#3278,#3279,#3280,#3281,#3282,#3283,#3284,
#3285,#3286,#3287,#3288,#3289,#3290,#3291,#3292,#3293,#3294,#3295,#3296,
#3297,#3298,#3299,#3300,#3301,#3302,#3303,#3304,#3305,#3306,#3307,#3308,
#3309,#3310,#3311,#3312,#3313,#3314,#3315,#3316,#3317,#3318,#3319,#3320,
#3321,#3322,#3323,#3324,#3325,#3326,#3327,#3328,#3329,#3330,#3331,#3332,
#3333,#3334,#3335,#3336,#3337,#3338,#3339,#3340,#3341,#3342,#3343,#3344,
#3345,#3346,#3347,#3348,#3349,#3350,#3351,#3352,#3353,#3354,#3355,#3356,
#3357,#3358,#3359,#3360,#3361,#3362,#3363,#3364,#3365,#3366,#3367,#3368,
#3369,#3370,#3371,#3372,#3373,#3374,#3375,#3376,#3377,#3378,#3379,#3380,
#3381,#3382,#3383,#3384,#3385,#3386,#3387,#3388,#3389,#3390,#3391,#3392,
#3393,#3394,#3395,#3396,#3397,#3398,#3399,#3400,#3401,#3402,#3403,#3404,
#3405,#3406,#3407,#3408,#3409,#3410,#3411,#3412,#3413,#3414,#3415,#3416,
#3417,#3418,#3419,#3420,#3421,#3422,#3423,#3424,#3425,#3426,#3427,#3428,
#3429,#3430,#3431,#3432,#3433,#3434,#3435,#3436,#3437,#3438,#3439,#3440,
#3441,#3442,#3443,#3444,#3445,#3446,#3447,#3448,#3449,#3450,#3451,#3452,
#3453,#3454,#3455,#3456,#3457,#3458,#3459,#3460,#3461,#3462,#3463,#3464,
#3465,#3466,#3467,#3468,#3469,#3470,#3471,#3472,#3473,#3474,#3475,#3476,
#3477,#3478,#3479,#3480,#3481));
#3483=STYLED_ITEM('',(#3484),#3491);
#3484=PRESENTATION_STYLE_ASSIGNMENT((#3485));
#3485=SURFACE_STYLE_USAGE(.BOTH.,#3486);
#3486=SURFACE_SIDE_STYLE('',(#3487));
#3487=SURFACE_STYLE_FILL_AREA(#3488);
#3488=FILL_AREA_STYLE('',(#3489));
#3489=FILL_AREA_STYLE_COLOUR('',#3490);
#3490=COLOUR_RGB('',0.647058823529412,0.647058823529412,0.647058823529412);
#3491=MANIFOLD_SOLID_BREP('Stand',#3482);
#3492=SHAPE_DEFINITION_REPRESENTATION(#6404,#3493);
#3493=SHAPE_REPRESENTATION('Stand',(#3494),#6399);
#3494=AXIS2_PLACEMENT_3D('',#5116,#3952,#3953);
#3495=AXIS2_PLACEMENT_3D('',#5117,#3954,#3955);
#3496=AXIS2_PLACEMENT_3D('',#5118,#3956,#3957);
#3497=AXIS2_PLACEMENT_3D('',#5123,#3959,#3960);
#3498=AXIS2_PLACEMENT_3D('',#5127,#3962,#3963);
#3499=AXIS2_PLACEMENT_3D('',#5141,#3965,#3966);
#3500=AXIS2_PLACEMENT_3D('',#5145,#3968,#3969);
#3501=AXIS2_PLACEMENT_3D('',#5149,#3971,#3972);
#3502=AXIS2_PLACEMENT_3D('',#5162,#3974,#3975);
#3503=AXIS2_PLACEMENT_3D('',#5167,#3977,#3978);
#3504=AXIS2_PLACEMENT_3D('',#5171,#3980,#3981);
#3505=AXIS2_PLACEMENT_3D('',#5175,#3983,#3984);
#3506=AXIS2_PLACEMENT_3D('',#5179,#3986,#3987);
#3507=AXIS2_PLACEMENT_3D('',#5183,#3989,#3990);
#3508=AXIS2_PLACEMENT_3D('',#5189,#3993,#3994);
#3509=AXIS2_PLACEMENT_3D('',#5193,#3996,#3997);
#3510=AXIS2_PLACEMENT_3D('',#5197,#3999,#4000);
#3511=AXIS2_PLACEMENT_3D('',#5201,#4002,#4003);
#3512=AXIS2_PLACEMENT_3D('',#5205,#4005,#4006);
#3513=AXIS2_PLACEMENT_3D('',#5209,#4008,#4009);
#3514=AXIS2_PLACEMENT_3D('',#5210,#4010,#4011);
#3515=AXIS2_PLACEMENT_3D('',#5215,#4014,#4015);
#3516=AXIS2_PLACEMENT_3D('',#5222,#4019,#4020);
#3517=AXIS2_PLACEMENT_3D('',#5225,#4022,#4023);
#3518=AXIS2_PLACEMENT_3D('',#5230,#4026,#4027);
#3519=AXIS2_PLACEMENT_3D('',#5235,#4030,#4031);
#3520=AXIS2_PLACEMENT_3D('',#5236,#4032,#4033);
#3521=AXIS2_PLACEMENT_3D('',#5242,#4036,#4037);
#3522=AXIS2_PLACEMENT_3D('',#5246,#4039,#4040);
#3523=AXIS2_PLACEMENT_3D('',#5254,#4044,#4045);
#3524=AXIS2_PLACEMENT_3D('',#5258,#4047,#4048);
#3525=AXIS2_PLACEMENT_3D('',#5268,#4053,#4054);
#3526=AXIS2_PLACEMENT_3D('',#5272,#4056,#4057);
#3527=AXIS2_PLACEMENT_3D('',#5274,#4058,#4059);
#3528=AXIS2_PLACEMENT_3D('',#5276,#4060,#4061);
#3529=AXIS2_PLACEMENT_3D('',#5280,#4063,#4064);
#3530=AXIS2_PLACEMENT_3D('',#5285,#4067,#4068);
#3531=AXIS2_PLACEMENT_3D('',#5291,#4071,#4072);
#3532=AXIS2_PLACEMENT_3D('',#5295,#4074,#4075);
#3533=AXIS2_PLACEMENT_3D('',#5305,#4080,#4081);
#3534=AXIS2_PLACEMENT_3D('',#5309,#4083,#4084);
#3535=AXIS2_PLACEMENT_3D('',#5311,#4085,#4086);
#3536=AXIS2_PLACEMENT_3D('',#5313,#4087,#4088);
#3537=AXIS2_PLACEMENT_3D('',#5317,#4090,#4091);
#3538=AXIS2_PLACEMENT_3D('',#5327,#4096,#4097);
#3539=AXIS2_PLACEMENT_3D('',#5331,#4099,#4100);
#3540=AXIS2_PLACEMENT_3D('',#5334,#4102,#4103);
#3541=AXIS2_PLACEMENT_3D('',#5348,#4110,#4111);
#3542=AXIS2_PLACEMENT_3D('',#5352,#4113,#4114);
#3543=AXIS2_PLACEMENT_3D('',#5358,#4117,#4118);
#3544=AXIS2_PLACEMENT_3D('',#5362,#4120,#4121);
#3545=AXIS2_PLACEMENT_3D('',#5368,#4124,#4125);
#3546=AXIS2_PLACEMENT_3D('',#5372,#4127,#4128);
#3547=AXIS2_PLACEMENT_3D('',#5380,#4132,#4133);
#3548=AXIS2_PLACEMENT_3D('',#5384,#4135,#4136);
#3549=AXIS2_PLACEMENT_3D('',#5390,#4139,#4140);
#3550=AXIS2_PLACEMENT_3D('',#5394,#4142,#4143);
#3551=AXIS2_PLACEMENT_3D('',#5400,#4146,#4147);
#3552=AXIS2_PLACEMENT_3D('',#5404,#4149,#4150);
#3553=AXIS2_PLACEMENT_3D('',#5407,#4152,#4153);
#3554=AXIS2_PLACEMENT_3D('',#5424,#4162,#4163);
#3555=AXIS2_PLACEMENT_3D('',#5441,#4172,#4173);
#3556=AXIS2_PLACEMENT_3D('',#5450,#4178,#4179);
#3557=AXIS2_PLACEMENT_3D('',#5459,#4184,#4185);
#3558=AXIS2_PLACEMENT_3D('',#5468,#4190,#4191);
#3559=AXIS2_PLACEMENT_3D('',#5477,#4196,#4197);
#3560=AXIS2_PLACEMENT_3D('',#5486,#4202,#4203);
#3561=AXIS2_PLACEMENT_3D('',#5495,#4208,#4209);
#3562=AXIS2_PLACEMENT_3D('',#5496,#4210,#4211);
#3563=AXIS2_PLACEMENT_3D('',#5497,#4212,#4213);
#3564=AXIS2_PLACEMENT_3D('',#5498,#4214,#4215);
#3565=AXIS2_PLACEMENT_3D('',#5499,#4216,#4217);
#3566=AXIS2_PLACEMENT_3D('',#5500,#4218,#4219);
#3567=AXIS2_PLACEMENT_3D('',#5509,#4224,#4225);
#3568=AXIS2_PLACEMENT_3D('',#5515,#4228,#4229);
#3569=AXIS2_PLACEMENT_3D('',#5518,#4231,#4232);
#3570=AXIS2_PLACEMENT_3D('',#5519,#4233,#4234);
#3571=AXIS2_PLACEMENT_3D('',#5527,#4238,#4239);
#3572=AXIS2_PLACEMENT_3D('',#5536,#4244,#4245);
#3573=AXIS2_PLACEMENT_3D('',#5542,#4248,#4249);
#3574=AXIS2_PLACEMENT_3D('',#5545,#4251,#4252);
#3575=AXIS2_PLACEMENT_3D('',#5546,#4253,#4254);
#3576=AXIS2_PLACEMENT_3D('',#5554,#4258,#4259);
#3577=AXIS2_PLACEMENT_3D('',#5563,#4264,#4265);
#3578=AXIS2_PLACEMENT_3D('',#5564,#4266,#4267);
#3579=AXIS2_PLACEMENT_3D('',#5572,#4271,#4272);
#3580=AXIS2_PLACEMENT_3D('',#5578,#4275,#4276);
#3581=AXIS2_PLACEMENT_3D('',#5581,#4278,#4279);
#3582=AXIS2_PLACEMENT_3D('',#5590,#4284,#4285);
#3583=AXIS2_PLACEMENT_3D('',#5596,#4288,#4289);
#3584=AXIS2_PLACEMENT_3D('',#5599,#4291,#4292);
#3585=AXIS2_PLACEMENT_3D('',#5600,#4293,#4294);
#3586=AXIS2_PLACEMENT_3D('',#5608,#4298,#4299);
#3587=AXIS2_PLACEMENT_3D('',#5616,#4303,#4304);
#3588=AXIS2_PLACEMENT_3D('',#5619,#4306,#4307);
#3589=AXIS2_PLACEMENT_3D('',#5620,#4308,#4309);
#3590=AXIS2_PLACEMENT_3D('',#5625,#4311,#4312);
#3591=AXIS2_PLACEMENT_3D('',#5628,#4314,#4315);
#3592=AXIS2_PLACEMENT_3D('',#5631,#4317,#4318);
#3593=AXIS2_PLACEMENT_3D('',#5632,#4319,#4320);
#3594=AXIS2_PLACEMENT_3D('',#5633,#4321,#4322);
#3595=AXIS2_PLACEMENT_3D('',#5634,#4323,#4324);
#3596=AXIS2_PLACEMENT_3D('',#5639,#4326,#4327);
#3597=AXIS2_PLACEMENT_3D('',#5642,#4329,#4330);
#3598=AXIS2_PLACEMENT_3D('',#5650,#4334,#4335);
#3599=AXIS2_PLACEMENT_3D('',#5653,#4337,#4338);
#3600=AXIS2_PLACEMENT_3D('',#5656,#4340,#4341);
#3601=AXIS2_PLACEMENT_3D('',#5657,#4342,#4343);
#3602=AXIS2_PLACEMENT_3D('',#5658,#4344,#4345);
#3603=AXIS2_PLACEMENT_3D('',#5668,#4350,#4351);
#3604=AXIS2_PLACEMENT_3D('',#5669,#4352,#4353);
#3605=AXIS2_PLACEMENT_3D('',#5670,#4354,#4355);
#3606=AXIS2_PLACEMENT_3D('',#5675,#4357,#4358);
#3607=AXIS2_PLACEMENT_3D('',#5678,#4360,#4361);
#3608=AXIS2_PLACEMENT_3D('',#5679,#4362,#4363);
#3609=AXIS2_PLACEMENT_3D('',#5682,#4365,#4366);
#3610=AXIS2_PLACEMENT_3D('',#5683,#4367,#4368);
#3611=AXIS2_PLACEMENT_3D('',#5684,#4369,#4370);
#3612=AXIS2_PLACEMENT_3D('',#5689,#4372,#4373);
#3613=AXIS2_PLACEMENT_3D('',#5692,#4375,#4376);
#3614=AXIS2_PLACEMENT_3D('',#5702,#4381,#4382);
#3615=AXIS2_PLACEMENT_3D('',#5703,#4383,#4384);
#3616=AXIS2_PLACEMENT_3D('',#5704,#4385,#4386);
#3617=AXIS2_PLACEMENT_3D('',#5707,#4388,#4389);
#3618=AXIS2_PLACEMENT_3D('',#5708,#4390,#4391);
#3619=AXIS2_PLACEMENT_3D('',#5710,#4393,#4394);
#3620=AXIS2_PLACEMENT_3D('',#5712,#4396,#4397);
#3621=AXIS2_PLACEMENT_3D('',#5713,#4398,#4399);
#3622=AXIS2_PLACEMENT_3D('',#5720,#4403,#4404);
#3623=AXIS2_PLACEMENT_3D('',#5727,#4408,#4409);
#3624=AXIS2_PLACEMENT_3D('',#5728,#4410,#4411);
#3625=AXIS2_PLACEMENT_3D('',#5732,#4414,#4415);
#3626=AXIS2_PLACEMENT_3D('',#5733,#4416,#4417);
#3627=AXIS2_PLACEMENT_3D('',#5737,#4419,#4420);
#3628=AXIS2_PLACEMENT_3D('',#5741,#4423,#4424);
#3629=AXIS2_PLACEMENT_3D('',#5743,#4426,#4427);
#3630=AXIS2_PLACEMENT_3D('',#5744,#4428,#4429);
#3631=AXIS2_PLACEMENT_3D('',#5748,#4432,#4433);
#3632=AXIS2_PLACEMENT_3D('',#5749,#4434,#4435);
#3633=AXIS2_PLACEMENT_3D('',#5752,#4437,#4438);
#3634=AXIS2_PLACEMENT_3D('',#5754,#4440,#4441);
#3635=AXIS2_PLACEMENT_3D('',#5755,#4442,#4443);
#3636=AXIS2_PLACEMENT_3D('',#5760,#4446,#4447);
#3637=AXIS2_PLACEMENT_3D('',#5765,#4450,#4451);
#3638=AXIS2_PLACEMENT_3D('',#5769,#4454,#4455);
#3639=AXIS2_PLACEMENT_3D('',#5773,#4458,#4459);
#3640=AXIS2_PLACEMENT_3D('',#5774,#4460,#4461);
#3641=AXIS2_PLACEMENT_3D('',#5775,#4462,#4463);
#3642=AXIS2_PLACEMENT_3D('',#5776,#4464,#4465);
#3643=AXIS2_PLACEMENT_3D('',#5781,#4468,#4469);
#3644=AXIS2_PLACEMENT_3D('',#5786,#4472,#4473);
#3645=AXIS2_PLACEMENT_3D('',#5792,#4477,#4478);
#3646=AXIS2_PLACEMENT_3D('',#5798,#4482,#4483);
#3647=AXIS2_PLACEMENT_3D('',#5801,#4485,#4486);
#3648=AXIS2_PLACEMENT_3D('',#5802,#4487,#4488);
#3649=AXIS2_PLACEMENT_3D('',#5803,#4489,#4490);
#3650=AXIS2_PLACEMENT_3D('',#5806,#4492,#4493);
#3651=AXIS2_PLACEMENT_3D('',#5810,#4496,#4497);
#3652=AXIS2_PLACEMENT_3D('',#5815,#4501,#4502);
#3653=AXIS2_PLACEMENT_3D('',#5817,#4504,#4505);
#3654=AXIS2_PLACEMENT_3D('',#5818,#4506,#4507);
#3655=AXIS2_PLACEMENT_3D('',#5819,#4508,#4509);
#3656=AXIS2_PLACEMENT_3D('',#5825,#4513,#4514);
#3657=AXIS2_PLACEMENT_3D('',#5831,#4518,#4519);
#3658=AXIS2_PLACEMENT_3D('',#5834,#4521,#4522);
#3659=AXIS2_PLACEMENT_3D('',#5835,#4523,#4524);
#3660=AXIS2_PLACEMENT_3D('',#5836,#4525,#4526);
#3661=AXIS2_PLACEMENT_3D('',#5839,#4528,#4529);
#3662=AXIS2_PLACEMENT_3D('',#5843,#4532,#4533);
#3663=AXIS2_PLACEMENT_3D('',#5848,#4537,#4538);
#3664=AXIS2_PLACEMENT_3D('',#5850,#4540,#4541);
#3665=AXIS2_PLACEMENT_3D('',#5851,#4542,#4543);
#3666=AXIS2_PLACEMENT_3D('',#5852,#4544,#4545);
#3667=AXIS2_PLACEMENT_3D('',#5853,#4546,#4547);
#3668=AXIS2_PLACEMENT_3D('',#5854,#4548,#4549);
#3669=AXIS2_PLACEMENT_3D('',#5855,#4550,#4551);
#3670=AXIS2_PLACEMENT_3D('',#5856,#4552,#4553);
#3671=AXIS2_PLACEMENT_3D('',#5857,#4554,#4555);
#3672=AXIS2_PLACEMENT_3D('',#5858,#4556,#4557);
#3673=AXIS2_PLACEMENT_3D('',#5859,#4558,#4559);
#3674=AXIS2_PLACEMENT_3D('',#5860,#4560,#4561);
#3675=AXIS2_PLACEMENT_3D('',#5861,#4562,#4563);
#3676=AXIS2_PLACEMENT_3D('',#5862,#4564,#4565);
#3677=AXIS2_PLACEMENT_3D('',#5863,#4566,#4567);
#3678=AXIS2_PLACEMENT_3D('',#5864,#4568,#4569);
#3679=AXIS2_PLACEMENT_3D('',#5865,#4570,#4571);
#3680=AXIS2_PLACEMENT_3D('',#5866,#4572,#4573);
#3681=AXIS2_PLACEMENT_3D('',#5872,#4574,#4575);
#3682=AXIS2_PLACEMENT_3D('',#5873,#4576,#4577);
#3683=AXIS2_PLACEMENT_3D('',#5874,#4578,#4579);
#3684=AXIS2_PLACEMENT_3D('',#5875,#4580,#4581);
#3685=AXIS2_PLACEMENT_3D('',#5876,#4582,#4583);
#3686=AXIS2_PLACEMENT_3D('',#5877,#4584,#4585);
#3687=AXIS2_PLACEMENT_3D('',#5878,#4586,#4587);
#3688=AXIS2_PLACEMENT_3D('',#5879,#4588,#4589);
#3689=AXIS2_PLACEMENT_3D('',#5880,#4590,#4591);
#3690=AXIS2_PLACEMENT_3D('',#5881,#4592,#4593);
#3691=AXIS2_PLACEMENT_3D('',#5882,#4594,#4595);
#3692=AXIS2_PLACEMENT_3D('',#5883,#4596,#4597);
#3693=AXIS2_PLACEMENT_3D('',#5884,#4598,#4599);
#3694=AXIS2_PLACEMENT_3D('',#5885,#4600,#4601);
#3695=AXIS2_PLACEMENT_3D('',#5886,#4602,#4603);
#3696=AXIS2_PLACEMENT_3D('',#5887,#4604,#4605);
#3697=AXIS2_PLACEMENT_3D('',#5888,#4606,#4607);
#3698=AXIS2_PLACEMENT_3D('',#5889,#4608,#4609);
#3699=AXIS2_PLACEMENT_3D('',#5890,#4610,#4611);
#3700=AXIS2_PLACEMENT_3D('',#5891,#4612,#4613);
#3701=AXIS2_PLACEMENT_3D('',#5892,#4614,#4615);
#3702=AXIS2_PLACEMENT_3D('',#5893,#4616,#4617);
#3703=AXIS2_PLACEMENT_3D('',#5894,#4618,#4619);
#3704=AXIS2_PLACEMENT_3D('',#5895,#4620,#4621);
#3705=AXIS2_PLACEMENT_3D('',#5896,#4622,#4623);
#3706=AXIS2_PLACEMENT_3D('',#5897,#4624,#4625);
#3707=AXIS2_PLACEMENT_3D('',#5898,#4626,#4627);
#3708=AXIS2_PLACEMENT_3D('',#5899,#4628,#4629);
#3709=AXIS2_PLACEMENT_3D('',#5900,#4630,#4631);
#3710=AXIS2_PLACEMENT_3D('',#5901,#4632,#4633);
#3711=AXIS2_PLACEMENT_3D('',#5907,#4634,#4635);
#3712=AXIS2_PLACEMENT_3D('',#5908,#4636,#4637);
#3713=AXIS2_PLACEMENT_3D('',#5909,#4638,#4639);
#3714=AXIS2_PLACEMENT_3D('',#5910,#4640,#4641);
#3715=AXIS2_PLACEMENT_3D('',#5911,#4642,#4643);
#3716=AXIS2_PLACEMENT_3D('',#5912,#4644,#4645);
#3717=AXIS2_PLACEMENT_3D('',#5913,#4646,#4647);
#3718=AXIS2_PLACEMENT_3D('',#5914,#4648,#4649);
#3719=AXIS2_PLACEMENT_3D('',#5915,#4650,#4651);
#3720=AXIS2_PLACEMENT_3D('',#5916,#4652,#4653);
#3721=AXIS2_PLACEMENT_3D('',#5917,#4654,#4655);
#3722=AXIS2_PLACEMENT_3D('',#5918,#4656,#4657);
#3723=AXIS2_PLACEMENT_3D('',#5919,#4658,#4659);
#3724=AXIS2_PLACEMENT_3D('',#5920,#4660,#4661);
#3725=AXIS2_PLACEMENT_3D('',#5921,#4662,#4663);
#3726=AXIS2_PLACEMENT_3D('',#5922,#4664,#4665);
#3727=AXIS2_PLACEMENT_3D('',#5923,#4666,#4667);
#3728=AXIS2_PLACEMENT_3D('',#5924,#4668,#4669);
#3729=AXIS2_PLACEMENT_3D('',#5925,#4670,#4671);
#3730=AXIS2_PLACEMENT_3D('',#5926,#4672,#4673);
#3731=AXIS2_PLACEMENT_3D('',#5927,#4674,#4675);
#3732=AXIS2_PLACEMENT_3D('',#5928,#4676,#4677);
#3733=AXIS2_PLACEMENT_3D('',#5929,#4678,#4679);
#3734=AXIS2_PLACEMENT_3D('',#5930,#4680,#4681);
#3735=AXIS2_PLACEMENT_3D('',#5931,#4682,#4683);
#3736=AXIS2_PLACEMENT_3D('',#5932,#4684,#4685);
#3737=AXIS2_PLACEMENT_3D('',#5933,#4686,#4687);
#3738=AXIS2_PLACEMENT_3D('',#5934,#4688,#4689);
#3739=AXIS2_PLACEMENT_3D('',#5935,#4690,#4691);
#3740=AXIS2_PLACEMENT_3D('',#5936,#4692,#4693);
#3741=AXIS2_PLACEMENT_3D('',#5937,#4694,#4695);
#3742=AXIS2_PLACEMENT_3D('',#5938,#4696,#4697);
#3743=AXIS2_PLACEMENT_3D('',#5939,#4698,#4699);
#3744=AXIS2_PLACEMENT_3D('',#5940,#4700,#4701);
#3745=AXIS2_PLACEMENT_3D('',#5941,#4702,#4703);
#3746=AXIS2_PLACEMENT_3D('',#5942,#4704,#4705);
#3747=AXIS2_PLACEMENT_3D('',#5943,#4706,#4707);
#3748=AXIS2_PLACEMENT_3D('',#5949,#4708,#4709);
#3749=AXIS2_PLACEMENT_3D('',#5950,#4710,#4711);
#3750=AXIS2_PLACEMENT_3D('',#5951,#4712,#4713);
#3751=AXIS2_PLACEMENT_3D('',#5952,#4714,#4715);
#3752=AXIS2_PLACEMENT_3D('',#5953,#4716,#4717);
#3753=AXIS2_PLACEMENT_3D('',#5954,#4718,#4719);
#3754=AXIS2_PLACEMENT_3D('',#5955,#4720,#4721);
#3755=AXIS2_PLACEMENT_3D('',#5956,#4722,#4723);
#3756=AXIS2_PLACEMENT_3D('',#5957,#4724,#4725);
#3757=AXIS2_PLACEMENT_3D('',#5958,#4726,#4727);
#3758=AXIS2_PLACEMENT_3D('',#5959,#4728,#4729);
#3759=AXIS2_PLACEMENT_3D('',#5960,#4730,#4731);
#3760=AXIS2_PLACEMENT_3D('',#5961,#4732,#4733);
#3761=AXIS2_PLACEMENT_3D('',#5962,#4734,#4735);
#3762=AXIS2_PLACEMENT_3D('',#5963,#4736,#4737);
#3763=AXIS2_PLACEMENT_3D('',#5964,#4738,#4739);
#3764=AXIS2_PLACEMENT_3D('',#5965,#4740,#4741);
#3765=AXIS2_PLACEMENT_3D('',#5966,#4742,#4743);
#3766=AXIS2_PLACEMENT_3D('',#5967,#4744,#4745);
#3767=AXIS2_PLACEMENT_3D('',#5968,#4746,#4747);
#3768=AXIS2_PLACEMENT_3D('',#5969,#4748,#4749);
#3769=AXIS2_PLACEMENT_3D('',#5970,#4750,#4751);
#3770=AXIS2_PLACEMENT_3D('',#5971,#4752,#4753);
#3771=AXIS2_PLACEMENT_3D('',#5972,#4754,#4755);
#3772=AXIS2_PLACEMENT_3D('',#5973,#4756,#4757);
#3773=AXIS2_PLACEMENT_3D('',#5974,#4758,#4759);
#3774=AXIS2_PLACEMENT_3D('',#5975,#4760,#4761);
#3775=AXIS2_PLACEMENT_3D('',#5976,#4762,#4763);
#3776=AXIS2_PLACEMENT_3D('',#5977,#4764,#4765);
#3777=AXIS2_PLACEMENT_3D('',#5978,#4766,#4767);
#3778=AXIS2_PLACEMENT_3D('',#5979,#4768,#4769);
#3779=AXIS2_PLACEMENT_3D('',#5980,#4770,#4771);
#3780=AXIS2_PLACEMENT_3D('',#5981,#4772,#4773);
#3781=AXIS2_PLACEMENT_3D('',#5987,#4774,#4775);
#3782=AXIS2_PLACEMENT_3D('',#5988,#4776,#4777);
#3783=AXIS2_PLACEMENT_3D('',#5989,#4778,#4779);
#3784=AXIS2_PLACEMENT_3D('',#5990,#4780,#4781);
#3785=AXIS2_PLACEMENT_3D('',#5991,#4782,#4783);
#3786=AXIS2_PLACEMENT_3D('',#5992,#4784,#4785);
#3787=AXIS2_PLACEMENT_3D('',#5993,#4786,#4787);
#3788=AXIS2_PLACEMENT_3D('',#5994,#4788,#4789);
#3789=AXIS2_PLACEMENT_3D('',#5995,#4790,#4791);
#3790=AXIS2_PLACEMENT_3D('',#5996,#4792,#4793);
#3791=AXIS2_PLACEMENT_3D('',#5997,#4794,#4795);
#3792=AXIS2_PLACEMENT_3D('',#5998,#4796,#4797);
#3793=AXIS2_PLACEMENT_3D('',#5999,#4798,#4799);
#3794=AXIS2_PLACEMENT_3D('',#6000,#4800,#4801);
#3795=AXIS2_PLACEMENT_3D('',#6001,#4802,#4803);
#3796=AXIS2_PLACEMENT_3D('',#6002,#4804,#4805);
#3797=AXIS2_PLACEMENT_3D('',#6003,#4806,#4807);
#3798=AXIS2_PLACEMENT_3D('',#6004,#4808,#4809);
#3799=AXIS2_PLACEMENT_3D('',#6005,#4810,#4811);
#3800=AXIS2_PLACEMENT_3D('',#6006,#4812,#4813);
#3801=AXIS2_PLACEMENT_3D('',#6007,#4814,#4815);
#3802=AXIS2_PLACEMENT_3D('',#6008,#4816,#4817);
#3803=AXIS2_PLACEMENT_3D('',#6009,#4818,#4819);
#3804=AXIS2_PLACEMENT_3D('',#6010,#4820,#4821);
#3805=AXIS2_PLACEMENT_3D('',#6011,#4822,#4823);
#3806=AXIS2_PLACEMENT_3D('',#6012,#4824,#4825);
#3807=AXIS2_PLACEMENT_3D('',#6013,#4826,#4827);
#3808=AXIS2_PLACEMENT_3D('',#6014,#4828,#4829);
#3809=AXIS2_PLACEMENT_3D('',#6015,#4830,#4831);
#3810=AXIS2_PLACEMENT_3D('',#6016,#4832,#4833);
#3811=AXIS2_PLACEMENT_3D('',#6017,#4834,#4835);
#3812=AXIS2_PLACEMENT_3D('',#6018,#4836,#4837);
#3813=AXIS2_PLACEMENT_3D('',#6019,#4838,#4839);
#3814=AXIS2_PLACEMENT_3D('',#6020,#4840,#4841);
#3815=AXIS2_PLACEMENT_3D('',#6021,#4842,#4843);
#3816=AXIS2_PLACEMENT_3D('',#6022,#4844,#4845);
#3817=AXIS2_PLACEMENT_3D('',#6023,#4846,#4847);
#3818=AXIS2_PLACEMENT_3D('',#6024,#4848,#4849);
#3819=AXIS2_PLACEMENT_3D('',#6025,#4850,#4851);
#3820=AXIS2_PLACEMENT_3D('',#6026,#4852,#4853);
#3821=AXIS2_PLACEMENT_3D('',#6027,#4854,#4855);
#3822=AXIS2_PLACEMENT_3D('',#6028,#4856,#4857);
#3823=AXIS2_PLACEMENT_3D('',#6029,#4858,#4859);
#3824=AXIS2_PLACEMENT_3D('',#6030,#4860,#4861);
#3825=AXIS2_PLACEMENT_3D('',#6031,#4862,#4863);
#3826=AXIS2_PLACEMENT_3D('',#6032,#4864,#4865);
#3827=AXIS2_PLACEMENT_3D('',#6033,#4866,#4867);
#3828=AXIS2_PLACEMENT_3D('',#6034,#4868,#4869);
#3829=AXIS2_PLACEMENT_3D('',#6035,#4870,#4871);
#3830=AXIS2_PLACEMENT_3D('',#6036,#4872,#4873);
#3831=AXIS2_PLACEMENT_3D('',#6037,#4874,#4875);
#3832=AXIS2_PLACEMENT_3D('',#6038,#4876,#4877);
#3833=AXIS2_PLACEMENT_3D('',#6039,#4878,#4879);
#3834=AXIS2_PLACEMENT_3D('',#6040,#4880,#4881);
#3835=AXIS2_PLACEMENT_3D('',#6041,#4882,#4883);
#3836=AXIS2_PLACEMENT_3D('',#6042,#4884,#4885);
#3837=AXIS2_PLACEMENT_3D('',#6043,#4886,#4887);
#3838=AXIS2_PLACEMENT_3D('',#6044,#4888,#4889);
#3839=AXIS2_PLACEMENT_3D('',#6045,#4890,#4891);
#3840=AXIS2_PLACEMENT_3D('',#6046,#4892,#4893);
#3841=AXIS2_PLACEMENT_3D('',#6047,#4894,#4895);
#3842=AXIS2_PLACEMENT_3D('',#6048,#4896,#4897);
#3843=AXIS2_PLACEMENT_3D('',#6049,#4898,#4899);
#3844=AXIS2_PLACEMENT_3D('',#6050,#4900,#4901);
#3845=AXIS2_PLACEMENT_3D('',#6051,#4902,#4903);
#3846=AXIS2_PLACEMENT_3D('',#6052,#4904,#4905);
#3847=AXIS2_PLACEMENT_3D('',#6053,#4906,#4907);
#3848=AXIS2_PLACEMENT_3D('',#6054,#4908,#4909);
#3849=AXIS2_PLACEMENT_3D('',#6055,#4910,#4911);
#3850=AXIS2_PLACEMENT_3D('',#6056,#4912,#4913);
#3851=AXIS2_PLACEMENT_3D('',#6057,#4914,#4915);
#3852=AXIS2_PLACEMENT_3D('',#6058,#4916,#4917);
#3853=AXIS2_PLACEMENT_3D('',#6059,#4918,#4919);
#3854=AXIS2_PLACEMENT_3D('',#6060,#4920,#4921);
#3855=AXIS2_PLACEMENT_3D('',#6061,#4922,#4923);
#3856=AXIS2_PLACEMENT_3D('',#6062,#4924,#4925);
#3857=AXIS2_PLACEMENT_3D('',#6063,#4926,#4927);
#3858=AXIS2_PLACEMENT_3D('',#6064,#4928,#4929);
#3859=AXIS2_PLACEMENT_3D('',#6065,#4930,#4931);
#3860=AXIS2_PLACEMENT_3D('',#6066,#4932,#4933);
#3861=AXIS2_PLACEMENT_3D('',#6067,#4934,#4935);
#3862=AXIS2_PLACEMENT_3D('',#6068,#4936,#4937);
#3863=AXIS2_PLACEMENT_3D('',#6069,#4938,#4939);
#3864=AXIS2_PLACEMENT_3D('',#6070,#4940,#4941);
#3865=AXIS2_PLACEMENT_3D('',#6071,#4942,#4943);
#3866=AXIS2_PLACEMENT_3D('',#6072,#4944,#4945);
#3867=AXIS2_PLACEMENT_3D('',#6073,#4946,#4947);
#3868=AXIS2_PLACEMENT_3D('',#6074,#4948,#4949);
#3869=AXIS2_PLACEMENT_3D('',#6075,#4950,#4951);
#3870=AXIS2_PLACEMENT_3D('',#6076,#4952,#4953);
#3871=AXIS2_PLACEMENT_3D('',#6077,#4954,#4955);
#3872=AXIS2_PLACEMENT_3D('',#6078,#4956,#4957);
#3873=AXIS2_PLACEMENT_3D('',#6079,#4958,#4959);
#3874=AXIS2_PLACEMENT_3D('',#6080,#4960,#4961);
#3875=AXIS2_PLACEMENT_3D('',#6096,#4962,#4963);
#3876=AXIS2_PLACEMENT_3D('',#6097,#4964,#4965);
#3877=AXIS2_PLACEMENT_3D('',#6098,#4966,#4967);
#3878=AXIS2_PLACEMENT_3D('',#6099,#4968,#4969);
#3879=AXIS2_PLACEMENT_3D('',#6100,#4970,#4971);
#3880=AXIS2_PLACEMENT_3D('',#6101,#4972,#4973);
#3881=AXIS2_PLACEMENT_3D('',#6102,#4974,#4975);
#3882=AXIS2_PLACEMENT_3D('',#6118,#4976,#4977);
#3883=AXIS2_PLACEMENT_3D('',#6134,#4978,#4979);
#3884=AXIS2_PLACEMENT_3D('',#6135,#4980,#4981);
#3885=AXIS2_PLACEMENT_3D('',#6136,#4982,#4983);
#3886=AXIS2_PLACEMENT_3D('',#6137,#4984,#4985);
#3887=AXIS2_PLACEMENT_3D('',#6138,#4986,#4987);
#3888=AXIS2_PLACEMENT_3D('',#6139,#4988,#4989);
#3889=AXIS2_PLACEMENT_3D('',#6140,#4990,#4991);
#3890=AXIS2_PLACEMENT_3D('',#6156,#4992,#4993);
#3891=AXIS2_PLACEMENT_3D('',#6157,#4994,#4995);
#3892=AXIS2_PLACEMENT_3D('',#6158,#4996,#4997);
#3893=AXIS2_PLACEMENT_3D('',#6159,#4998,#4999);
#3894=AXIS2_PLACEMENT_3D('',#6160,#5000,#5001);
#3895=AXIS2_PLACEMENT_3D('',#6176,#5002,#5003);
#3896=AXIS2_PLACEMENT_3D('',#6177,#5004,#5005);
#3897=AXIS2_PLACEMENT_3D('',#6178,#5006,#5007);
#3898=AXIS2_PLACEMENT_3D('',#6179,#5008,#5009);
#3899=AXIS2_PLACEMENT_3D('',#6180,#5010,#5011);
#3900=AXIS2_PLACEMENT_3D('',#6181,#5012,#5013);
#3901=AXIS2_PLACEMENT_3D('',#6182,#5014,#5015);
#3902=AXIS2_PLACEMENT_3D('',#6198,#5016,#5017);
#3903=AXIS2_PLACEMENT_3D('',#6214,#5018,#5019);
#3904=AXIS2_PLACEMENT_3D('',#6215,#5020,#5021);
#3905=AXIS2_PLACEMENT_3D('',#6216,#5022,#5023);
#3906=AXIS2_PLACEMENT_3D('',#6217,#5024,#5025);
#3907=AXIS2_PLACEMENT_3D('',#6218,#5026,#5027);
#3908=AXIS2_PLACEMENT_3D('',#6219,#5028,#5029);
#3909=AXIS2_PLACEMENT_3D('',#6220,#5030,#5031);
#3910=AXIS2_PLACEMENT_3D('',#6236,#5032,#5033);
#3911=AXIS2_PLACEMENT_3D('',#6237,#5034,#5035);
#3912=AXIS2_PLACEMENT_3D('',#6238,#5036,#5037);
#3913=AXIS2_PLACEMENT_3D('',#6239,#5038,#5039);
#3914=AXIS2_PLACEMENT_3D('',#6240,#5040,#5041);
#3915=AXIS2_PLACEMENT_3D('',#6256,#5042,#5043);
#3916=AXIS2_PLACEMENT_3D('',#6257,#5044,#5045);
#3917=AXIS2_PLACEMENT_3D('',#6258,#5046,#5047);
#3918=AXIS2_PLACEMENT_3D('',#6259,#5048,#5049);
#3919=AXIS2_PLACEMENT_3D('',#6260,#5050,#5051);
#3920=AXIS2_PLACEMENT_3D('',#6261,#5052,#5053);
#3921=AXIS2_PLACEMENT_3D('',#6262,#5054,#5055);
#3922=AXIS2_PLACEMENT_3D('',#6278,#5056,#5057);
#3923=AXIS2_PLACEMENT_3D('',#6294,#5058,#5059);
#3924=AXIS2_PLACEMENT_3D('',#6295,#5060,#5061);
#3925=AXIS2_PLACEMENT_3D('',#6296,#5062,#5063);
#3926=AXIS2_PLACEMENT_3D('',#6297,#5064,#5065);
#3927=AXIS2_PLACEMENT_3D('',#6298,#5066,#5067);
#3928=AXIS2_PLACEMENT_3D('',#6299,#5068,#5069);
#3929=AXIS2_PLACEMENT_3D('',#6300,#5070,#5071);
#3930=AXIS2_PLACEMENT_3D('',#6316,#5072,#5073);
#3931=AXIS2_PLACEMENT_3D('',#6317,#5074,#5075);
#3932=AXIS2_PLACEMENT_3D('',#6318,#5076,#5077);
#3933=AXIS2_PLACEMENT_3D('',#6319,#5078,#5079);
#3934=AXIS2_PLACEMENT_3D('',#6320,#5080,#5081);
#3935=AXIS2_PLACEMENT_3D('',#6336,#5082,#5083);
#3936=AXIS2_PLACEMENT_3D('',#6337,#5084,#5085);
#3937=AXIS2_PLACEMENT_3D('',#6338,#5086,#5087);
#3938=AXIS2_PLACEMENT_3D('',#6339,#5088,#5089);
#3939=AXIS2_PLACEMENT_3D('',#6340,#5090,#5091);
#3940=AXIS2_PLACEMENT_3D('',#6341,#5092,#5093);
#3941=AXIS2_PLACEMENT_3D('',#6342,#5094,#5095);
#3942=AXIS2_PLACEMENT_3D('',#6358,#5096,#5097);
#3943=AXIS2_PLACEMENT_3D('',#6374,#5098,#5099);
#3944=AXIS2_PLACEMENT_3D('',#6375,#5100,#5101);
#3945=AXIS2_PLACEMENT_3D('',#6376,#5102,#5103);
#3946=AXIS2_PLACEMENT_3D('',#6377,#5104,#5105);
#3947=AXIS2_PLACEMENT_3D('',#6378,#5106,#5107);
#3948=AXIS2_PLACEMENT_3D('',#6379,#5108,#5109);
#3949=AXIS2_PLACEMENT_3D('',#6380,#5110,#5111);
#3950=AXIS2_PLACEMENT_3D('',#6396,#5112,#5113);
#3951=AXIS2_PLACEMENT_3D('',#6397,#5114,#5115);
#3952=DIRECTION('',(0.,0.,1.));
#3953=DIRECTION('',(1.,0.,0.));
#3954=DIRECTION('',(0.,1.,0.));
#3955=DIRECTION('',(0.,0.,1.));
#3956=DIRECTION('',(0.,1.,0.));
#3957=DIRECTION('',(0.,0.,1.));
#3958=DIRECTION('',(0.,1.,0.));
#3959=DIRECTION('',(0.,1.,0.));
#3960=DIRECTION('',(0.,0.,1.));
#3961=DIRECTION('',(0.,1.,0.));
#3962=DIRECTION('',(0.,1.,0.));
#3963=DIRECTION('',(0.,0.,1.));
#3964=DIRECTION('',(0.,1.,0.));
#3965=DIRECTION('',(0.,-1.,0.));
#3966=DIRECTION('',(0.,0.,-1.));
#3967=DIRECTION('',(0.,1.,0.));
#3968=DIRECTION('',(0.,1.,0.));
#3969=DIRECTION('',(0.,0.,1.));
#3970=DIRECTION('',(0.,1.,0.));
#3971=DIRECTION('',(0.,-1.,0.));
#3972=DIRECTION('',(0.,0.,-1.));
#3973=DIRECTION('',(0.,1.,0.));
#3974=DIRECTION('',(0.,1.,0.));
#3975=DIRECTION('',(0.,0.,1.));
#3976=DIRECTION('',(0.,1.,0.));
#3977=DIRECTION('',(0.,1.,0.));
#3978=DIRECTION('',(0.,0.,1.));
#3979=DIRECTION('',(0.,1.,0.));
#3980=DIRECTION('',(0.,1.,0.));
#3981=DIRECTION('',(0.,0.,1.));
#3982=DIRECTION('',(0.,1.,0.));
#3983=DIRECTION('',(0.,-1.,0.));
#3984=DIRECTION('',(0.,0.,-1.));
#3985=DIRECTION('',(0.,1.,0.));
#3986=DIRECTION('',(0.,-1.,0.));
#3987=DIRECTION('',(0.,0.,-1.));
#3988=DIRECTION('',(0.,1.,0.));
#3989=DIRECTION('',(0.,-1.,0.));
#3990=DIRECTION('',(0.,0.,-1.));
#3991=DIRECTION('',(0.,1.,0.));
#3992=DIRECTION('',(0.,1.,0.));
#3993=DIRECTION('',(0.,-1.,0.));
#3994=DIRECTION('',(0.,0.,-1.));
#3995=DIRECTION('',(0.,1.,0.));
#3996=DIRECTION('',(0.,1.,0.));
#3997=DIRECTION('',(0.,0.,1.));
#3998=DIRECTION('',(0.,1.,0.));
#3999=DIRECTION('',(0.,1.,0.));
#4000=DIRECTION('',(0.,0.,1.));
#4001=DIRECTION('',(0.,1.,0.));
#4002=DIRECTION('',(0.,1.,0.));
#4003=DIRECTION('',(0.,0.,1.));
#4004=DIRECTION('',(0.,1.,0.));
#4005=DIRECTION('',(0.,-1.,0.));
#4006=DIRECTION('',(0.,0.,-1.));
#4007=DIRECTION('',(0.,1.,0.));
#4008=DIRECTION('',(0.,-1.,0.));
#4009=DIRECTION('',(0.,0.,-1.));
#4010=DIRECTION('',(0.,-1.,0.));
#4011=DIRECTION('',(-1.,0.,0.));
#4012=DIRECTION('',(0.906307787036648,0.,-0.422618261740704));
#4013=DIRECTION('',(0.422618261740699,0.,0.90630778703665));
#4014=DIRECTION('',(0.,1.,0.));
#4015=DIRECTION('',(0.906307787036647,0.,-0.422618261740705));
#4016=DIRECTION('',(-0.422618261740699,0.,-0.90630778703665));
#4017=DIRECTION('',(-0.906307787036648,0.,0.422618261740703));
#4018=DIRECTION('',(0.422618261740699,0.,0.90630778703665));
#4019=DIRECTION('',(0.,-1.,0.));
#4020=DIRECTION('',(0.,0.,-1.));
#4021=DIRECTION('',(-0.4226182617407,0.,-0.90630778703665));
#4022=DIRECTION('',(0.,1.,0.));
#4023=DIRECTION('',(-1.,0.,0.));
#4024=DIRECTION('',(-0.422618261740699,0.,-0.90630778703665));
#4025=DIRECTION('',(-0.4226182617407,0.,-0.90630778703665));
#4026=DIRECTION('',(0.,1.,0.));
#4027=DIRECTION('',(0.,0.,1.));
#4028=DIRECTION('',(0.422618261740699,0.,0.90630778703665));
#4029=DIRECTION('',(0.422618261740699,0.,0.90630778703665));
#4030=DIRECTION('',(0.,1.,0.));
#4031=DIRECTION('',(0.,0.,1.));
#4032=DIRECTION('',(0.,1.,0.));
#4033=DIRECTION('',(-1.,0.,0.));
#4034=DIRECTION('',(-1.,0.,0.));
#4035=DIRECTION('',(0.,0.,1.));
#4036=DIRECTION('',(0.,1.,0.));
#4037=DIRECTION('',(0.,0.,1.));
#4038=DIRECTION('',(-1.,0.,0.));
#4039=DIRECTION('',(0.,1.,0.));
#4040=DIRECTION('',(0.,0.,-1.));
#4041=DIRECTION('',(0.,0.,1.));
#4042=DIRECTION('',(-1.,0.,0.));
#4043=DIRECTION('',(0.,0.,1.));
#4044=DIRECTION('',(0.,1.,0.));
#4045=DIRECTION('',(0.,0.,-1.));
#4046=DIRECTION('',(1.,0.,0.));
#4047=DIRECTION('',(0.,1.,0.));
#4048=DIRECTION('',(0.,0.,1.));
#4049=DIRECTION('',(0.,0.,1.));
#4050=DIRECTION('',(-1.,0.,0.));
#4051=DIRECTION('',(0.,0.,1.));
#4052=DIRECTION('',(-1.,0.,9.58562136324228E-16));
#4053=DIRECTION('',(0.,1.,0.));
#4054=DIRECTION('',(0.,0.,1.));
#4055=DIRECTION('',(0.573576436351046,0.,-0.819152044288992));
#4056=DIRECTION('',(0.,1.,0.));
#4057=DIRECTION('',(0.,0.,1.));
#4058=DIRECTION('',(0.,1.,0.));
#4059=DIRECTION('',(0.,0.,1.));
#4060=DIRECTION('',(0.,1.,0.));
#4061=DIRECTION('',(0.,0.,1.));
#4062=DIRECTION('',(-0.573576436351047,0.,-0.819152044288991));
#4063=DIRECTION('',(0.,1.,0.));
#4064=DIRECTION('',(0.,0.,1.));
#4065=DIRECTION('',(-1.,0.,0.));
#4066=DIRECTION('',(0.,0.,1.));
#4067=DIRECTION('',(0.,1.,0.));
#4068=DIRECTION('',(-1.,0.,0.));
#4069=DIRECTION('',(-1.,0.,0.));
#4070=DIRECTION('',(0.,0.,1.));
#4071=DIRECTION('',(0.,1.,0.));
#4072=DIRECTION('',(0.,0.,-1.));
#4073=DIRECTION('',(-1.,0.,0.));
#4074=DIRECTION('',(0.,1.,0.));
#4075=DIRECTION('',(0.,0.,1.));
#4076=DIRECTION('',(0.,0.,1.));
#4077=DIRECTION('',(-1.,0.,0.));
#4078=DIRECTION('',(0.,0.,1.));
#4079=DIRECTION('',(-1.,0.,0.));
#4080=DIRECTION('',(0.,1.,0.));
#4081=DIRECTION('',(0.,0.,1.));
#4082=DIRECTION('',(-0.573576436351047,0.,-0.819152044288991));
#4083=DIRECTION('',(0.,1.,0.));
#4084=DIRECTION('',(0.,0.,1.));
#4085=DIRECTION('',(0.,1.,0.));
#4086=DIRECTION('',(0.,0.,1.));
#4087=DIRECTION('',(0.,1.,0.));
#4088=DIRECTION('',(0.,0.,1.));
#4089=DIRECTION('',(0.573576436351046,0.,-0.819152044288992));
#4090=DIRECTION('',(0.,1.,0.));
#4091=DIRECTION('',(0.,0.,1.));
#4092=DIRECTION('',(-1.,0.,9.58562136324228E-16));
#4093=DIRECTION('',(0.,0.,1.));
#4094=DIRECTION('',(-1.,0.,0.));
#4095=DIRECTION('',(0.,0.,1.));
#4096=DIRECTION('',(0.,1.,0.));
#4097=DIRECTION('',(0.,0.,1.));
#4098=DIRECTION('',(1.,0.,0.));
#4099=DIRECTION('',(0.,1.,0.));
#4100=DIRECTION('',(0.,0.,-1.));
#4101=DIRECTION('',(0.,0.,1.));
#4102=DIRECTION('',(0.,0.,-1.));
#4103=DIRECTION('',(1.,0.,0.));
#4104=DIRECTION('',(0.,1.,0.));
#4105=DIRECTION('',(1.,0.,0.));
#4106=DIRECTION('',(0.,1.,0.));
#4107=DIRECTION('',(1.,0.,0.));
#4108=DIRECTION('',(-1.,0.,0.));
#4109=DIRECTION('',(0.,-1.,0.));
#4110=DIRECTION('',(0.,0.,-1.));
#4111=DIRECTION('',(0.,-1.,0.));
#4112=DIRECTION('',(-1.,0.,0.));
#4113=DIRECTION('',(0.,0.,-1.));
#4114=DIRECTION('',(0.,1.,0.));
#4115=DIRECTION('',(0.,-1.,0.));
#4116=DIRECTION('',(-1.,0.,0.));
#4117=DIRECTION('',(0.,0.,-1.));
#4118=DIRECTION('',(-1.,0.,0.));
#4119=DIRECTION('',(0.,1.,0.));
#4120=DIRECTION('',(0.,0.,-1.));
#4121=DIRECTION('',(-1.,0.,0.));
#4122=DIRECTION('',(-1.,0.,0.));
#4123=DIRECTION('',(0.,1.,0.));
#4124=DIRECTION('',(0.,0.,-1.));
#4125=DIRECTION('',(0.,-1.,0.));
#4126=DIRECTION('',(-1.,0.,0.));
#4127=DIRECTION('',(0.,0.,-1.));
#4128=DIRECTION('',(0.,1.,0.));
#4129=DIRECTION('',(0.,1.,0.));
#4130=DIRECTION('',(-1.,0.,0.));
#4131=DIRECTION('',(0.,1.,0.));
#4132=DIRECTION('',(0.,0.,-1.));
#4133=DIRECTION('',(0.,1.,0.));
#4134=DIRECTION('',(1.,0.,0.));
#4135=DIRECTION('',(0.,0.,-1.));
#4136=DIRECTION('',(0.,-1.,0.));
#4137=DIRECTION('',(0.,1.,0.));
#4138=DIRECTION('',(-1.,0.,0.));
#4139=DIRECTION('',(0.,0.,-1.));
#4140=DIRECTION('',(-1.,0.,0.));
#4141=DIRECTION('',(0.,1.,0.));
#4142=DIRECTION('',(0.,0.,-1.));
#4143=DIRECTION('',(-1.,0.,0.));
#4144=DIRECTION('',(-1.,0.,0.));
#4145=DIRECTION('',(0.,-1.,0.));
#4146=DIRECTION('',(0.,0.,-1.));
#4147=DIRECTION('',(0.,1.,0.));
#4148=DIRECTION('',(1.,0.,0.));
#4149=DIRECTION('',(0.,0.,-1.));
#4150=DIRECTION('',(0.,-1.,0.));
#4151=DIRECTION('',(0.,-1.,0.));
#4152=DIRECTION('',(0.,0.,-1.));
#4153=DIRECTION('',(-1.,0.,0.));
#4154=DIRECTION('',(-1.,0.,0.));
#4155=DIRECTION('',(0.,1.,0.));
#4156=DIRECTION('',(-1.,0.,0.));
#4157=DIRECTION('',(0.,1.,0.));
#4158=DIRECTION('',(-1.,0.,0.));
#4159=DIRECTION('',(0.,1.,0.));
#4160=DIRECTION('',(-1.,0.,0.));
#4161=DIRECTION('',(0.,-1.,0.));
#4162=DIRECTION('',(-9.58562136324228E-16,0.,-1.));
#4163=DIRECTION('',(-1.,0.,9.58562136324228E-16));
#4164=DIRECTION('',(-1.,0.,9.58562136324228E-16));
#4165=DIRECTION('',(0.,1.,0.));
#4166=DIRECTION('',(-1.,0.,9.58562136324228E-16));
#4167=DIRECTION('',(0.,-1.,0.));
#4168=DIRECTION('',(-1.,0.,9.58562136324228E-16));
#4169=DIRECTION('',(0.,1.,0.));
#4170=DIRECTION('',(-1.,0.,9.58562136324228E-16));
#4171=DIRECTION('',(0.,1.,0.));
#4172=DIRECTION('',(-1.,0.,0.));
#4173=DIRECTION('',(0.,0.,1.));
#4174=DIRECTION('',(0.,0.,1.));
#4175=DIRECTION('',(0.,1.,0.));
#4176=DIRECTION('',(0.,0.,1.));
#4177=DIRECTION('',(0.,1.,0.));
#4178=DIRECTION('',(-1.,0.,0.));
#4179=DIRECTION('',(0.,0.,1.));
#4180=DIRECTION('',(0.,0.,1.));
#4181=DIRECTION('',(0.,1.,0.));
#4182=DIRECTION('',(0.,0.,1.));
#4183=DIRECTION('',(0.,1.,0.));
#4184=DIRECTION('',(0.,-1.,0.));
#4185=DIRECTION('',(0.,0.,-1.));
#4186=DIRECTION('',(1.,0.,0.));
#4187=DIRECTION('',(0.,0.,1.));
#4188=DIRECTION('',(1.,0.,0.));
#4189=DIRECTION('',(0.,0.,1.));
#4190=DIRECTION('',(1.,0.,0.));
#4191=DIRECTION('',(0.,0.,-1.));
#4192=DIRECTION('',(0.,1.,0.));
#4193=DIRECTION('',(0.,0.,1.));
#4194=DIRECTION('',(0.,1.,0.));
#4195=DIRECTION('',(0.,0.,1.));
#4196=DIRECTION('',(0.,-1.,0.));
#4197=DIRECTION('',(0.,0.,-1.));
#4198=DIRECTION('',(1.,0.,0.));
#4199=DIRECTION('',(0.,0.,1.));
#4200=DIRECTION('',(1.,0.,0.));
#4201=DIRECTION('',(0.,0.,1.));
#4202=DIRECTION('',(1.,0.,0.));
#4203=DIRECTION('',(0.,0.,-1.));
#4204=DIRECTION('',(0.,1.,0.));
#4205=DIRECTION('',(0.,0.,1.));
#4206=DIRECTION('',(0.,1.,0.));
#4207=DIRECTION('',(0.,0.,1.));
#4208=DIRECTION('',(0.,0.,-1.));
#4209=DIRECTION('',(1.,0.,0.));
#4210=DIRECTION('',(0.,0.,-1.));
#4211=DIRECTION('',(-1.,0.,0.));
#4212=DIRECTION('',(0.,0.,-1.));
#4213=DIRECTION('',(-1.,0.,0.));
#4214=DIRECTION('',(0.,0.,-1.));
#4215=DIRECTION('',(-1.,0.,0.));
#4216=DIRECTION('',(0.,0.,-1.));
#4217=DIRECTION('',(-1.,0.,0.));
#4218=DIRECTION('',(0.,-0.866025403784439,-0.5));
#4219=DIRECTION('',(0.,0.5,-0.866025403784439));
#4220=DIRECTION('',(0.,0.5,-0.866025403784439));
#4221=DIRECTION('',(1.,0.,0.));
#4222=DIRECTION('',(0.,0.5,-0.866025403784439));
#4223=DIRECTION('',(1.,0.,0.));
#4224=DIRECTION('',(1.,0.,0.));
#4225=DIRECTION('',(0.,1.,0.));
#4226=DIRECTION('',(0.,0.5,-0.866025403784439));
#4227=DIRECTION('',(0.,1.,0.));
#4228=DIRECTION('',(1.,0.,0.));
#4229=DIRECTION('',(0.,0.,-1.));
#4230=DIRECTION('',(0.,0.,1.));
#4231=DIRECTION('',(1.,0.,0.));
#4232=DIRECTION('',(0.,1.,0.));
#4233=DIRECTION('',(1.,0.,0.));
#4234=DIRECTION('',(0.,0.,-1.));
#4235=DIRECTION('',(0.,1.,0.));
#4236=DIRECTION('',(0.,0.5,-0.866025403784439));
#4237=DIRECTION('',(0.,0.,1.));
#4238=DIRECTION('',(0.,0.866025403784439,-0.5));
#4239=DIRECTION('',(0.,-0.5,-0.866025403784439));
#4240=DIRECTION('',(0.,-0.5,-0.866025403784439));
#4241=DIRECTION('',(-1.,0.,0.));
#4242=DIRECTION('',(0.,-0.5,-0.866025403784439));
#4243=DIRECTION('',(-1.,0.,0.));
#4244=DIRECTION('',(-1.,0.,0.));
#4245=DIRECTION('',(0.,-1.,0.));
#4246=DIRECTION('',(0.,-0.5,-0.866025403784439));
#4247=DIRECTION('',(0.,-1.,0.));
#4248=DIRECTION('',(-1.,0.,0.));
#4249=DIRECTION('',(0.,0.,1.));
#4250=DIRECTION('',(0.,0.,1.));
#4251=DIRECTION('',(-1.,0.,0.));
#4252=DIRECTION('',(0.,-1.,0.));
#4253=DIRECTION('',(-1.,0.,0.));
#4254=DIRECTION('',(0.,0.,1.));
#4255=DIRECTION('',(0.,-1.,0.));
#4256=DIRECTION('',(0.,-0.5,-0.866025403784439));
#4257=DIRECTION('',(0.,0.,1.));
#4258=DIRECTION('',(0.,0.866025403784439,-0.5));
#4259=DIRECTION('',(0.,-0.5,-0.866025403784439));
#4260=DIRECTION('',(0.,-0.5,-0.866025403784439));
#4261=DIRECTION('',(1.,0.,0.));
#4262=DIRECTION('',(0.,-0.5,-0.866025403784439));
#4263=DIRECTION('',(1.,0.,0.));
#4264=DIRECTION('',(1.,0.,0.));
#4265=DIRECTION('',(0.,-1.,0.));
#4266=DIRECTION('',(1.,0.,0.));
#4267=DIRECTION('',(0.,0.,-1.));
#4268=DIRECTION('',(0.,-1.,0.));
#4269=DIRECTION('',(0.,-0.5,-0.866025403784439));
#4270=DIRECTION('',(0.,0.,1.));
#4271=DIRECTION('',(1.,0.,0.));
#4272=DIRECTION('',(0.,-1.,0.));
#4273=DIRECTION('',(0.,-0.5,-0.866025403784439));
#4274=DIRECTION('',(0.,-1.,0.));
#4275=DIRECTION('',(1.,0.,0.));
#4276=DIRECTION('',(0.,0.,-1.));
#4277=DIRECTION('',(0.,0.,1.));
#4278=DIRECTION('',(0.,-0.866025403784439,-0.5));
#4279=DIRECTION('',(0.,0.5,-0.866025403784439));
#4280=DIRECTION('',(0.,0.5,-0.866025403784439));
#4281=DIRECTION('',(-1.,0.,0.));
#4282=DIRECTION('',(0.,0.5,-0.866025403784439));
#4283=DIRECTION('',(-1.,0.,0.));
#4284=DIRECTION('',(-1.,0.,0.));
#4285=DIRECTION('',(0.,1.,0.));
#4286=DIRECTION('',(0.,0.5,-0.866025403784439));
#4287=DIRECTION('',(0.,0.,1.));
#4288=DIRECTION('',(-1.,0.,0.));
#4289=DIRECTION('',(0.,0.,1.));
#4290=DIRECTION('',(0.,1.,0.));
#4291=DIRECTION('',(-1.,0.,0.));
#4292=DIRECTION('',(0.,1.,0.));
#4293=DIRECTION('',(-1.,0.,0.));
#4294=DIRECTION('',(0.,0.,1.));
#4295=DIRECTION('',(0.,0.,1.));
#4296=DIRECTION('',(0.,0.5,-0.866025403784439));
#4297=DIRECTION('',(0.,1.,0.));
#4298=DIRECTION('',(0.819152044288992,0.,0.573576436351046));
#4299=DIRECTION('',(0.573576436351046,0.,-0.819152044288992));
#4300=DIRECTION('',(0.573576436351046,0.,-0.819152044288992));
#4301=DIRECTION('',(0.,-1.,0.));
#4302=DIRECTION('',(0.573576436351046,0.,-0.819152044288992));
#4303=DIRECTION('',(0.819152044288992,0.,0.573576436351046));
#4304=DIRECTION('',(0.573576436351046,0.,-0.819152044288992));
#4305=DIRECTION('',(0.,1.,0.));
#4306=DIRECTION('',(0.,1.,0.));
#4307=DIRECTION('',(0.,0.,1.));
#4308=DIRECTION('',(0.,1.,0.));
#4309=DIRECTION('',(0.,0.,1.));
#4310=DIRECTION('',(0.,1.,0.));
#4311=DIRECTION('',(0.,1.,0.));
#4312=DIRECTION('',(0.,0.,1.));
#4313=DIRECTION('',(0.,1.,0.));
#4314=DIRECTION('',(0.,1.,0.));
#4315=DIRECTION('',(-1.,0.,0.));
#4316=DIRECTION('',(-1.,0.,9.58562136324228E-16));
#4317=DIRECTION('',(0.,1.,0.));
#4318=DIRECTION('',(0.,0.,1.));
#4319=DIRECTION('',(0.,1.,0.));
#4320=DIRECTION('',(0.,0.,1.));
#4321=DIRECTION('',(0.,-1.,0.));
#4322=DIRECTION('',(0.,0.,1.));
#4323=DIRECTION('',(0.,1.,0.));
#4324=DIRECTION('',(0.,0.,1.));
#4325=DIRECTION('',(0.,-1.,0.));
#4326=DIRECTION('',(0.,-1.,0.));
#4327=DIRECTION('',(0.,0.,-1.));
#4328=DIRECTION('',(0.,-1.,0.));
#4329=DIRECTION('',(0.819152044288991,0.,-0.573576436351047));
#4330=DIRECTION('',(-0.573576436351047,0.,-0.819152044288991));
#4331=DIRECTION('',(-0.573576436351047,0.,-0.819152044288991));
#4332=DIRECTION('',(0.,1.,0.));
#4333=DIRECTION('',(-0.573576436351047,0.,-0.819152044288991));
#4334=DIRECTION('',(0.819152044288991,0.,-0.573576436351047));
#4335=DIRECTION('',(-0.573576436351047,0.,-0.819152044288991));
#4336=DIRECTION('',(0.,1.,0.));
#4337=DIRECTION('',(0.,-1.,0.));
#4338=DIRECTION('',(-1.,0.,0.));
#4339=DIRECTION('',(-1.,0.,0.));
#4340=DIRECTION('',(0.,-1.,0.));
#4341=DIRECTION('',(0.,0.,-1.));
#4342=DIRECTION('',(0.,-1.,0.));
#4343=DIRECTION('',(0.,0.,-1.));
#4344=DIRECTION('',(0.819152044288992,0.,0.573576436351046));
#4345=DIRECTION('',(0.573576436351046,0.,-0.819152044288992));
#4346=DIRECTION('',(0.573576436351046,0.,-0.819152044288992));
#4347=DIRECTION('',(0.,-1.,0.));
#4348=DIRECTION('',(0.573576436351046,0.,-0.819152044288992));
#4349=DIRECTION('',(0.,-1.,0.));
#4350=DIRECTION('',(0.819152044288992,0.,0.573576436351046));
#4351=DIRECTION('',(0.573576436351046,0.,-0.819152044288992));
#4352=DIRECTION('',(0.,-1.,0.));
#4353=DIRECTION('',(0.,0.,1.));
#4354=DIRECTION('',(0.,-1.,0.));
#4355=DIRECTION('',(0.,0.,-1.));
#4356=DIRECTION('',(0.,-1.,0.));
#4357=DIRECTION('',(0.,1.,0.));
#4358=DIRECTION('',(0.,0.,1.));
#4359=DIRECTION('',(0.,-1.,0.));
#4360=DIRECTION('',(0.,-1.,0.));
#4361=DIRECTION('',(-1.,0.,0.));
#4362=DIRECTION('',(0.,-1.,0.));
#4363=DIRECTION('',(0.,0.,-1.));
#4364=DIRECTION('',(-1.,0.,9.58562136324228E-16));
#4365=DIRECTION('',(0.,-1.,0.));
#4366=DIRECTION('',(0.,0.,-1.));
#4367=DIRECTION('',(0.,1.,0.));
#4368=DIRECTION('',(0.,0.,1.));
#4369=DIRECTION('',(0.,1.,0.));
#4370=DIRECTION('',(0.,0.,1.));
#4371=DIRECTION('',(0.,1.,0.));
#4372=DIRECTION('',(0.,1.,0.));
#4373=DIRECTION('',(0.,0.,1.));
#4374=DIRECTION('',(0.,1.,0.));
#4375=DIRECTION('',(0.819152044288991,0.,-0.573576436351047));
#4376=DIRECTION('',(-0.573576436351047,0.,-0.819152044288991));
#4377=DIRECTION('',(-0.573576436351047,0.,-0.819152044288991));
#4378=DIRECTION('',(0.,1.,0.));
#4379=DIRECTION('',(-0.573576436351047,0.,-0.819152044288991));
#4380=DIRECTION('',(0.,-1.,0.));
#4381=DIRECTION('',(0.819152044288991,0.,-0.573576436351047));
#4382=DIRECTION('',(-0.573576436351047,0.,-0.819152044288991));
#4383=DIRECTION('',(0.,1.,0.));
#4384=DIRECTION('',(-1.,0.,0.));
#4385=DIRECTION('',(0.,1.,0.));
#4386=DIRECTION('',(0.,0.,1.));
#4387=DIRECTION('',(-1.,0.,0.));
#4388=DIRECTION('',(0.,1.,0.));
#4389=DIRECTION('',(0.,0.,1.));
#4390=DIRECTION('',(-0.90630778703665,0.,0.422618261740699));
#4391=DIRECTION('',(0.422618261740699,0.,0.90630778703665));
#4392=DIRECTION('',(0.,1.,0.));
#4393=DIRECTION('',(0.90630778703665,0.,-0.4226182617407));
#4394=DIRECTION('',(-0.4226182617407,0.,-0.90630778703665));
#4395=DIRECTION('',(0.,1.,0.));
#4396=DIRECTION('',(0.,1.,0.));
#4397=DIRECTION('',(0.,0.,1.));
#4398=DIRECTION('',(0.,-1.,0.));
#4399=DIRECTION('',(-1.,0.,0.));
#4400=DIRECTION('',(-0.4226182617407,0.,0.90630778703665));
#4401=DIRECTION('',(-0.906307787036652,0.,-0.422618261740695));
#4402=DIRECTION('',(0.4226182617407,0.,-0.90630778703665));
#4403=DIRECTION('',(0.,-1.,0.));
#4404=DIRECTION('',(0.,0.,-1.));
#4405=DIRECTION('',(-0.422618261740699,0.,0.90630778703665));
#4406=DIRECTION('',(0.906307787036652,0.,0.422618261740695));
#4407=DIRECTION('',(0.4226182617407,0.,-0.90630778703665));
#4408=DIRECTION('',(0.,-1.,0.));
#4409=DIRECTION('',(-0.906307787036649,0.,-0.422618261740702));
#4410=DIRECTION('',(-0.90630778703665,0.,-0.422618261740699));
#4411=DIRECTION('',(-0.422618261740699,0.,0.90630778703665));
#4412=DIRECTION('',(0.,1.,0.));
#4413=DIRECTION('',(-0.422618261740699,0.,0.90630778703665));
#4414=DIRECTION('',(0.,1.,0.));
#4415=DIRECTION('',(-1.,0.,0.));
#4416=DIRECTION('',(0.,1.,0.));
#4417=DIRECTION('',(0.,0.,1.));
#4418=DIRECTION('',(-0.4226182617407,0.,0.90630778703665));
#4419=DIRECTION('',(0.,1.,0.));
#4420=DIRECTION('',(0.,0.,1.));
#4421=DIRECTION('',(0.4226182617407,0.,-0.90630778703665));
#4422=DIRECTION('',(0.4226182617407,0.,-0.90630778703665));
#4423=DIRECTION('',(0.90630778703665,0.,0.4226182617407));
#4424=DIRECTION('',(0.4226182617407,0.,-0.90630778703665));
#4425=DIRECTION('',(0.,1.,0.));
#4426=DIRECTION('',(0.,1.,0.));
#4427=DIRECTION('',(0.,0.,1.));
#4428=DIRECTION('',(0.90630778703665,0.,0.4226182617407));
#4429=DIRECTION('',(0.4226182617407,0.,-0.90630778703665));
#4430=DIRECTION('',(0.4226182617407,0.,-0.90630778703665));
#4431=DIRECTION('',(0.,1.,0.));
#4432=DIRECTION('',(0.,1.,0.));
#4433=DIRECTION('',(0.,0.,1.));
#4434=DIRECTION('',(0.,1.,0.));
#4435=DIRECTION('',(0.,0.,1.));
#4436=DIRECTION('',(0.,1.,0.));
#4437=DIRECTION('',(-0.90630778703665,0.,-0.4226182617407));
#4438=DIRECTION('',(-0.4226182617407,0.,0.90630778703665));
#4439=DIRECTION('',(-0.4226182617407,0.,0.90630778703665));
#4440=DIRECTION('',(0.,1.,0.));
#4441=DIRECTION('',(-1.,0.,0.));
#4442=DIRECTION('',(0.,-1.,0.));
#4443=DIRECTION('',(1.,0.,0.));
#4444=DIRECTION('',(0.906307787036652,0.,0.422618261740695));
#4445=DIRECTION('',(-0.4226182617407,0.,0.90630778703665));
#4446=DIRECTION('',(0.,-1.,0.));
#4447=DIRECTION('',(-0.906307787036649,0.,-0.4226182617407));
#4448=DIRECTION('',(0.4226182617407,0.,-0.90630778703665));
#4449=DIRECTION('',(-0.906307787036652,0.,-0.422618261740695));
#4450=DIRECTION('',(-0.90630778703665,0.,0.422618261740699));
#4451=DIRECTION('',(0.422618261740699,0.,0.90630778703665));
#4452=DIRECTION('',(0.422618261740699,0.,0.90630778703665));
#4453=DIRECTION('',(0.,1.,0.));
#4454=DIRECTION('',(0.90630778703665,0.,-0.422618261740699));
#4455=DIRECTION('',(-0.422618261740699,0.,-0.90630778703665));
#4456=DIRECTION('',(0.,1.,0.));
#4457=DIRECTION('',(-0.422618261740699,0.,-0.90630778703665));
#4458=DIRECTION('',(0.,1.,0.));
#4459=DIRECTION('',(0.,0.,1.));
#4460=DIRECTION('',(0.,1.,0.));
#4461=DIRECTION('',(0.,0.,1.));
#4462=DIRECTION('',(0.,1.,0.));
#4463=DIRECTION('',(-1.,0.,0.));
#4464=DIRECTION('',(0.,-1.,0.));
#4465=DIRECTION('',(1.,0.,0.));
#4466=DIRECTION('',(0.906307787036648,0.,-0.422618261740703));
#4467=DIRECTION('',(-0.422618261740699,0.,-0.90630778703665));
#4468=DIRECTION('',(0.,1.,0.));
#4469=DIRECTION('',(0.906307787036646,0.,-0.422618261740707));
#4470=DIRECTION('',(0.422618261740699,0.,0.90630778703665));
#4471=DIRECTION('',(-0.906307787036648,0.,0.422618261740704));
#4472=DIRECTION('',(-0.90630778703665,0.,0.422618261740699));
#4473=DIRECTION('',(0.422618261740699,0.,0.90630778703665));
#4474=DIRECTION('',(0.,1.,0.));
#4475=DIRECTION('',(0.,1.,0.));
#4476=DIRECTION('',(0.422618261740699,0.,0.90630778703665));
#4477=DIRECTION('',(-0.90630778703665,0.,0.422618261740699));
#4478=DIRECTION('',(0.422618261740699,0.,0.90630778703665));
#4479=DIRECTION('',(0.422618261740699,0.,0.90630778703665));
#4480=DIRECTION('',(0.,1.,0.));
#4481=DIRECTION('',(0.,1.,0.));
#4482=DIRECTION('',(0.,1.,0.));
#4483=DIRECTION('',(0.,0.,1.));
#4484=DIRECTION('',(0.,1.,0.));
#4485=DIRECTION('',(0.,1.,0.));
#4486=DIRECTION('',(0.906307787036646,0.,-0.422618261740707));
#4487=DIRECTION('',(0.,1.,0.));
#4488=DIRECTION('',(0.,0.,1.));
#4489=DIRECTION('',(0.,1.,0.));
#4490=DIRECTION('',(0.906307787036647,0.,-0.422618261740705));
#4491=DIRECTION('',(0.,1.,0.));
#4492=DIRECTION('',(0.90630778703665,0.,-0.422618261740699));
#4493=DIRECTION('',(-0.422618261740699,0.,-0.90630778703665));
#4494=DIRECTION('',(0.,1.,0.));
#4495=DIRECTION('',(-0.422618261740699,0.,-0.90630778703665));
#4496=DIRECTION('',(0.,1.,0.));
#4497=DIRECTION('',(0.,0.,1.));
#4498=DIRECTION('',(-0.906307787036648,0.,0.422618261740703));
#4499=DIRECTION('',(-0.422618261740699,0.,-0.90630778703665));
#4500=DIRECTION('',(0.906307787036648,0.,-0.422618261740704));
#4501=DIRECTION('',(0.90630778703665,0.,-0.422618261740699));
#4502=DIRECTION('',(-0.422618261740699,0.,-0.90630778703665));
#4503=DIRECTION('',(0.,1.,0.));
#4504=DIRECTION('',(0.422618261740703,0.,0.906307787036648));
#4505=DIRECTION('',(0.,-1.,0.));
#4506=DIRECTION('',(-0.422618261740703,0.,-0.906307787036648));
#4507=DIRECTION('',(0.,-1.,0.));
#4508=DIRECTION('',(0.90630778703665,0.,0.4226182617407));
#4509=DIRECTION('',(0.4226182617407,0.,-0.90630778703665));
#4510=DIRECTION('',(0.,1.,0.));
#4511=DIRECTION('',(-0.4226182617407,0.,0.90630778703665));
#4512=DIRECTION('',(0.,1.,0.));
#4513=DIRECTION('',(0.90630778703665,0.,0.4226182617407));
#4514=DIRECTION('',(0.4226182617407,0.,-0.90630778703665));
#4515=DIRECTION('',(-0.4226182617407,0.,0.90630778703665));
#4516=DIRECTION('',(0.,1.,0.));
#4517=DIRECTION('',(0.,1.,0.));
#4518=DIRECTION('',(0.,-1.,0.));
#4519=DIRECTION('',(0.,0.,-1.));
#4520=DIRECTION('',(0.,1.,0.));
#4521=DIRECTION('',(0.,-1.,0.));
#4522=DIRECTION('',(-0.906307787036649,0.,-0.422618261740702));
#4523=DIRECTION('',(0.,-1.,0.));
#4524=DIRECTION('',(0.,0.,-1.));
#4525=DIRECTION('',(0.,-1.,0.));
#4526=DIRECTION('',(-0.906307787036649,0.,-0.4226182617407));
#4527=DIRECTION('',(0.,1.,0.));
#4528=DIRECTION('',(-0.90630778703665,0.,-0.4226182617407));
#4529=DIRECTION('',(-0.4226182617407,0.,0.90630778703665));
#4530=DIRECTION('',(0.,1.,0.));
#4531=DIRECTION('',(0.4226182617407,0.,-0.90630778703665));
#4532=DIRECTION('',(8.73440774796159E-16,1.,4.07292122232285E-16));
#4533=DIRECTION('',(-1.,8.73440774796159E-16,0.));
#4534=DIRECTION('',(0.906307787036652,-9.63735264431573E-16,0.422618261740695));
#4535=DIRECTION('',(0.4226182617407,0.,-0.90630778703665));
#4536=DIRECTION('',(-0.906307787036652,-9.63735264431573E-16,-0.422618261740695));
#4537=DIRECTION('',(-0.90630778703665,0.,-0.4226182617407));
#4538=DIRECTION('',(-0.4226182617407,0.,0.90630778703665));
#4539=DIRECTION('',(0.,1.,0.));
#4540=DIRECTION('',(-0.422618261740695,0.,0.906307787036652));
#4541=DIRECTION('',(0.,1.,0.));
#4542=DIRECTION('',(0.422618261740695,0.,-0.906307787036652));
#4543=DIRECTION('',(0.,1.,0.));
#4544=DIRECTION('',(0.,1.,0.));
#4545=DIRECTION('',(0.,0.,1.));
#4546=DIRECTION('',(0.,1.,0.));
#4547=DIRECTION('',(0.,0.,1.));
#4548=DIRECTION('',(0.573576436351047,0.,0.819152044288991));
#4549=DIRECTION('',(0.819152044288991,0.,-0.573576436351047));
#4550=DIRECTION('',(0.573576436351037,0.,0.819152044288998));
#4551=DIRECTION('',(0.819152044288998,0.,-0.573576436351037));
#4552=DIRECTION('',(-0.57357643635105,0.,-0.819152044288989));
#4553=DIRECTION('',(-0.819152044288989,0.,0.57357643635105));
#4554=DIRECTION('',(0.,1.,0.));
#4555=DIRECTION('',(0.,0.,1.));
#4556=DIRECTION('',(-0.823938094001682,0.,0.566679818992061));
#4557=DIRECTION('',(0.566679818992061,0.,0.823938094001682));
#4558=DIRECTION('',(0.,-1.,0.));
#4559=DIRECTION('',(0.,0.,-1.));
#4560=DIRECTION('',(0.814094735704234,2.55004509298225E-15,-0.580732090811807));
#4561=DIRECTION('',(-0.580732090811807,0.,-0.814094735704234));
#4562=DIRECTION('',(0.,-1.,0.));
#4563=DIRECTION('',(0.,0.,-1.));
#4564=DIRECTION('',(0.,1.,0.));
#4565=DIRECTION('',(0.,0.,1.));
#4566=DIRECTION('',(0.823938094001682,0.,0.566679818992061));
#4567=DIRECTION('',(0.566679818992061,0.,-0.823938094001682));
#4568=DIRECTION('',(0.,1.,0.));
#4569=DIRECTION('',(0.,0.,1.));
#4570=DIRECTION('',(0.,1.,0.));
#4571=DIRECTION('',(0.,0.,1.));
#4572=DIRECTION('',(0.,-1.,0.));
#4573=DIRECTION('',(0.,0.,-1.));
#4574=DIRECTION('',(0.,1.,0.));
#4575=DIRECTION('',(0.,0.,1.));
#4576=DIRECTION('',(-0.693318729463328,0.,0.720631070226199));
#4577=DIRECTION('',(0.720631070226199,0.,0.693318729463328));
#4578=DIRECTION('',(0.,1.,0.));
#4579=DIRECTION('',(0.,0.,1.));
#4580=DIRECTION('',(0.573576436351048,0.,-0.819152044288991));
#4581=DIRECTION('',(-0.819152044288991,0.,-0.573576436351048));
#4582=DIRECTION('',(0.,-1.,0.));
#4583=DIRECTION('',(0.,0.,-1.));
#4584=DIRECTION('',(-0.693318729463311,2.33254018671738E-14,0.720631070226215));
#4585=DIRECTION('',(0.720631070226215,0.,0.693318729463311));
#4586=DIRECTION('',(0.,-1.,0.));
#4587=DIRECTION('',(0.,0.,-1.));
#4588=DIRECTION('',(0.,-1.,0.));
#4589=DIRECTION('',(0.,0.,-1.));
#4590=DIRECTION('',(0.,1.,0.));
#4591=DIRECTION('',(0.,0.,1.));
#4592=DIRECTION('',(0.,-1.,0.));
#4593=DIRECTION('',(0.,0.,-1.));
#4594=DIRECTION('',(1.,1.0927391974657E-14,0.));
#4595=DIRECTION('',(-1.0927391974657E-14,1.,0.));
#4596=DIRECTION('',(0.573576436351046,0.,-0.819152044288992));
#4597=DIRECTION('',(-0.819152044288992,0.,-0.573576436351046));
#4598=DIRECTION('',(-0.57357643635105,-1.79023909495748E-14,0.819152044288989));
#4599=DIRECTION('',(0.819152044288989,0.,0.57357643635105));
#4600=DIRECTION('',(-1.0927391974657E-14,1.,0.));
#4601=DIRECTION('',(-1.,-1.0927391974657E-14,0.));
#4602=DIRECTION('',(1.,0.,1.09273919746571E-14));
#4603=DIRECTION('',(1.09273919746571E-14,0.,-1.));
#4604=DIRECTION('',(-1.,0.,0.));
#4605=DIRECTION('',(0.,0.,1.));
#4606=DIRECTION('',(-1.,0.,0.));
#4607=DIRECTION('',(0.,0.,1.));
#4608=DIRECTION('',(0.,0.,-1.));
#4609=DIRECTION('',(-1.,0.,0.));
#4610=DIRECTION('',(0.,0.,-1.));
#4611=DIRECTION('',(-1.,0.,0.));
#4612=DIRECTION('',(0.,0.,1.));
#4613=DIRECTION('',(1.,0.,0.));
#4614=DIRECTION('',(-1.0927391974657E-14,-1.,0.));
#4615=DIRECTION('',(1.,-1.0927391974657E-14,0.));
#4616=DIRECTION('',(0.,-1.,0.));
#4617=DIRECTION('',(0.,0.,-1.));
#4618=DIRECTION('',(-0.814094735704241,0.,-0.580732090811798));
#4619=DIRECTION('',(-0.580732090811798,0.,0.814094735704241));
#4620=DIRECTION('',(-1.,0.,0.));
#4621=DIRECTION('',(0.,0.,1.));
#4622=DIRECTION('',(-0.707106781186548,0.707106781186548,0.));
#4623=DIRECTION('',(0.707106781186548,0.707106781186548,0.));
#4624=DIRECTION('',(0.,-1.,0.));
#4625=DIRECTION('',(0.,0.,-1.));
#4626=DIRECTION('',(0.,-1.,0.));
#4627=DIRECTION('',(0.,0.,-1.));
#4628=DIRECTION('',(0.,1.,0.));
#4629=DIRECTION('',(0.,0.,1.));
#4630=DIRECTION('',(0.693318729463311,-3.06031147341289E-14,0.720631070226215));
#4631=DIRECTION('',(0.720631070226215,0.,-0.693318729463311));
#4632=DIRECTION('',(0.,-1.,0.));
#4633=DIRECTION('',(0.,0.,-1.));
#4634=DIRECTION('',(0.,1.,0.));
#4635=DIRECTION('',(0.,0.,1.));
#4636=DIRECTION('',(0.707106781186548,0.707106781186548,0.));
#4637=DIRECTION('',(-0.707106781186548,0.707106781186548,0.));
#4638=DIRECTION('',(0.,-1.,0.));
#4639=DIRECTION('',(0.,0.,-1.));
#4640=DIRECTION('',(0.,1.,-6.82961998416069E-16));
#4641=DIRECTION('',(0.,6.82961998416069E-16,1.));
#4642=DIRECTION('',(0.,0.,1.));
#4643=DIRECTION('',(1.,0.,0.));
#4644=DIRECTION('',(0.,0.,-1.));
#4645=DIRECTION('',(-1.,0.,0.));
#4646=DIRECTION('',(0.,0.,1.));
#4647=DIRECTION('',(1.,0.,0.));
#4648=DIRECTION('',(-2.18547839493141E-14,-1.,0.));
#4649=DIRECTION('',(1.,-2.18547839493141E-14,0.));
#4650=DIRECTION('',(-1.,0.,3.27821759239714E-14));
#4651=DIRECTION('',(3.27821759239714E-14,0.,1.));
#4652=DIRECTION('',(0.,-1.,0.));
#4653=DIRECTION('',(0.,0.,-1.));
#4654=DIRECTION('',(0.,-1.,0.));
#4655=DIRECTION('',(0.,0.,-1.));
#4656=DIRECTION('',(0.,1.,0.));
#4657=DIRECTION('',(0.,0.,1.));
#4658=DIRECTION('',(0.,-1.,0.));
#4659=DIRECTION('',(0.,0.,-1.));
#4660=DIRECTION('',(0.693318729463333,0.,0.720631070226194));
#4661=DIRECTION('',(0.720631070226194,0.,-0.693318729463333));
#4662=DIRECTION('',(-1.,0.,0.));
#4663=DIRECTION('',(0.,0.,1.));
#4664=DIRECTION('',(1.,1.0927391974657E-14,0.));
#4665=DIRECTION('',(-1.0927391974657E-14,1.,0.));
#4666=DIRECTION('',(-1.,0.,0.));
#4667=DIRECTION('',(0.,0.,1.));
#4668=DIRECTION('',(-1.,0.,0.));
#4669=DIRECTION('',(0.,0.,1.));
#4670=DIRECTION('',(0.,0.,1.));
#4671=DIRECTION('',(1.,0.,0.));
#4672=DIRECTION('',(0.,0.,-1.));
#4673=DIRECTION('',(-1.,0.,0.));
#4674=DIRECTION('',(-1.09273919746571E-14,0.,1.));
#4675=DIRECTION('',(1.,0.,1.09273919746571E-14));
#4676=DIRECTION('',(-1.,0.,9.58562136324228E-16));
#4677=DIRECTION('',(9.58562136324228E-16,0.,1.));
#4678=DIRECTION('',(1.,0.,0.));
#4679=DIRECTION('',(0.,0.,-1.));
#4680=DIRECTION('',(-2.18547839493141E-14,1.,0.));
#4681=DIRECTION('',(-1.,-2.18547839493141E-14,0.));
#4682=DIRECTION('',(-1.,-3.27821759239712E-14,0.));
#4683=DIRECTION('',(3.27821759239712E-14,-1.,0.));
#4684=DIRECTION('',(-1.0927391974657E-14,-1.,0.));
#4685=DIRECTION('',(1.,-1.0927391974657E-14,0.));
#4686=DIRECTION('',(-0.693318729463328,0.,0.720631070226199));
#4687=DIRECTION('',(0.720631070226199,0.,0.693318729463328));
#4688=DIRECTION('',(0.,-1.,0.));
#4689=DIRECTION('',(0.,0.,-1.));
#4690=DIRECTION('',(0.,1.,0.));
#4691=DIRECTION('',(0.,0.,1.));
#4692=DIRECTION('',(9.47727660703941E-16,1.,0.));
#4693=DIRECTION('',(-1.,9.47727660703941E-16,0.));
#4694=DIRECTION('',(1.,0.,0.));
#4695=DIRECTION('',(0.,0.,-1.));
#4696=DIRECTION('',(1.,0.,1.09273919746571E-14));
#4697=DIRECTION('',(1.09273919746571E-14,0.,-1.));
#4698=DIRECTION('',(0.,-1.,-1.0927391974657E-14));
#4699=DIRECTION('',(0.,1.0927391974657E-14,-1.));
#4700=DIRECTION('',(0.,-1.,0.));
#4701=DIRECTION('',(0.,0.,-1.));
#4702=DIRECTION('',(-1.,0.,9.58562136324228E-16));
#4703=DIRECTION('',(9.58562136324228E-16,0.,1.));
#4704=DIRECTION('',(0.707106781186548,0.707106781186548,-6.77805786783526E-16));
#4705=DIRECTION('',(-0.707106781186548,0.707106781186548,6.77805786783526E-16));
#4706=DIRECTION('',(0.,1.,0.));
#4707=DIRECTION('',(0.,0.,1.));
#4708=DIRECTION('',(0.,1.,0.));
#4709=DIRECTION('',(0.,0.,1.));
#4710=DIRECTION('',(-0.693318729463311,2.33254018671738E-14,0.720631070226215));
#4711=DIRECTION('',(0.720631070226215,0.,0.693318729463311));
#4712=DIRECTION('',(0.,0.,-1.));
#4713=DIRECTION('',(-1.,0.,0.));
#4714=DIRECTION('',(0.,0.,-1.));
#4715=DIRECTION('',(-1.,0.,0.));
#4716=DIRECTION('',(0.,0.,1.));
#4717=DIRECTION('',(1.,0.,0.));
#4718=DIRECTION('',(0.,1.,0.));
#4719=DIRECTION('',(0.,0.,1.));
#4720=DIRECTION('',(0.,1.,0.));
#4721=DIRECTION('',(0.,0.,1.));
#4722=DIRECTION('',(0.,1.,0.));
#4723=DIRECTION('',(0.,0.,1.));
#4724=DIRECTION('',(-0.707106781186548,0.707106781186548,6.77805786783526E-16));
#4725=DIRECTION('',(0.707106781186548,0.707106781186548,-6.77805786783526E-16));
#4726=DIRECTION('',(0.,1.,0.));
#4727=DIRECTION('',(0.,0.,1.));
#4728=DIRECTION('',(0.,1.,0.));
#4729=DIRECTION('',(0.,0.,1.));
#4730=DIRECTION('',(0.,1.,0.));
#4731=DIRECTION('',(0.,0.,1.));
#4732=DIRECTION('',(0.814094735704241,0.,-0.580732090811798));
#4733=DIRECTION('',(-0.580732090811798,0.,-0.814094735704241));
#4734=DIRECTION('',(1.,6.82961998416069E-16,0.));
#4735=DIRECTION('',(-6.82961998416069E-16,1.,0.));
#4736=DIRECTION('',(1.,0.,0.));
#4737=DIRECTION('',(0.,0.,-1.));
#4738=DIRECTION('',(-1.,0.,9.58562136324228E-16));
#4739=DIRECTION('',(9.58562136324228E-16,0.,1.));
#4740=DIRECTION('',(-1.,0.,3.27821759239714E-14));
#4741=DIRECTION('',(3.27821759239714E-14,0.,1.));
#4742=DIRECTION('',(1.0927391974657E-14,1.,0.));
#4743=DIRECTION('',(-1.,1.0927391974657E-14,0.));
#4744=DIRECTION('',(0.57357643635105,8.95119547478742E-15,0.819152044288989));
#4745=DIRECTION('',(0.819152044288989,0.,-0.57357643635105));
#4746=DIRECTION('',(1.,0.,-9.58562136324228E-16));
#4747=DIRECTION('',(-9.58562136324228E-16,0.,-1.));
#4748=DIRECTION('',(-1.,0.,0.));
#4749=DIRECTION('',(0.,0.,1.));
#4750=DIRECTION('',(0.,1.,0.));
#4751=DIRECTION('',(0.,0.,1.));
#4752=DIRECTION('',(0.,-1.,0.));
#4753=DIRECTION('',(0.,0.,-1.));
#4754=DIRECTION('',(-6.570773375965E-16,1.,-6.82961998416077E-16));
#4755=DIRECTION('',(0.,6.82961998416077E-16,1.));
#4756=DIRECTION('',(-2.18547839493141E-14,-1.,0.));
#4757=DIRECTION('',(1.,-2.18547839493141E-14,0.));
#4758=DIRECTION('',(0.693318729463311,-3.06031147341289E-14,0.720631070226215));
#4759=DIRECTION('',(0.720631070226215,0.,-0.693318729463311));
#4760=DIRECTION('',(0.,1.,0.));
#4761=DIRECTION('',(0.,0.,1.));
#4762=DIRECTION('',(0.,1.,0.));
#4763=DIRECTION('',(0.,0.,1.));
#4764=DIRECTION('',(-0.573576436351047,0.,-0.819152044288991));
#4765=DIRECTION('',(-0.819152044288991,0.,0.573576436351047));
#4766=DIRECTION('',(-0.57357643635105,0.,-0.819152044288989));
#4767=DIRECTION('',(-0.819152044288989,0.,0.57357643635105));
#4768=DIRECTION('',(0.,1.,1.0927391974657E-14));
#4769=DIRECTION('',(0.,-1.0927391974657E-14,1.));
#4770=DIRECTION('',(0.693318729463311,0.,0.720631070226215));
#4771=DIRECTION('',(0.720631070226215,0.,-0.693318729463311));
#4772=DIRECTION('',(0.,1.,0.));
#4773=DIRECTION('',(0.,0.,1.));
#4774=DIRECTION('',(0.,1.,0.));
#4775=DIRECTION('',(0.,0.,1.));
#4776=DIRECTION('',(-0.823938094001682,0.,0.566679818992061));
#4777=DIRECTION('',(0.566679818992061,0.,0.823938094001682));
#4778=DIRECTION('',(0.,1.,0.));
#4779=DIRECTION('',(0.,0.,1.));
#4780=DIRECTION('',(-0.814094735704234,-2.55004509298225E-15,-0.580732090811807));
#4781=DIRECTION('',(-0.580732090811807,0.,0.814094735704234));
#4782=DIRECTION('',(0.,1.,0.));
#4783=DIRECTION('',(0.,0.,1.));
#4784=DIRECTION('',(0.,1.,0.));
#4785=DIRECTION('',(0.,0.,1.));
#4786=DIRECTION('',(0.,1.,0.));
#4787=DIRECTION('',(0.,0.,1.));
#4788=DIRECTION('',(0.,1.,0.));
#4789=DIRECTION('',(0.,0.,1.));
#4790=DIRECTION('',(0.,1.,0.));
#4791=DIRECTION('',(0.,0.,1.));
#4792=DIRECTION('',(0.823938094001682,0.,0.566679818992061));
#4793=DIRECTION('',(0.566679818992061,0.,-0.823938094001682));
#4794=DIRECTION('',(-1.0927391974657E-14,1.,0.));
#4795=DIRECTION('',(-1.,-1.0927391974657E-14,0.));
#4796=DIRECTION('',(-0.57357643635103,0.,0.819152044289003));
#4797=DIRECTION('',(0.819152044289003,0.,0.57357643635103));
#4798=DIRECTION('',(0.,1.,0.));
#4799=DIRECTION('',(0.,0.,1.));
#4800=DIRECTION('',(0.57357643635105,-2.68350092735257E-15,-0.819152044288989));
#4801=DIRECTION('',(-0.819152044288989,0.,-0.57357643635105));
#4802=DIRECTION('',(-0.573576436351046,0.,0.819152044288992));
#4803=DIRECTION('',(0.819152044288992,0.,0.573576436351046));
#4804=DIRECTION('',(0.,0.,-1.));
#4805=DIRECTION('',(-1.,0.,0.));
#4806=DIRECTION('',(0.,0.,1.));
#4807=DIRECTION('',(1.,0.,0.));
#4808=DIRECTION('',(0.,-1.,0.));
#4809=DIRECTION('',(0.,0.,-1.));
#4810=DIRECTION('',(-5.46369598732856E-15,-1.,0.));
#4811=DIRECTION('',(1.,-5.46369598732856E-15,0.));
#4812=DIRECTION('',(-1.,0.,0.));
#4813=DIRECTION('',(0.,0.,1.));
#4814=DIRECTION('',(0.,0.,1.));
#4815=DIRECTION('',(1.,0.,0.));
#4816=DIRECTION('',(0.,0.,1.));
#4817=DIRECTION('',(1.,0.,0.));
#4818=DIRECTION('',(-1.,0.,0.));
#4819=DIRECTION('',(0.,0.,1.));
#4820=DIRECTION('',(1.,-2.18547839493141E-14,0.));
#4821=DIRECTION('',(2.18547839493141E-14,1.,0.));
#4822=DIRECTION('',(0.,1.,0.));
#4823=DIRECTION('',(0.,0.,1.));
#4824=DIRECTION('',(0.,1.,0.));
#4825=DIRECTION('',(0.,0.,1.));
#4826=DIRECTION('',(0.,0.,1.));
#4827=DIRECTION('',(1.,0.,0.));
#4828=DIRECTION('',(0.,0.,1.));
#4829=DIRECTION('',(1.,0.,0.));
#4830=DIRECTION('',(-2.18547839493141E-14,-1.,0.));
#4831=DIRECTION('',(1.,-2.18547839493141E-14,0.));
#4832=DIRECTION('',(0.,-1.,0.));
#4833=DIRECTION('',(0.,0.,-1.));
#4834=DIRECTION('',(-1.,0.,0.));
#4835=DIRECTION('',(0.,0.,1.));
#4836=DIRECTION('',(-1.,2.18547839493141E-14,0.));
#4837=DIRECTION('',(-2.18547839493141E-14,-1.,0.));
#4838=DIRECTION('',(0.,-1.,0.));
#4839=DIRECTION('',(0.,0.,-1.));
#4840=DIRECTION('',(5.46369598732856E-15,1.,0.));
#4841=DIRECTION('',(-1.,5.46369598732856E-15,0.));
#4842=DIRECTION('',(1.,0.,0.));
#4843=DIRECTION('',(0.,0.,-1.));
#4844=DIRECTION('',(1.,0.,0.));
#4845=DIRECTION('',(0.,0.,-1.));
#4846=DIRECTION('',(0.,0.,1.));
#4847=DIRECTION('',(1.,0.,0.));
#4848=DIRECTION('',(0.,0.,1.));
#4849=DIRECTION('',(1.,0.,0.));
#4850=DIRECTION('',(0.,0.,-1.));
#4851=DIRECTION('',(-1.,0.,0.));
#4852=DIRECTION('',(0.,0.5,0.866025403784439));
#4853=DIRECTION('',(0.,-0.866025403784439,0.5));
#4854=DIRECTION('',(0.,-0.327326835353987,0.944911182523069));
#4855=DIRECTION('',(0.,0.944911182523069,0.327326835353987));
#4856=DIRECTION('',(0.,-0.970725343394151,0.240192230707631));
#4857=DIRECTION('',(0.,0.240192230707631,0.970725343394151));
#4858=DIRECTION('',(0.,-0.5,-0.866025403784439));
#4859=DIRECTION('',(0.,0.866025403784439,-0.5));
#4860=DIRECTION('',(0.,-0.327326835353993,0.944911182523066));
#4861=DIRECTION('',(0.,-0.944911182523066,-0.327326835353993));
#4862=DIRECTION('',(0.,-0.970725343394151,0.240192230707631));
#4863=DIRECTION('',(0.,-0.240192230707631,-0.970725343394151));
#4864=DIRECTION('',(0.,-0.5,-0.866025403784439));
#4865=DIRECTION('',(0.,0.866025403784439,-0.5));
#4866=DIRECTION('',(0.,-0.327326835353987,0.944911182523069));
#4867=DIRECTION('',(0.,-0.944911182523069,-0.327326835353987));
#4868=DIRECTION('',(0.,-0.970725343394151,0.240192230707631));
#4869=DIRECTION('',(0.,-0.240192230707631,-0.970725343394151));
#4870=DIRECTION('',(0.,0.5,0.866025403784439));
#4871=DIRECTION('',(0.,-0.866025403784439,0.5));
#4872=DIRECTION('',(0.,-0.327326835353993,0.944911182523066));
#4873=DIRECTION('',(0.,0.944911182523066,0.327326835353993));
#4874=DIRECTION('',(0.,-0.970725343394151,0.240192230707631));
#4875=DIRECTION('',(0.,0.240192230707631,0.970725343394151));
#4876=DIRECTION('',(0.,0.5,-0.866025403784439));
#4877=DIRECTION('',(0.,0.866025403784439,0.5));
#4878=DIRECTION('',(0.,-0.970725343394151,-0.240192230707631));
#4879=DIRECTION('',(0.,0.240192230707631,-0.970725343394151));
#4880=DIRECTION('',(0.,0.327326835353986,0.944911182523069));
#4881=DIRECTION('',(0.,0.944911182523069,-0.327326835353986));
#4882=DIRECTION('',(0.,-0.5,0.866025403784439));
#4883=DIRECTION('',(0.,-0.866025403784439,-0.5));
#4884=DIRECTION('',(0.,-0.970725343394151,-0.240192230707631));
#4885=DIRECTION('',(0.,-0.240192230707631,0.970725343394151));
#4886=DIRECTION('',(0.,0.327326835353993,0.944911182523066));
#4887=DIRECTION('',(0.,-0.944911182523066,0.327326835353993));
#4888=DIRECTION('',(0.,0.5,-0.866025403784439));
#4889=DIRECTION('',(0.,0.866025403784439,0.5));
#4890=DIRECTION('',(0.,0.327326835353993,0.944911182523066));
#4891=DIRECTION('',(0.,0.944911182523066,-0.327326835353993));
#4892=DIRECTION('',(0.,-0.970725343394151,-0.240192230707631));
#4893=DIRECTION('',(0.,0.240192230707631,-0.970725343394151));
#4894=DIRECTION('',(0.,-0.5,0.866025403784439));
#4895=DIRECTION('',(0.,-0.866025403784439,-0.5));
#4896=DIRECTION('',(0.,0.327326835353986,0.944911182523069));
#4897=DIRECTION('',(0.,-0.944911182523069,0.327326835353986));
#4898=DIRECTION('',(0.,-0.970725343394151,-0.240192230707631));
#4899=DIRECTION('',(0.,-0.240192230707631,0.970725343394151));
#4900=DIRECTION('',(-1.,0.,0.));
#4901=DIRECTION('',(0.,0.,1.));
#4902=DIRECTION('',(-1.,0.,0.));
#4903=DIRECTION('',(0.,0.,1.));
#4904=DIRECTION('',(1.,0.,0.));
#4905=DIRECTION('',(0.,0.,-1.));
#4906=DIRECTION('',(-1.,0.,0.));
#4907=DIRECTION('',(0.,0.,1.));
#4908=DIRECTION('',(1.,0.,0.));
#4909=DIRECTION('',(0.,0.,-1.));
#4910=DIRECTION('',(-1.,0.,0.));
#4911=DIRECTION('',(0.,0.,1.));
#4912=DIRECTION('',(0.,0.,-1.));
#4913=DIRECTION('',(-1.,0.,0.));
#4914=DIRECTION('',(0.,1.,0.));
#4915=DIRECTION('',(0.,0.,1.));
#4916=DIRECTION('',(0.,-1.,0.));
#4917=DIRECTION('',(0.,0.,-1.));
#4918=DIRECTION('',(0.,1.,0.));
#4919=DIRECTION('',(0.,0.,1.));
#4920=DIRECTION('',(0.,0.,-1.));
#4921=DIRECTION('',(-1.,0.,0.));
#4922=DIRECTION('',(1.,0.,0.));
#4923=DIRECTION('',(0.,0.,-1.));
#4924=DIRECTION('',(1.,0.,0.));
#4925=DIRECTION('',(0.,0.,-1.));
#4926=DIRECTION('',(1.,0.,0.));
#4927=DIRECTION('',(0.,0.,-1.));
#4928=DIRECTION('',(1.,0.,0.));
#4929=DIRECTION('',(0.,0.,-1.));
#4930=DIRECTION('',(-1.,0.,0.));
#4931=DIRECTION('',(0.,0.,1.));
#4932=DIRECTION('',(1.,0.,0.));
#4933=DIRECTION('',(0.,0.,-1.));
#4934=DIRECTION('',(0.,0.,-1.));
#4935=DIRECTION('',(-1.,0.,0.));
#4936=DIRECTION('',(0.,-1.,0.));
#4937=DIRECTION('',(0.,0.,-1.));
#4938=DIRECTION('',(0.,1.,0.));
#4939=DIRECTION('',(0.,0.,1.));
#4940=DIRECTION('',(-6.82961998416066E-16,-1.,0.));
#4941=DIRECTION('',(1.,-6.82961998416066E-16,0.));
#4942=DIRECTION('',(0.,0.,-1.));
#4943=DIRECTION('',(-1.,0.,0.));
#4944=DIRECTION('',(-1.,0.,0.));
#4945=DIRECTION('',(0.,0.,1.));
#4946=DIRECTION('',(-1.,0.,0.));
#4947=DIRECTION('',(0.,0.,1.));
#4948=DIRECTION('',(-1.,0.,0.));
#4949=DIRECTION('',(0.,0.,1.));
#4950=DIRECTION('',(1.,0.,0.));
#4951=DIRECTION('',(0.,0.,-1.));
#4952=DIRECTION('',(-1.,0.,0.));
#4953=DIRECTION('',(0.,0.,1.));
#4954=DIRECTION('',(1.,0.,0.));
#4955=DIRECTION('',(0.,0.,-1.));
#4956=DIRECTION('',(0.,0.,1.));
#4957=DIRECTION('',(1.,0.,0.));
#4958=DIRECTION('',(0.,0.,1.));
#4959=DIRECTION('',(1.,0.,0.));
#4960=DIRECTION('',(0.,0.,-1.));
#4961=DIRECTION('',(-1.,0.,0.));
#4962=DIRECTION('',(-1.,0.,0.));
#4963=DIRECTION('',(0.,0.,1.));
#4964=DIRECTION('',(-1.,0.,0.));
#4965=DIRECTION('',(0.,0.,1.));
#4966=DIRECTION('',(0.,1.,0.));
#4967=DIRECTION('',(0.,0.,1.));
#4968=DIRECTION('',(1.,0.,0.));
#4969=DIRECTION('',(0.,0.,-1.));
#4970=DIRECTION('',(-1.,0.,0.));
#4971=DIRECTION('',(0.,0.,1.));
#4972=DIRECTION('',(0.,-1.,0.));
#4973=DIRECTION('',(0.,0.,-1.));
#4974=DIRECTION('',(0.,1.,0.));
#4975=DIRECTION('',(0.,0.,1.));
#4976=DIRECTION('',(0.,0.,1.));
#4977=DIRECTION('',(1.,0.,0.));
#4978=DIRECTION('',(-1.,0.,0.));
#4979=DIRECTION('',(0.,0.,1.));
#4980=DIRECTION('',(0.,0.,-1.));
#4981=DIRECTION('',(-1.,0.,0.));
#4982=DIRECTION('',(0.,0.,1.));
#4983=DIRECTION('',(1.,0.,0.));
#4984=DIRECTION('',(1.,0.,0.));
#4985=DIRECTION('',(0.,0.,-1.));
#4986=DIRECTION('',(-1.,0.,0.));
#4987=DIRECTION('',(0.,0.,1.));
#4988=DIRECTION('',(-1.,0.,0.));
#4989=DIRECTION('',(0.,0.,1.));
#4990=DIRECTION('',(0.,1.,0.));
#4991=DIRECTION('',(0.,0.,1.));
#4992=DIRECTION('',(0.,-1.,0.));
#4993=DIRECTION('',(0.,0.,-1.));
#4994=DIRECTION('',(0.,1.,0.));
#4995=DIRECTION('',(0.,0.,1.));
#4996=DIRECTION('',(0.,1.,0.));
#4997=DIRECTION('',(0.,0.,1.));
#4998=DIRECTION('',(0.,1.,0.));
#4999=DIRECTION('',(0.,0.,1.));
#5000=DIRECTION('',(0.,-1.,0.));
#5001=DIRECTION('',(0.,0.,-1.));
#5002=DIRECTION('',(-1.,0.,0.));
#5003=DIRECTION('',(0.,0.,1.));
#5004=DIRECTION('',(-1.,0.,0.));
#5005=DIRECTION('',(0.,0.,1.));
#5006=DIRECTION('',(0.,0.,-1.));
#5007=DIRECTION('',(-1.,0.,0.));
#5008=DIRECTION('',(1.,0.,0.));
#5009=DIRECTION('',(0.,0.,-1.));
#5010=DIRECTION('',(-1.,0.,0.));
#5011=DIRECTION('',(0.,0.,1.));
#5012=DIRECTION('',(0.,0.,-1.));
#5013=DIRECTION('',(-1.,0.,0.));
#5014=DIRECTION('',(0.,0.,-1.));
#5015=DIRECTION('',(-1.,0.,0.));
#5016=DIRECTION('',(0.,1.,0.));
#5017=DIRECTION('',(0.,0.,1.));
#5018=DIRECTION('',(-1.,0.,0.));
#5019=DIRECTION('',(0.,0.,1.));
#5020=DIRECTION('',(0.,-1.,0.));
#5021=DIRECTION('',(0.,0.,-1.));
#5022=DIRECTION('',(0.,1.,0.));
#5023=DIRECTION('',(0.,0.,1.));
#5024=DIRECTION('',(-1.,0.,0.));
#5025=DIRECTION('',(0.,0.,1.));
#5026=DIRECTION('',(-1.,0.,0.));
#5027=DIRECTION('',(0.,0.,1.));
#5028=DIRECTION('',(-1.,0.,0.));
#5029=DIRECTION('',(0.,0.,1.));
#5030=DIRECTION('',(0.,0.,-1.));
#5031=DIRECTION('',(-1.,0.,0.));
#5032=DIRECTION('',(0.,0.,1.));
#5033=DIRECTION('',(1.,0.,0.));
#5034=DIRECTION('',(0.,0.,1.));
#5035=DIRECTION('',(1.,0.,0.));
#5036=DIRECTION('',(0.,0.,-1.));
#5037=DIRECTION('',(-1.,0.,0.));
#5038=DIRECTION('',(0.,0.,1.));
#5039=DIRECTION('',(1.,0.,0.));
#5040=DIRECTION('',(0.,0.,-1.));
#5041=DIRECTION('',(-1.,0.,0.));
#5042=DIRECTION('',(-1.,0.,0.));
#5043=DIRECTION('',(0.,0.,1.));
#5044=DIRECTION('',(1.,0.,0.));
#5045=DIRECTION('',(0.,0.,-1.));
#5046=DIRECTION('',(0.,1.,0.));
#5047=DIRECTION('',(0.,0.,1.));
#5048=DIRECTION('',(-1.,0.,0.));
#5049=DIRECTION('',(0.,0.,1.));
#5050=DIRECTION('',(-1.,0.,0.));
#5051=DIRECTION('',(0.,0.,1.));
#5052=DIRECTION('',(0.,1.,0.));
#5053=DIRECTION('',(0.,0.,1.));
#5054=DIRECTION('',(0.,1.,0.));
#5055=DIRECTION('',(0.,0.,1.));
#5056=DIRECTION('',(0.,0.,1.));
#5057=DIRECTION('',(1.,0.,0.));
#5058=DIRECTION('',(-1.,0.,0.));
#5059=DIRECTION('',(0.,0.,1.));
#5060=DIRECTION('',(0.,0.,1.));
#5061=DIRECTION('',(1.,0.,0.));
#5062=DIRECTION('',(0.,0.,1.));
#5063=DIRECTION('',(1.,0.,0.));
#5064=DIRECTION('',(-1.,0.,0.));
#5065=DIRECTION('',(0.,0.,1.));
#5066=DIRECTION('',(-1.,0.,0.));
#5067=DIRECTION('',(0.,0.,1.));
#5068=DIRECTION('',(1.,0.,0.));
#5069=DIRECTION('',(0.,0.,-1.));
#5070=DIRECTION('',(0.,1.,0.));
#5071=DIRECTION('',(0.,0.,1.));
#5072=DIRECTION('',(5.46369598732856E-15,-1.,5.46369598732862E-15));
#5073=DIRECTION('',(0.,-5.46369598732862E-15,-1.));
#5074=DIRECTION('',(0.,-1.,0.));
#5075=DIRECTION('',(0.,0.,-1.));
#5076=DIRECTION('',(0.,0.,-1.));
#5077=DIRECTION('',(-1.,0.,0.));
#5078=DIRECTION('',(0.,0.,1.));
#5079=DIRECTION('',(1.,0.,0.));
#5080=DIRECTION('',(0.,0.,-1.));
#5081=DIRECTION('',(-1.,0.,0.));
#5082=DIRECTION('',(1.,0.,0.));
#5083=DIRECTION('',(0.,0.,-1.));
#5084=DIRECTION('',(1.,0.,0.));
#5085=DIRECTION('',(0.,0.,-1.));
#5086=DIRECTION('',(0.,-1.,0.));
#5087=DIRECTION('',(0.,0.,-1.));
#5088=DIRECTION('',(1.,0.,0.));
#5089=DIRECTION('',(0.,0.,-1.));
#5090=DIRECTION('',(1.,0.,0.));
#5091=DIRECTION('',(0.,0.,-1.));
#5092=DIRECTION('',(0.,1.,0.));
#5093=DIRECTION('',(0.,0.,1.));
#5094=DIRECTION('',(0.,-1.,2.73184799366428E-15));
#5095=DIRECTION('',(0.,-2.73184799366428E-15,-1.));
#5096=DIRECTION('',(0.,0.,1.));
#5097=DIRECTION('',(1.,0.,0.));
#5098=DIRECTION('',(1.,0.,0.));
#5099=DIRECTION('',(0.,0.,-1.));
#5100=DIRECTION('',(0.,0.,1.));
#5101=DIRECTION('',(1.,0.,0.));
#5102=DIRECTION('',(0.,0.,1.));
#5103=DIRECTION('',(1.,0.,0.));
#5104=DIRECTION('',(-1.,0.,0.));
#5105=DIRECTION('',(0.,0.,1.));
#5106=DIRECTION('',(1.,0.,0.));
#5107=DIRECTION('',(0.,0.,-1.));
#5108=DIRECTION('',(1.,0.,0.));
#5109=DIRECTION('',(0.,0.,-1.));
#5110=DIRECTION('',(0.,-1.,0.));
#5111=DIRECTION('',(0.,0.,-1.));
#5112=DIRECTION('',(0.,1.,0.));
#5113=DIRECTION('',(0.,0.,1.));
#5114=DIRECTION('',(0.,-1.,0.));
#5115=DIRECTION('',(0.,0.,-1.));
#5116=CARTESIAN_POINT('',(0.,0.,0.));
#5117=CARTESIAN_POINT('',(-6.93889390390723E-18,-0.01905,4.85722573273506E-17));
#5118=CARTESIAN_POINT('',(-6.93889390390723E-18,0.00206375,4.85722573273506E-17));
#5119=CARTESIAN_POINT('',(0.114787557361414,0.00206375,-0.10048875));
#5120=CARTESIAN_POINT('',(0.0864519648356552,0.00206375,-0.125698965698279));
#5121=CARTESIAN_POINT('',(0.0864519648356552,-0.01905,-0.125698965698279));
#5122=CARTESIAN_POINT('',(0.0864519648356552,0.00508,-0.125698965698279));
#5123=CARTESIAN_POINT('',(-6.93889390390723E-18,0.00508,4.85722573273506E-17));
#5124=CARTESIAN_POINT('',(-0.0864519648356552,0.00508,-0.125698965698279));
#5125=CARTESIAN_POINT('',(-0.0864519648356552,-0.01905,-0.125698965698279));
#5126=CARTESIAN_POINT('',(-0.0864519648356552,0.00206375,-0.125698965698279));
#5127=CARTESIAN_POINT('',(-6.93889390390723E-18,0.00206375,4.85722573273506E-17));
#5128=CARTESIAN_POINT('',(-0.114787557361414,0.00206375,-0.10048875));
#5129=CARTESIAN_POINT('',(-0.114787557361414,0.00206375,-0.10048875));
#5130=CARTESIAN_POINT('',(-0.115043253270383,0.00206375,-0.10019667045062));
#5131=CARTESIAN_POINT('',(-0.11529580976983,0.00215941144846821,-0.0999057282465837));
#5132=CARTESIAN_POINT('',(-0.115508578469379,0.00237218014801767,-0.0996591215170278));
#5133=CARTESIAN_POINT('',(-0.115508578469379,0.00237218014801767,-0.0996591215170278));
#5134=CARTESIAN_POINT('',(-0.115508578469379,-0.01905,-0.0996591215170278));
#5135=CARTESIAN_POINT('',(-0.115508578469379,-0.0150721801480177,-0.0996591215170278));
#5136=CARTESIAN_POINT('',(-0.115508578469379,-0.0150721801480177,-0.0996591215170278));
#5137=CARTESIAN_POINT('',(-0.115295563203493,-0.0148591648821315,-0.0999060140260148));
#5138=CARTESIAN_POINT('',(-0.11504338189826,-0.01476375,-0.100196523519945));
#5139=CARTESIAN_POINT('',(-0.114787557361414,-0.01476375,-0.10048875));
#5140=CARTESIAN_POINT('',(-0.114787557361414,-0.01476375,-0.10048875));
#5141=CARTESIAN_POINT('',(-6.93889390390723E-18,-0.01476375,4.85722573273506E-17));
#5142=CARTESIAN_POINT('',(-0.0864519648356552,-0.01476375,-0.125698965698279));
#5143=CARTESIAN_POINT('',(-0.0864519648356552,-0.01905,-0.125698965698279));
#5144=CARTESIAN_POINT('',(-0.0864519648356552,-0.01778,-0.125698965698279));
#5145=CARTESIAN_POINT('',(-6.93889390390723E-18,-0.01778,4.85722573273506E-17));
#5146=CARTESIAN_POINT('',(0.0864519648356552,-0.01778,-0.125698965698279));
#5147=CARTESIAN_POINT('',(0.0864519648356552,-0.01905,-0.125698965698279));
#5148=CARTESIAN_POINT('',(0.0864519648356552,-0.01476375,-0.125698965698279));
#5149=CARTESIAN_POINT('',(-6.93889390390723E-18,-0.01476375,4.85722573273506E-17));
#5150=CARTESIAN_POINT('',(0.114787557361414,-0.01476375,-0.10048875));
#5151=CARTESIAN_POINT('',(0.114787557361414,-0.01476375,-0.10048875));
#5152=CARTESIAN_POINT('',(0.115043253270383,-0.01476375,-0.10019667045062));
#5153=CARTESIAN_POINT('',(0.11529580976983,-0.0148594114484682,-0.0999057282465839));
#5154=CARTESIAN_POINT('',(0.115508578469379,-0.0150721801480177,-0.0996591215170279));
#5155=CARTESIAN_POINT('',(0.115508578469379,-0.0150721801480177,-0.0996591215170278));
#5156=CARTESIAN_POINT('',(0.115508578469379,-0.01905,-0.0996591215170278));
#5157=CARTESIAN_POINT('',(0.115508578469379,0.00237218014801767,-0.0996591215170278));
#5158=CARTESIAN_POINT('',(0.115508578469379,0.00237218014801767,-0.0996591215170278));
#5159=CARTESIAN_POINT('',(0.115295563203493,0.0021591648821315,-0.0999060140260148));
#5160=CARTESIAN_POINT('',(0.11504338189826,0.00206375000000003,-0.100196523519945));
#5161=CARTESIAN_POINT('',(0.114787557361414,0.00206375,-0.10048875));
#5162=CARTESIAN_POINT('',(-6.93889390390723E-18,-0.002319,4.85722573273506E-17));
#5163=CARTESIAN_POINT('',(0.0539797664272509,-0.002319,-0.142689722888588));
#5164=CARTESIAN_POINT('',(0.0605403557735033,-0.002319,-0.140032273152942));
#5165=CARTESIAN_POINT('',(0.0605403557735033,-0.002319,-0.140032273152942));
#5166=CARTESIAN_POINT('',(0.0605403557735033,0.000762,-0.140032273152942));
#5167=CARTESIAN_POINT('',(-6.93889390390723E-18,0.000762,4.85722573273506E-17));
#5168=CARTESIAN_POINT('',(0.0683563541289073,0.000762,-0.13638761326369));
#5169=CARTESIAN_POINT('',(0.0683563541289074,-0.01905,-0.13638761326369));
#5170=CARTESIAN_POINT('',(0.0683563541289074,-0.002319,-0.13638761326369));
#5171=CARTESIAN_POINT('',(-6.93889390390723E-18,-0.002319,4.85722573273506E-17));
#5172=CARTESIAN_POINT('',(0.0746091442757793,-0.002319,-0.133070086014846));
#5173=CARTESIAN_POINT('',(0.0746091442757793,-0.002319,-0.133070086014846));
#5174=CARTESIAN_POINT('',(0.0746091442757793,-0.010381,-0.133070086014846));
#5175=CARTESIAN_POINT('',(-6.93889390390723E-18,-0.010381,4.85722573273506E-17));
#5176=CARTESIAN_POINT('',(0.0683563541289073,-0.010381,-0.13638761326369));
#5177=CARTESIAN_POINT('',(0.0683563541289074,-0.010381,-0.13638761326369));
#5178=CARTESIAN_POINT('',(0.0683563541289073,-0.013462,-0.13638761326369));
#5179=CARTESIAN_POINT('',(-6.93889390390723E-18,-0.013462,4.85722573273506E-17));
#5180=CARTESIAN_POINT('',(0.0605403557735033,-0.013462,-0.140032273152942));
#5181=CARTESIAN_POINT('',(0.0605403557735033,-0.01905,-0.140032273152942));
#5182=CARTESIAN_POINT('',(0.0605403557735033,-0.010381,-0.140032273152942));
#5183=CARTESIAN_POINT('',(-6.93889390390723E-18,-0.010381,4.85722573273506E-17));
#5184=CARTESIAN_POINT('',(0.0539797664272509,-0.010381,-0.142689722888588));
#5185=CARTESIAN_POINT('',(0.0539797664272509,-0.010381,-0.142689722888588));
#5186=CARTESIAN_POINT('',(-0.0683563541289072,-0.01905,-0.13638761326369));
#5187=CARTESIAN_POINT('',(-0.0683563541289072,-0.010381,-0.13638761326369));
#5188=CARTESIAN_POINT('',(-0.0683563541289072,-0.013462,-0.13638761326369));
#5189=CARTESIAN_POINT('',(-6.93889390390723E-18,-0.010381,4.85722573273506E-17));
#5190=CARTESIAN_POINT('',(-0.0746091442757793,-0.010381,-0.133070086014846));
#5191=CARTESIAN_POINT('',(-0.0746091442757793,-0.002319,-0.133070086014846));
#5192=CARTESIAN_POINT('',(-0.0746091442757793,-0.002319,-0.133070086014846));
#5193=CARTESIAN_POINT('',(-6.93889390390723E-18,-0.002319,4.85722573273506E-17));
#5194=CARTESIAN_POINT('',(-0.0683563541289073,-0.002319,-0.13638761326369));
#5195=CARTESIAN_POINT('',(-0.0683563541289072,0.000762,-0.13638761326369));
#5196=CARTESIAN_POINT('',(-0.0683563541289072,0.000762,-0.13638761326369));
#5197=CARTESIAN_POINT('',(-6.93889390390723E-18,0.000762,4.85722573273506E-17));
#5198=CARTESIAN_POINT('',(-0.0605403557735032,0.000762,-0.140032273152942));
#5199=CARTESIAN_POINT('',(-0.0605403557735032,-0.01905,-0.140032273152942));
#5200=CARTESIAN_POINT('',(-0.0605403557735032,-0.002319,-0.140032273152942));
#5201=CARTESIAN_POINT('',(-6.93889390390723E-18,-0.002319,4.85722573273506E-17));
#5202=CARTESIAN_POINT('',(-0.0539797664272509,-0.002319,-0.142689722888588));
#5203=CARTESIAN_POINT('',(-0.0539797664272509,-0.010381,-0.142689722888588));
#5204=CARTESIAN_POINT('',(-0.0539797664272509,-0.010381,-0.142689722888588));
#5205=CARTESIAN_POINT('',(-6.93889390390723E-18,-0.010381,4.85722573273506E-17));
#5206=CARTESIAN_POINT('',(-0.0605403557735033,-0.010381,-0.140032273152942));
#5207=CARTESIAN_POINT('',(-0.0605403557735032,-0.013462,-0.140032273152942));
#5208=CARTESIAN_POINT('',(-0.0605403557735033,-0.013462,-0.140032273152942));
#5209=CARTESIAN_POINT('',(-6.93889390390723E-18,-0.013462,4.85722573273506E-17));
#5210=CARTESIAN_POINT('',(0.,-0.010381,-0.0034568984919538));
#5211=CARTESIAN_POINT('',(-0.0684469849076108,-0.010381,-0.136345351437516));
#5212=CARTESIAN_POINT('',(-0.0685376156863145,-0.010381,-0.136303089611342));
#5213=CARTESIAN_POINT('',(-0.0721387249677696,-0.010381,-0.144025693386934));
#5214=CARTESIAN_POINT('',(-0.0721387249677696,-0.010381,-0.144025693386934));
#5215=CARTESIAN_POINT('',(-0.0680494642326603,-0.010381,-0.145932546983908));
#5216=CARTESIAN_POINT('',(-0.0639602034975509,-0.010381,-0.147839400580882));
#5217=CARTESIAN_POINT('',(-0.0603590942160959,-0.010381,-0.14011679680529));
#5218=CARTESIAN_POINT('',(-0.0603590942160959,-0.010381,-0.14011679680529));
#5219=CARTESIAN_POINT('',(-0.0604497249947996,-0.010381,-0.140074534979116));
#5220=CARTESIAN_POINT('',(-0.0435298214969678,-0.010381,-0.120279743666652));
#5221=CARTESIAN_POINT('',(-0.0577347753083962,-0.010381,-0.150742365420778));
#5222=CARTESIAN_POINT('',(-0.0680494642326604,-0.010381,-0.145932546983908));
#5223=CARTESIAN_POINT('',(-0.0783641531569246,-0.010381,-0.141122728547037));
#5224=CARTESIAN_POINT('',(-0.0641591993454961,-0.010381,-0.11066010679291));
#5225=CARTESIAN_POINT('',(-1.38777878078145E-17,-0.002319,-0.0784662734919538));
#5226=CARTESIAN_POINT('',(-0.0339623255680847,-0.002319,-0.0626293809908026));
#5227=CARTESIAN_POINT('',(-0.0719574634103623,-0.002319,-0.144110217039282));
#5228=CARTESIAN_POINT('',(-0.0403690153146468,-0.002319,-0.0596418924985575));
#5229=CARTESIAN_POINT('',(-0.0783641531569246,-0.002319,-0.141122728547037));
#5230=CARTESIAN_POINT('',(-0.0680494642326604,-0.002319,-0.145932546983908));
#5231=CARTESIAN_POINT('',(-0.0577347753083962,-0.002319,-0.150742365420778));
#5232=CARTESIAN_POINT('',(-0.0197396374661185,-0.002319,-0.0692615293722994));
#5233=CARTESIAN_POINT('',(-0.0261463272126806,-0.002319,-0.0662740408800544));
#5234=CARTESIAN_POINT('',(-0.0641414650549582,-0.002319,-0.147754876928534));
#5235=CARTESIAN_POINT('',(-0.0680494642326603,-0.002319,-0.145932546983908));
#5236=CARTESIAN_POINT('',(0.,-0.01905,-0.00635));
#5237=CARTESIAN_POINT('',(-0.12065,-0.01905,-0.15636875));
#5238=CARTESIAN_POINT('',(-0.12573,-0.01905,-0.15636875));
#5239=CARTESIAN_POINT('',(-0.12192,-0.01905,-0.15636875));
#5240=CARTESIAN_POINT('',(-0.12192,-0.01905,-0.00635));
#5241=CARTESIAN_POINT('',(-0.12192,-0.01905,-0.1300634775902));
#5242=CARTESIAN_POINT('',(-0.11938,-0.01905,-0.1300634775902));
#5243=CARTESIAN_POINT('',(-0.11938,-0.01905,-0.1249834775902));
#5244=CARTESIAN_POINT('',(-0.118745,-0.01905,-0.1249834775902));
#5245=CARTESIAN_POINT('',(-0.118745,-0.01905,-0.1249834775902));
#5246=CARTESIAN_POINT('',(-0.118745,-0.01905,-0.1300634775902));
#5247=CARTESIAN_POINT('',(-0.116205,-0.01905,-0.1300634775902));
#5248=CARTESIAN_POINT('',(-0.116205,-0.01905,-0.15636875));
#5249=CARTESIAN_POINT('',(-0.116205,-0.01905,-0.15636875));
#5250=CARTESIAN_POINT('',(0.117475,-0.01905,-0.15636875));
#5251=CARTESIAN_POINT('',(0.116205,-0.01905,-0.15636875));
#5252=CARTESIAN_POINT('',(0.116205,-0.01905,-0.127863773064588));
#5253=CARTESIAN_POINT('',(0.116205,-0.01905,-0.1300634775902));
#5254=CARTESIAN_POINT('',(0.118745,-0.01905,-0.1300634775902));
#5255=CARTESIAN_POINT('',(0.118745,-0.01905,-0.1249834775902));
#5256=CARTESIAN_POINT('',(0.11938,-0.01905,-0.1249834775902));
#5257=CARTESIAN_POINT('',(0.11938,-0.01905,-0.1249834775902));
#5258=CARTESIAN_POINT('',(0.11938,-0.01905,-0.1300634775902));
#5259=CARTESIAN_POINT('',(0.12192,-0.01905,-0.1300634775902));
#5260=CARTESIAN_POINT('',(0.12192,-0.01905,-0.00635));
#5261=CARTESIAN_POINT('',(0.12192,-0.01905,-0.15636875));
#5262=CARTESIAN_POINT('',(0.12573,-0.01905,-0.15636875));
#5263=CARTESIAN_POINT('',(0.12573,-0.01905,-0.15636875));
#5264=CARTESIAN_POINT('',(0.12573,-0.01905,-0.00635));
#5265=CARTESIAN_POINT('',(0.12573,-0.01905,-0.10048875));
#5266=CARTESIAN_POINT('',(-9.02378413108923E-17,-0.01905,-0.10048875));
#5267=CARTESIAN_POINT('',(0.10444736652975,-0.01905,-0.10048875));
#5268=CARTESIAN_POINT('',(-1.66533453693774E-15,-0.01905,2.00534033822919E-15));
#5269=CARTESIAN_POINT('',(0.0841705833271501,-0.01905,-0.117993873374552));
#5270=CARTESIAN_POINT('',(0.0040238471672422,-0.01905,-0.00353247188089322));
#5271=CARTESIAN_POINT('',(0.0878129276580292,-0.01905,-0.123195680170565));
#5272=CARTESIAN_POINT('',(0.0857322814655352,-0.01905,-0.124652564318897));
#5273=CARTESIAN_POINT('',(0.0871716482057751,-0.01905,-0.126745367077661));
#5274=CARTESIAN_POINT('',(-6.93889390390723E-18,-0.01905,4.85722573273506E-17));
#5275=CARTESIAN_POINT('',(-0.0871716482057751,-0.01905,-0.126745367077661));
#5276=CARTESIAN_POINT('',(-0.0857322814655352,-0.01905,-0.124652564318897));
#5277=CARTESIAN_POINT('',(-0.0878129276580293,-0.01905,-0.123195680170565));
#5278=CARTESIAN_POINT('',(-0.0834453327362564,-0.01905,-0.116958108188778));
#5279=CARTESIAN_POINT('',(-0.0841705833271502,-0.01905,-0.117993873374552));
#5280=CARTESIAN_POINT('',(1.26981758441502E-15,-0.01905,1.61676227961039E-15));
#5281=CARTESIAN_POINT('',(-0.10444736652975,-0.01905,-0.10048875));
#5282=CARTESIAN_POINT('',(0.,-0.01905,-0.10048875));
#5283=CARTESIAN_POINT('',(-0.12573,-0.01905,-0.10048875));
#5284=CARTESIAN_POINT('',(-0.12573,-0.01905,-0.16271875));
#5285=CARTESIAN_POINT('',(0.,0.00635,-0.00635));
#5286=CARTESIAN_POINT('',(0.,0.00635,-0.15636875));
#5287=CARTESIAN_POINT('',(0.116205,0.00635,-0.15636875));
#5288=CARTESIAN_POINT('',(-0.116205,0.00635,-0.15636875));
#5289=CARTESIAN_POINT('',(-0.116205,0.00635,-0.00635));
#5290=CARTESIAN_POINT('',(-0.116205,0.00635,-0.1300634775902));
#5291=CARTESIAN_POINT('',(-0.118745,0.00635,-0.1300634775902));
#5292=CARTESIAN_POINT('',(-0.118745,0.00635,-0.1249834775902));
#5293=CARTESIAN_POINT('',(0.,0.00635,-0.1249834775902));
#5294=CARTESIAN_POINT('',(-0.11938,0.00635,-0.1249834775902));
#5295=CARTESIAN_POINT('',(-0.11938,0.00635,-0.1300634775902));
#5296=CARTESIAN_POINT('',(-0.12192,0.00635,-0.1300634775902));
#5297=CARTESIAN_POINT('',(-0.12192,0.00635,-0.15636875));
#5298=CARTESIAN_POINT('',(-0.12192,0.00635,-0.15636875));
#5299=CARTESIAN_POINT('',(0.,0.00635,-0.15636875));
#5300=CARTESIAN_POINT('',(-0.12573,0.00635,-0.15636875));
#5301=CARTESIAN_POINT('',(-0.12573,0.00635,-0.00635));
#5302=CARTESIAN_POINT('',(-0.12573,0.00635,-0.10048875));
#5303=CARTESIAN_POINT('',(-0.103905482891905,0.00635,-0.10048875));
#5304=CARTESIAN_POINT('',(-0.10444736652975,0.00635,-0.10048875));
#5305=CARTESIAN_POINT('',(1.26981758441502E-15,0.00635,1.61676227961039E-15));
#5306=CARTESIAN_POINT('',(-0.0841705833271501,0.00635,-0.117993873374552));
#5307=CARTESIAN_POINT('',(-0.00402384716724212,0.00635,-0.00353247188089327));
#5308=CARTESIAN_POINT('',(-0.0878129276580293,0.00635,-0.123195680170565));
#5309=CARTESIAN_POINT('',(-0.0857322814655352,0.00635,-0.124652564318897));
#5310=CARTESIAN_POINT('',(-0.0871716482057751,0.00635,-0.126745367077661));
#5311=CARTESIAN_POINT('',(-6.93889390390723E-18,0.00635,4.85722573273506E-17));
#5312=CARTESIAN_POINT('',(0.0871716482057751,0.00635,-0.126745367077661));
#5313=CARTESIAN_POINT('',(0.0857322814655352,0.00635,-0.124652564318897));
#5314=CARTESIAN_POINT('',(0.0878129276580292,0.00635,-0.123195680170565));
#5315=CARTESIAN_POINT('',(0.0834453327362563,0.00635,-0.116958108188778));
#5316=CARTESIAN_POINT('',(0.0841705833271502,0.00635,-0.117993873374552));
#5317=CARTESIAN_POINT('',(-1.66533453693774E-15,0.00635,2.00534033822919E-15));
#5318=CARTESIAN_POINT('',(0.10444736652975,0.00635,-0.10048875));
#5319=CARTESIAN_POINT('',(0.127,0.00635,-0.10048875));
#5320=CARTESIAN_POINT('',(0.12573,0.00635,-0.10048875));
#5321=CARTESIAN_POINT('',(0.12573,0.00635,-0.16271875));
#5322=CARTESIAN_POINT('',(0.12573,0.00635,-0.15636875));
#5323=CARTESIAN_POINT('',(0.,0.00635,-0.15636875));
#5324=CARTESIAN_POINT('',(0.12192,0.00635,-0.15636875));
#5325=CARTESIAN_POINT('',(0.12192,0.00635,-0.127863773064588));
#5326=CARTESIAN_POINT('',(0.12192,0.00635,-0.1300634775902));
#5327=CARTESIAN_POINT('',(0.11938,0.00635,-0.1300634775902));
#5328=CARTESIAN_POINT('',(0.11938,0.00635,-0.1249834775902));
#5329=CARTESIAN_POINT('',(0.,0.00635,-0.1249834775902));
#5330=CARTESIAN_POINT('',(0.118745,0.00635,-0.1249834775902));
#5331=CARTESIAN_POINT('',(0.118745,0.00635,-0.1300634775902));
#5332=CARTESIAN_POINT('',(0.116205,0.00635,-0.1300634775902));
#5333=CARTESIAN_POINT('',(0.116205,0.00635,-0.00635));
#5334=CARTESIAN_POINT('',(-2.77555756156289E-17,-0.00635,-0.16271875));
#5335=CARTESIAN_POINT('',(-0.13843,-0.00635,-0.16271875));
#5336=CARTESIAN_POINT('',(-0.13843,0.03048,-0.16271875));
#5337=CARTESIAN_POINT('',(-0.13843,-0.04318,-0.16271875));
#5338=CARTESIAN_POINT('',(0.1397,-0.04318,-0.16271875));
#5339=CARTESIAN_POINT('',(0.13843,-0.04318,-0.16271875));
#5340=CARTESIAN_POINT('',(0.13843,0.03175,-0.16271875));
#5341=CARTESIAN_POINT('',(0.13843,0.03048,-0.16271875));
#5342=CARTESIAN_POINT('',(-2.77555756156289E-17,0.03048,-0.16271875));
#5343=CARTESIAN_POINT('',(-0.117475,-0.0254,-0.16271875));
#5344=CARTESIAN_POINT('',(0.116205,-0.0254,-0.16271875));
#5345=CARTESIAN_POINT('',(-0.116205,-0.0254,-0.16271875));
#5346=CARTESIAN_POINT('',(-0.116205,-0.0391735303162584,-0.16271875));
#5347=CARTESIAN_POINT('',(-0.116205,-0.0384402954743875,-0.16271875));
#5348=CARTESIAN_POINT('',(-0.118745,-0.0384402954743875,-0.16271875));
#5349=CARTESIAN_POINT('',(-0.118745,-0.0413732348418708,-0.16271875));
#5350=CARTESIAN_POINT('',(-0.11938,-0.0413732348418708,-0.16271875));
#5351=CARTESIAN_POINT('',(-0.11938,-0.0413732348418708,-0.16271875));
#5352=CARTESIAN_POINT('',(-0.11938,-0.0384402954743875,-0.16271875));
#5353=CARTESIAN_POINT('',(-0.12192,-0.0384402954743875,-0.16271875));
#5354=CARTESIAN_POINT('',(-0.12192,-0.00635,-0.16271875));
#5355=CARTESIAN_POINT('',(-0.12192,-0.0254,-0.16271875));
#5356=CARTESIAN_POINT('',(-0.12573,-0.0254,-0.16271875));
#5357=CARTESIAN_POINT('',(-0.12573,-0.0254,-0.16271875));
#5358=CARTESIAN_POINT('',(-0.12573,-0.01778,-0.16271875));
#5359=CARTESIAN_POINT('',(-0.13335,-0.01778,-0.16271875));
#5360=CARTESIAN_POINT('',(-0.13335,-0.00635,-0.16271875));
#5361=CARTESIAN_POINT('',(-0.13335,0.00508,-0.16271875));
#5362=CARTESIAN_POINT('',(-0.12573,0.00508,-0.16271875));
#5363=CARTESIAN_POINT('',(-0.12573,0.0127,-0.16271875));
#5364=CARTESIAN_POINT('',(-2.77555756156289E-17,0.0127,-0.16271875));
#5365=CARTESIAN_POINT('',(-0.12192,0.0127,-0.16271875));
#5366=CARTESIAN_POINT('',(-0.12192,-0.00635,-0.16271875));
#5367=CARTESIAN_POINT('',(-0.12192,0.0257402954743876,-0.16271875));
#5368=CARTESIAN_POINT('',(-0.11938,0.0257402954743876,-0.16271875));
#5369=CARTESIAN_POINT('',(-0.11938,0.0286732348418708,-0.16271875));
#5370=CARTESIAN_POINT('',(-0.118745,0.0286732348418708,-0.16271875));
#5371=CARTESIAN_POINT('',(-0.118745,0.0286732348418708,-0.16271875));
#5372=CARTESIAN_POINT('',(-0.118745,0.0257402954743876,-0.16271875));
#5373=CARTESIAN_POINT('',(-0.116205,0.0257402954743876,-0.16271875));
#5374=CARTESIAN_POINT('',(-0.116205,0.0127,-0.16271875));
#5375=CARTESIAN_POINT('',(-0.116205,0.0127,-0.16271875));
#5376=CARTESIAN_POINT('',(-2.77555756156289E-17,0.0127,-0.16271875));
#5377=CARTESIAN_POINT('',(0.116205,0.0127,-0.16271875));
#5378=CARTESIAN_POINT('',(0.116205,0.0264735303162584,-0.16271875));
#5379=CARTESIAN_POINT('',(0.116205,0.0257402954743876,-0.16271875));
#5380=CARTESIAN_POINT('',(0.118745,0.0257402954743876,-0.16271875));
#5381=CARTESIAN_POINT('',(0.118745,0.0286732348418708,-0.16271875));
#5382=CARTESIAN_POINT('',(0.11938,0.0286732348418708,-0.16271875));
#5383=CARTESIAN_POINT('',(0.11938,0.0286732348418708,-0.16271875));
#5384=CARTESIAN_POINT('',(0.11938,0.0257402954743876,-0.16271875));
#5385=CARTESIAN_POINT('',(0.12192,0.0257402954743876,-0.16271875));
#5386=CARTESIAN_POINT('',(0.12192,-0.00635,-0.16271875));
#5387=CARTESIAN_POINT('',(0.12192,0.0127,-0.16271875));
#5388=CARTESIAN_POINT('',(-2.77555756156289E-17,0.0127,-0.16271875));
#5389=CARTESIAN_POINT('',(0.12573,0.0127,-0.16271875));
#5390=CARTESIAN_POINT('',(0.12573,0.00508,-0.16271875));
#5391=CARTESIAN_POINT('',(0.13335,0.00508,-0.16271875));
#5392=CARTESIAN_POINT('',(0.13335,-0.01778,-0.16271875));
#5393=CARTESIAN_POINT('',(0.13335,-0.01778,-0.16271875));
#5394=CARTESIAN_POINT('',(0.12573,-0.01778,-0.16271875));
#5395=CARTESIAN_POINT('',(0.12573,-0.0254,-0.16271875));
#5396=CARTESIAN_POINT('',(0.12065,-0.0254,-0.16271875));
#5397=CARTESIAN_POINT('',(0.12192,-0.0254,-0.16271875));
#5398=CARTESIAN_POINT('',(0.12192,-0.00635,-0.16271875));
#5399=CARTESIAN_POINT('',(0.12192,-0.0384402954743875,-0.16271875));
#5400=CARTESIAN_POINT('',(0.11938,-0.0384402954743875,-0.16271875));
#5401=CARTESIAN_POINT('',(0.11938,-0.0413732348418708,-0.16271875));
#5402=CARTESIAN_POINT('',(0.118745,-0.0413732348418708,-0.16271875));
#5403=CARTESIAN_POINT('',(0.118745,-0.0413732348418708,-0.16271875));
#5404=CARTESIAN_POINT('',(0.118745,-0.0384402954743875,-0.16271875));
#5405=CARTESIAN_POINT('',(0.116205,-0.0384402954743875,-0.16271875));
#5406=CARTESIAN_POINT('',(0.116205,-0.0254,-0.16271875));
#5407=CARTESIAN_POINT('',(-0.119761143340675,-0.01905,-0.09921875));
#5408=CARTESIAN_POINT('',(-0.119761143340675,-0.01603375,-0.09921875));
#5409=CARTESIAN_POINT('',(-0.10444736652975,-0.01603375,-0.09921875));
#5410=CARTESIAN_POINT('',(-0.116470148321362,-0.01603375,-0.09921875));
#5411=CARTESIAN_POINT('',(-0.116470148321362,-0.01905,-0.09921875));
#5412=CARTESIAN_POINT('',(-0.116470148321362,0.00333375,-0.09921875));
#5413=CARTESIAN_POINT('',(-0.119761143340675,0.00333375,-0.09921875));
#5414=CARTESIAN_POINT('',(-0.10444736652975,0.00333375,-0.09921875));
#5415=CARTESIAN_POINT('',(-0.10444736652975,-0.01905,-0.09921875));
#5416=CARTESIAN_POINT('',(-0.10444736652975,0.00508,-0.09921875));
#5417=CARTESIAN_POINT('',(-0.127,0.00508,-0.09921875));
#5418=CARTESIAN_POINT('',(-0.12573,0.00508,-0.09921875));
#5419=CARTESIAN_POINT('',(-0.12573,-0.01905,-0.09921875));
#5420=CARTESIAN_POINT('',(-0.12573,-0.01778,-0.09921875));
#5421=CARTESIAN_POINT('',(-0.119761143340675,-0.01778,-0.09921875));
#5422=CARTESIAN_POINT('',(-0.10444736652975,-0.01778,-0.09921875));
#5423=CARTESIAN_POINT('',(-0.10444736652975,-0.01905,-0.09921875));
#5424=CARTESIAN_POINT('',(0.119761143340675,-0.01905,-0.09921875));
#5425=CARTESIAN_POINT('',(0.119761143340675,0.00333375,-0.09921875));
#5426=CARTESIAN_POINT('',(0.10444736652975,0.00333375,-0.09921875));
#5427=CARTESIAN_POINT('',(0.116470148321362,0.00333375,-0.09921875));
#5428=CARTESIAN_POINT('',(0.116470148321362,-0.01905,-0.09921875));
#5429=CARTESIAN_POINT('',(0.116470148321362,-0.01603375,-0.09921875));
#5430=CARTESIAN_POINT('',(0.119761143340675,-0.01603375,-0.09921875));
#5431=CARTESIAN_POINT('',(0.10444736652975,-0.01603375,-0.09921875));
#5432=CARTESIAN_POINT('',(0.10444736652975,-0.01905,-0.09921875));
#5433=CARTESIAN_POINT('',(0.10444736652975,-0.01778,-0.09921875));
#5434=CARTESIAN_POINT('',(0.119761143340675,-0.01778,-0.09921875));
#5435=CARTESIAN_POINT('',(0.12573,-0.01778,-0.09921875));
#5436=CARTESIAN_POINT('',(0.12573,-0.01905,-0.09921875));
#5437=CARTESIAN_POINT('',(0.12573,0.00508,-0.09921875));
#5438=CARTESIAN_POINT('',(0.103905482891905,0.00508,-0.09921875));
#5439=CARTESIAN_POINT('',(0.10444736652975,0.00508,-0.09921875));
#5440=CARTESIAN_POINT('',(0.10444736652975,-0.01905,-0.09921875));
#5441=CARTESIAN_POINT('',(0.127,-0.01905,-0.13096875));
#5442=CARTESIAN_POINT('',(0.127,-0.01778,-0.13096875));
#5443=CARTESIAN_POINT('',(0.127,-0.01778,-0.10048875));
#5444=CARTESIAN_POINT('',(0.127,-0.01778,-0.15636875));
#5445=CARTESIAN_POINT('',(0.127,0.00508,-0.15636875));
#5446=CARTESIAN_POINT('',(0.127,0.00508,-0.15636875));
#5447=CARTESIAN_POINT('',(0.127,0.00508,-0.09921875));
#5448=CARTESIAN_POINT('',(0.127,0.00508,-0.10048875));
#5449=CARTESIAN_POINT('',(0.127,-0.01905,-0.10048875));
#5450=CARTESIAN_POINT('',(-0.127,-0.01905,-0.13096875));
#5451=CARTESIAN_POINT('',(-0.127,0.00508,-0.13096875));
#5452=CARTESIAN_POINT('',(-0.127,0.00508,-0.10048875));
#5453=CARTESIAN_POINT('',(-0.127,0.00508,-0.15636875));
#5454=CARTESIAN_POINT('',(-0.127,-0.01905,-0.15636875));
#5455=CARTESIAN_POINT('',(-0.127,-0.01778,-0.15636875));
#5456=CARTESIAN_POINT('',(-0.127,-0.01778,-0.09921875));
#5457=CARTESIAN_POINT('',(-0.127,-0.01778,-0.10048875));
#5458=CARTESIAN_POINT('',(-0.127,0.00635,-0.10048875));
#5459=CARTESIAN_POINT('',(-2.77555756156289E-17,-0.04445,-0.16589375));
#5460=CARTESIAN_POINT('',(-2.77555756156289E-17,-0.04445,-0.16589375));
#5461=CARTESIAN_POINT('',(-0.13843,-0.04445,-0.16589375));
#5462=CARTESIAN_POINT('',(0.13843,-0.04445,-0.16589375));
#5463=CARTESIAN_POINT('',(0.13843,-0.04445,-0.16589375));
#5464=CARTESIAN_POINT('',(0.13843,-0.04445,-0.16398875));
#5465=CARTESIAN_POINT('',(-0.1397,-0.04445,-0.16398875));
#5466=CARTESIAN_POINT('',(-0.13843,-0.04445,-0.16398875));
#5467=CARTESIAN_POINT('',(-0.13843,-0.04445,-0.16589375));
#5468=CARTESIAN_POINT('',(-0.1397,-0.00635,-0.16589375));
#5469=CARTESIAN_POINT('',(-0.1397,-0.00635,-0.16589375));
#5470=CARTESIAN_POINT('',(-0.1397,-0.04318,-0.16589375));
#5471=CARTESIAN_POINT('',(-0.1397,0.03048,-0.16589375));
#5472=CARTESIAN_POINT('',(-0.1397,-0.04318,-0.16271875));
#5473=CARTESIAN_POINT('',(-0.1397,-0.04318,-0.16398875));
#5474=CARTESIAN_POINT('',(-0.1397,-0.00635,-0.16398875));
#5475=CARTESIAN_POINT('',(-0.1397,0.03048,-0.16398875));
#5476=CARTESIAN_POINT('',(-0.1397,0.03048,-0.16589375));
#5477=CARTESIAN_POINT('',(-2.77555756156289E-17,0.03175,-0.16589375));
#5478=CARTESIAN_POINT('',(-2.77555756156289E-17,0.03175,-0.16398875));
#5479=CARTESIAN_POINT('',(-0.13843,0.03175,-0.16398875));
#5480=CARTESIAN_POINT('',(0.13843,0.03175,-0.16398875));
#5481=CARTESIAN_POINT('',(0.13843,0.03175,-0.16589375));
#5482=CARTESIAN_POINT('',(0.13843,0.03175,-0.16589375));
#5483=CARTESIAN_POINT('',(-2.77555756156289E-17,0.03175,-0.16589375));
#5484=CARTESIAN_POINT('',(-0.13843,0.03175,-0.16589375));
#5485=CARTESIAN_POINT('',(-0.13843,0.03175,-0.16589375));
#5486=CARTESIAN_POINT('',(0.1397,-0.00635,-0.16589375));
#5487=CARTESIAN_POINT('',(0.1397,-0.00635,-0.16589375));
#5488=CARTESIAN_POINT('',(0.1397,-0.04318,-0.16589375));
#5489=CARTESIAN_POINT('',(0.1397,0.03048,-0.16589375));
#5490=CARTESIAN_POINT('',(0.1397,0.03048,-0.16271875));
#5491=CARTESIAN_POINT('',(0.1397,0.03048,-0.16398875));
#5492=CARTESIAN_POINT('',(0.1397,-0.04445,-0.16398875));
#5493=CARTESIAN_POINT('',(0.1397,-0.04318,-0.16398875));
#5494=CARTESIAN_POINT('',(0.1397,-0.04318,-0.16589375));
#5495=CARTESIAN_POINT('',(-2.77555756156289E-17,-0.00635,-0.16589375));
#5496=CARTESIAN_POINT('',(0.13843,0.03048,-0.16589375));
#5497=CARTESIAN_POINT('',(0.13843,-0.04318,-0.16589375));
#5498=CARTESIAN_POINT('',(-0.13843,-0.04318,-0.16589375));
#5499=CARTESIAN_POINT('',(-0.13843,0.03048,-0.16589375));
#5500=CARTESIAN_POINT('',(0.117475,0.017145,-0.144021261532294));
#5501=CARTESIAN_POINT('',(0.11938,0.02794,-0.16271875));
#5502=CARTESIAN_POINT('',(0.11938,0.00652014773719377,-0.1256184775902));
#5503=CARTESIAN_POINT('',(0.11938,0.0275733825790646,-0.16208375));
#5504=CARTESIAN_POINT('',(0.118745,0.0275733825790646,-0.16208375));
#5505=CARTESIAN_POINT('',(0.118745,0.0275733825790646,-0.16208375));
#5506=CARTESIAN_POINT('',(0.118745,0.017145,-0.144021261532294));
#5507=CARTESIAN_POINT('',(0.118745,0.00652014773719376,-0.1256184775902));
#5508=CARTESIAN_POINT('',(0.117475,0.00652014773719377,-0.1256184775902));
#5509=CARTESIAN_POINT('',(0.117475,-0.00635,-0.13096875));
#5510=CARTESIAN_POINT('',(0.117475,0.00451949445211582,-0.124693244452116));
#5511=CARTESIAN_POINT('',(0.117475,0.00762,-0.1300634775902));
#5512=CARTESIAN_POINT('',(0.117475,0.0257402954743876,-0.16144875));
#5513=CARTESIAN_POINT('',(0.117475,0.0127,-0.16144875));
#5514=CARTESIAN_POINT('',(0.117475,0.0127,-0.16144875));
#5515=CARTESIAN_POINT('',(0.117475,0.0127,-0.15636875));
#5516=CARTESIAN_POINT('',(0.117475,0.00762,-0.15636875));
#5517=CARTESIAN_POINT('',(0.117475,0.00762,-0.13096875));
#5518=CARTESIAN_POINT('',(0.12065,-0.00635,-0.13096875));
#5519=CARTESIAN_POINT('',(0.12065,0.0127,-0.15636875));
#5520=CARTESIAN_POINT('',(0.12065,0.00762,-0.15636875));
#5521=CARTESIAN_POINT('',(0.12065,0.0127,-0.16144875));
#5522=CARTESIAN_POINT('',(0.12065,-0.00635,-0.16144875));
#5523=CARTESIAN_POINT('',(0.12065,0.0257402954743876,-0.16144875));
#5524=CARTESIAN_POINT('',(0.12065,0.00525014773719377,-0.125958773064588));
#5525=CARTESIAN_POINT('',(0.12065,0.00762,-0.1300634775902));
#5526=CARTESIAN_POINT('',(0.12065,0.00762,-0.15636875));
#5527=CARTESIAN_POINT('',(-0.117475,-0.029845,-0.144021261532294));
#5528=CARTESIAN_POINT('',(-0.11938,-0.04064,-0.16271875));
#5529=CARTESIAN_POINT('',(-0.11938,-0.0192201477371938,-0.1256184775902));
#5530=CARTESIAN_POINT('',(-0.11938,-0.0402733825790646,-0.16208375));
#5531=CARTESIAN_POINT('',(-0.118745,-0.0402733825790646,-0.16208375));
#5532=CARTESIAN_POINT('',(-0.118745,-0.0402733825790646,-0.16208375));
#5533=CARTESIAN_POINT('',(-0.118745,-0.029845,-0.144021261532294));
#5534=CARTESIAN_POINT('',(-0.118745,-0.0192201477371938,-0.1256184775902));
#5535=CARTESIAN_POINT('',(-0.11938,-0.0192201477371938,-0.1256184775902));
#5536=CARTESIAN_POINT('',(-0.117475,-0.00635,-0.13096875));
#5537=CARTESIAN_POINT('',(-0.117475,-0.0172194944521158,-0.124693244452116));
#5538=CARTESIAN_POINT('',(-0.117475,-0.02032,-0.1300634775902));
#5539=CARTESIAN_POINT('',(-0.117475,-0.0384402954743875,-0.16144875));
#5540=CARTESIAN_POINT('',(-0.117475,-0.0254,-0.16144875));
#5541=CARTESIAN_POINT('',(-0.117475,-0.0254,-0.16144875));
#5542=CARTESIAN_POINT('',(-0.117475,-0.0254,-0.15636875));
#5543=CARTESIAN_POINT('',(-0.117475,-0.02032,-0.15636875));
#5544=CARTESIAN_POINT('',(-0.117475,-0.02032,-0.127863773064588));
#5545=CARTESIAN_POINT('',(-0.12065,-0.00635,-0.13096875));
#5546=CARTESIAN_POINT('',(-0.12065,-0.0254,-0.15636875));
#5547=CARTESIAN_POINT('',(-0.12065,-0.02032,-0.15636875));
#5548=CARTESIAN_POINT('',(-0.12065,-0.0254,-0.16144875));
#5549=CARTESIAN_POINT('',(-0.12065,-0.00635,-0.16144875));
#5550=CARTESIAN_POINT('',(-0.12065,-0.0384402954743875,-0.16144875));
#5551=CARTESIAN_POINT('',(-0.12065,-0.0179501477371938,-0.125958773064588));
#5552=CARTESIAN_POINT('',(-0.12065,-0.02032,-0.1300634775902));
#5553=CARTESIAN_POINT('',(-0.12065,-0.02032,-0.13096875));
#5554=CARTESIAN_POINT('',(0.117475,-0.029845,-0.144021261532294));
#5555=CARTESIAN_POINT('',(0.118745,-0.029845,-0.144021261532294));
#5556=CARTESIAN_POINT('',(0.118745,-0.0192201477371938,-0.1256184775902));
#5557=CARTESIAN_POINT('',(0.118745,-0.0402733825790646,-0.16208375));
#5558=CARTESIAN_POINT('',(0.11938,-0.0402733825790646,-0.16208375));
#5559=CARTESIAN_POINT('',(0.11938,-0.0402733825790646,-0.16208375));
#5560=CARTESIAN_POINT('',(0.11938,-0.01905,-0.125323773064588));
#5561=CARTESIAN_POINT('',(0.11938,-0.0192201477371938,-0.1256184775902));
#5562=CARTESIAN_POINT('',(0.118745,-0.0192201477371938,-0.1256184775902));
#5563=CARTESIAN_POINT('',(0.117475,-0.00635,-0.13096875));
#5564=CARTESIAN_POINT('',(0.117475,-0.0254,-0.15636875));
#5565=CARTESIAN_POINT('',(0.117475,-0.02032,-0.15636875));
#5566=CARTESIAN_POINT('',(0.117475,-0.0254,-0.16144875));
#5567=CARTESIAN_POINT('',(0.117475,-0.0391735303162584,-0.16144875));
#5568=CARTESIAN_POINT('',(0.117475,-0.0384402954743875,-0.16144875));
#5569=CARTESIAN_POINT('',(0.117475,-0.0172194944521158,-0.124693244452116));
#5570=CARTESIAN_POINT('',(0.117475,-0.02032,-0.1300634775902));
#5571=CARTESIAN_POINT('',(0.117475,-0.02032,-0.15636875));
#5572=CARTESIAN_POINT('',(0.12065,-0.00635,-0.13096875));
#5573=CARTESIAN_POINT('',(0.12065,-0.0395401477371938,-0.16335375));
#5574=CARTESIAN_POINT('',(0.12065,-0.02032,-0.1300634775902));
#5575=CARTESIAN_POINT('',(0.12065,-0.0384402954743875,-0.16144875));
#5576=CARTESIAN_POINT('',(0.12065,-0.00635,-0.16144875));
#5577=CARTESIAN_POINT('',(0.12065,-0.0254,-0.16144875));
#5578=CARTESIAN_POINT('',(0.12065,-0.0254,-0.15636875));
#5579=CARTESIAN_POINT('',(0.12065,-0.02032,-0.15636875));
#5580=CARTESIAN_POINT('',(0.12065,-0.02032,-0.13096875));
#5581=CARTESIAN_POINT('',(-0.117475,0.017145,-0.144021261532294));
#5582=CARTESIAN_POINT('',(-0.11938,0.00635,-0.125323773064588));
#5583=CARTESIAN_POINT('',(-0.11938,0.0275733825790646,-0.16208375));
#5584=CARTESIAN_POINT('',(-0.11938,0.00652014773719376,-0.1256184775902));
#5585=CARTESIAN_POINT('',(-0.117475,0.00652014773719376,-0.1256184775902));
#5586=CARTESIAN_POINT('',(-0.118745,0.00652014773719376,-0.1256184775902));
#5587=CARTESIAN_POINT('',(-0.118745,0.017145,-0.144021261532294));
#5588=CARTESIAN_POINT('',(-0.118745,0.0275733825790646,-0.16208375));
#5589=CARTESIAN_POINT('',(-0.11938,0.0275733825790646,-0.16208375));
#5590=CARTESIAN_POINT('',(-0.117475,-0.00635,-0.13096875));
#5591=CARTESIAN_POINT('',(-0.117475,0.00451949445211581,-0.124693244452116));
#5592=CARTESIAN_POINT('',(-0.117475,0.0257402954743876,-0.16144875));
#5593=CARTESIAN_POINT('',(-0.117475,0.00762,-0.1300634775902));
#5594=CARTESIAN_POINT('',(-0.117475,0.00762,-0.13096875));
#5595=CARTESIAN_POINT('',(-0.117475,0.00762,-0.15636875));
#5596=CARTESIAN_POINT('',(-0.117475,0.0127,-0.15636875));
#5597=CARTESIAN_POINT('',(-0.117475,0.0127,-0.16144875));
#5598=CARTESIAN_POINT('',(-0.117475,0.0264735303162584,-0.16144875));
#5599=CARTESIAN_POINT('',(-0.12065,-0.00635,-0.13096875));
#5600=CARTESIAN_POINT('',(-0.12065,0.0127,-0.15636875));
#5601=CARTESIAN_POINT('',(-0.12065,0.0127,-0.16144875));
#5602=CARTESIAN_POINT('',(-0.12065,0.00762,-0.15636875));
#5603=CARTESIAN_POINT('',(-0.12065,0.00762,-0.127863773064588));
#5604=CARTESIAN_POINT('',(-0.12065,0.00762,-0.1300634775902));
#5605=CARTESIAN_POINT('',(-0.12065,0.0268401477371938,-0.16335375));
#5606=CARTESIAN_POINT('',(-0.12065,0.0257402954743876,-0.16144875));
#5607=CARTESIAN_POINT('',(-0.12065,-0.00635,-0.16144875));
#5608=CARTESIAN_POINT('',(0.0842261148254239,0.00079375,-0.120287358003562));
#5609=CARTESIAN_POINT('',(0.0875041041591701,0.00508,-0.124968811936673));
#5610=CARTESIAN_POINT('',(0.0831302602309031,0.00508,-0.118722315448718));
#5611=CARTESIAN_POINT('',(0.0867726045617822,0.00508,-0.123924122244731));
#5612=CARTESIAN_POINT('',(0.0867726045617822,0.00206375,-0.123924122244731));
#5613=CARTESIAN_POINT('',(0.0867726045617823,0.00206375,-0.123924122244731));
#5614=CARTESIAN_POINT('',(0.00447528610649283,0.00206375,-0.00639137093258854));
#5615=CARTESIAN_POINT('',(0.0831334517141752,0.00206375,-0.118726873359191));
#5616=CARTESIAN_POINT('',(0.083133451714175,0.00333375,-0.118726873359191));
#5617=CARTESIAN_POINT('',(0.0831302602309031,0.0020637621890795,-0.118722315448718));
#5618=CARTESIAN_POINT('',(0.0831302602309031,0.00079375,-0.118722315448718));
#5619=CARTESIAN_POINT('',(-1.66533453693774E-15,0.00079375,2.00534033822919E-15));
#5620=CARTESIAN_POINT('',(-1.66533453693774E-15,0.00508,2.00534033822919E-15));
#5621=CARTESIAN_POINT('',(0.103532165070563,0.00508,-0.0996082352135816));
#5622=CARTESIAN_POINT('',(0.0834330535718192,0.00508,-0.116959973060207));
#5623=CARTESIAN_POINT('',(0.0834330535718192,0.00079375,-0.116959973060207));
#5624=CARTESIAN_POINT('',(0.0834330535718192,0.00333375,-0.116959973060207));
#5625=CARTESIAN_POINT('',(-1.66533453693774E-15,0.00333375,2.00534033822919E-15));
#5626=CARTESIAN_POINT('',(0.103532165070563,0.00333375,-0.0996082352135816));
#5627=CARTESIAN_POINT('',(0.103532165070563,0.00079375,-0.0996082352135816));
#5628=CARTESIAN_POINT('',(0.,0.00206375,-0.009525));
#5629=CARTESIAN_POINT('',(-8.71944065280629E-17,0.00206375,-0.10048875));
#5630=CARTESIAN_POINT('',(0.10444736652975,0.00206375,-0.10048875));
#5631=CARTESIAN_POINT('',(-1.66533453693774E-15,0.00206375,2.00534033822919E-15));
#5632=CARTESIAN_POINT('',(0.0857322814655352,0.00206375,-0.124652564318897));
#5633=CARTESIAN_POINT('',(1.26981758441502E-15,-0.01349375,1.61676227961039E-15));
#5634=CARTESIAN_POINT('',(1.26981758441502E-15,-0.01778,1.61676227961039E-15));
#5635=CARTESIAN_POINT('',(-0.103532165070563,-0.01778,-0.0996082352135815));
#5636=CARTESIAN_POINT('',(-0.0834330535718192,-0.01778,-0.116959973060207));
#5637=CARTESIAN_POINT('',(-0.0834330535718192,-0.01349375,-0.116959973060207));
#5638=CARTESIAN_POINT('',(-0.0834330535718192,-0.01603375,-0.116959973060207));
#5639=CARTESIAN_POINT('',(1.26981758441502E-15,-0.01603375,1.61676227961039E-15));
#5640=CARTESIAN_POINT('',(-0.103532165070563,-0.01603375,-0.0996082352135815));
#5641=CARTESIAN_POINT('',(-0.103532165070563,-0.01349375,-0.0996082352135815));
#5642=CARTESIAN_POINT('',(-0.0842261148254239,-0.01349375,-0.120287358003562));
#5643=CARTESIAN_POINT('',(-0.0875041041591701,-0.01778,-0.124968811936673));
#5644=CARTESIAN_POINT('',(-0.0831302602309031,-0.01778,-0.118722315448718));
#5645=CARTESIAN_POINT('',(-0.0867726045617823,-0.01778,-0.123924122244731));
#5646=CARTESIAN_POINT('',(-0.0867726045617823,-0.01349375,-0.123924122244731));
#5647=CARTESIAN_POINT('',(-0.0867726045617823,-0.01476375,-0.123924122244731));
#5648=CARTESIAN_POINT('',(-0.0842261148254239,-0.01476375,-0.120287358003562));
#5649=CARTESIAN_POINT('',(-0.0831334517141752,-0.01476375,-0.118726873359191));
#5650=CARTESIAN_POINT('',(-0.0831334517141752,-0.01603375,-0.118726873359191));
#5651=CARTESIAN_POINT('',(-0.0831302602309031,-0.0147637621890795,-0.118722315448718));
#5652=CARTESIAN_POINT('',(-0.0831302602309031,-0.01905,-0.118722315448718));
#5653=CARTESIAN_POINT('',(0.,-0.01476375,-0.009525));
#5654=CARTESIAN_POINT('',(0.,-0.01476375,-0.10048875));
#5655=CARTESIAN_POINT('',(-0.10444736652975,-0.01476375,-0.10048875));
#5656=CARTESIAN_POINT('',(1.26981758441502E-15,-0.01476375,1.61676227961039E-15));
#5657=CARTESIAN_POINT('',(-0.0857322814655352,-0.01476375,-0.124652564318897));
#5658=CARTESIAN_POINT('',(0.0842261148254239,-0.01349375,-0.120287358003562));
#5659=CARTESIAN_POINT('',(0.0842261148254239,-0.01476375,-0.120287358003562));
#5660=CARTESIAN_POINT('',(0.0831334517141751,-0.01476375,-0.118726873359191));
#5661=CARTESIAN_POINT('',(0.0867726045617822,-0.01476375,-0.123924122244731));
#5662=CARTESIAN_POINT('',(0.0867726045617822,-0.01905,-0.123924122244731));
#5663=CARTESIAN_POINT('',(0.0867726045617822,-0.01778,-0.123924122244731));
#5664=CARTESIAN_POINT('',(0.0842261148254239,-0.01778,-0.120287358003562));
#5665=CARTESIAN_POINT('',(0.0831302602309031,-0.01778,-0.118722315448718));
#5666=CARTESIAN_POINT('',(0.0831302602309031,-0.01349375,-0.118722315448718));
#5667=CARTESIAN_POINT('',(0.0831302602309031,-0.0147637621890795,-0.118722315448718));
#5668=CARTESIAN_POINT('',(0.083133451714175,-0.01603375,-0.118726873359191));
#5669=CARTESIAN_POINT('',(-1.66533453693774E-15,-0.01349375,2.00534033822919E-15));
#5670=CARTESIAN_POINT('',(-1.66533453693774E-15,-0.01603375,2.00534033822919E-15));
#5671=CARTESIAN_POINT('',(0.103532165070563,-0.01603375,-0.0996082352135816));
#5672=CARTESIAN_POINT('',(0.0834330535718192,-0.01603375,-0.116959973060207));
#5673=CARTESIAN_POINT('',(0.0834330535718192,-0.01349375,-0.116959973060207));
#5674=CARTESIAN_POINT('',(0.0834330535718192,-0.01778,-0.116959973060207));
#5675=CARTESIAN_POINT('',(-1.66533453693774E-15,-0.01778,2.00534033822919E-15));
#5676=CARTESIAN_POINT('',(0.103532165070563,-0.01778,-0.0996082352135816));
#5677=CARTESIAN_POINT('',(0.103532165070563,-0.01349375,-0.0996082352135816));
#5678=CARTESIAN_POINT('',(0.,-0.01476375,-0.009525));
#5679=CARTESIAN_POINT('',(-1.66533453693774E-15,-0.01476375,2.00534033822919E-15));
#5680=CARTESIAN_POINT('',(0.10444736652975,-0.01476375,-0.10048875));
#5681=CARTESIAN_POINT('',(-8.71944065280629E-17,-0.01476375,-0.10048875));
#5682=CARTESIAN_POINT('',(0.0857322814655352,-0.01476375,-0.124652564318897));
#5683=CARTESIAN_POINT('',(1.26981758441502E-15,0.00079375,1.61676227961039E-15));
#5684=CARTESIAN_POINT('',(1.26981758441502E-15,0.00333375,1.61676227961039E-15));
#5685=CARTESIAN_POINT('',(-0.103532165070563,0.00333375,-0.0996082352135815));
#5686=CARTESIAN_POINT('',(-0.0834330535718192,0.00333375,-0.116959973060207));
#5687=CARTESIAN_POINT('',(-0.0834330535718192,0.00079375,-0.116959973060207));
#5688=CARTESIAN_POINT('',(-0.0834330535718192,0.00508,-0.116959973060207));
#5689=CARTESIAN_POINT('',(1.26981758441502E-15,0.00508,1.61676227961039E-15));
#5690=CARTESIAN_POINT('',(-0.103532165070563,0.00508,-0.0996082352135815));
#5691=CARTESIAN_POINT('',(-0.103532165070563,0.00079375,-0.0996082352135815));
#5692=CARTESIAN_POINT('',(-0.0842261148254239,0.00079375,-0.120287358003562));
#5693=CARTESIAN_POINT('',(-0.00447528610649272,0.00206375,-0.00639137093258861));
#5694=CARTESIAN_POINT('',(-0.0831334517141752,0.00206375,-0.118726873359191));
#5695=CARTESIAN_POINT('',(-0.0867726045617823,0.00206375,-0.123924122244731));
#5696=CARTESIAN_POINT('',(-0.0867726045617823,0.00079375,-0.123924122244731));
#5697=CARTESIAN_POINT('',(-0.0867726045617823,0.00508,-0.123924122244731));
#5698=CARTESIAN_POINT('',(-0.0842261148254239,0.00508,-0.120287358003562));
#5699=CARTESIAN_POINT('',(-0.0831302602309031,0.00508,-0.118722315448718));
#5700=CARTESIAN_POINT('',(-0.0831302602309031,0.00206375,-0.118722315448718));
#5701=CARTESIAN_POINT('',(-0.0831302602309031,0.0020637621890795,-0.118722315448718));
#5702=CARTESIAN_POINT('',(-0.0831334517141752,0.00333375,-0.118726873359191));
#5703=CARTESIAN_POINT('',(0.,0.00206375,-0.009525));
#5704=CARTESIAN_POINT('',(1.26981758441502E-15,0.00206375,1.61676227961039E-15));
#5705=CARTESIAN_POINT('',(-0.10444736652975,0.00206375,-0.10048875));
#5706=CARTESIAN_POINT('',(0.,0.00206375,-0.10048875));
#5707=CARTESIAN_POINT('',(-0.0857322814655352,0.00206375,-0.124652564318897));
#5708=CARTESIAN_POINT('',(-0.0435298214969678,-0.010002,-0.120279743666652));
#5709=CARTESIAN_POINT('',(-0.0577347753083962,-0.010002,-0.150742365420778));
#5710=CARTESIAN_POINT('',(-0.0641591993454961,-0.010002,-0.11066010679291));
#5711=CARTESIAN_POINT('',(-0.0783641531569246,-0.010002,-0.141122728547037));
#5712=CARTESIAN_POINT('',(-0.0680494642326604,-0.010002,-0.145932546983908));
#5713=CARTESIAN_POINT('',(0.,-0.010381,-0.0034568984919538));
#5714=CARTESIAN_POINT('',(0.0721387249677698,-0.010381,-0.144025693386934));
#5715=CARTESIAN_POINT('',(0.0721387249677697,-0.010381,-0.144025693386934));
#5716=CARTESIAN_POINT('',(0.0685376156863147,-0.010381,-0.136303089611342));
#5717=CARTESIAN_POINT('',(0.068446984907611,-0.010381,-0.136345351437516));
#5718=CARTESIAN_POINT('',(0.0641591993454961,-0.010381,-0.11066010679291));
#5719=CARTESIAN_POINT('',(0.0783641531569245,-0.010381,-0.141122728547037));
#5720=CARTESIAN_POINT('',(0.0680494642326604,-0.010381,-0.145932546983908));
#5721=CARTESIAN_POINT('',(0.0577347753083962,-0.010381,-0.150742365420778));
#5722=CARTESIAN_POINT('',(0.0435298214969677,-0.010381,-0.120279743666652));
#5723=CARTESIAN_POINT('',(0.0604497249947996,-0.010381,-0.140074534979116));
#5724=CARTESIAN_POINT('',(0.0603590942160959,-0.010381,-0.14011679680529));
#5725=CARTESIAN_POINT('',(0.0603590942160959,-0.010381,-0.14011679680529));
#5726=CARTESIAN_POINT('',(0.063960203497551,-0.010381,-0.147839400580882));
#5727=CARTESIAN_POINT('',(0.0680494642326604,-0.010381,-0.145932546983908));
#5728=CARTESIAN_POINT('',(0.0435298214969677,-0.010002,-0.120279743666652));
#5729=CARTESIAN_POINT('',(0.0577347753083962,-0.010002,-0.150742365420778));
#5730=CARTESIAN_POINT('',(0.0577347753083962,-0.002319,-0.150742365420778));
#5731=CARTESIAN_POINT('',(0.0197396374661185,-0.002319,-0.0692615293722994));
#5732=CARTESIAN_POINT('',(-1.38777878078145E-17,-0.002319,-0.0784662734919538));
#5733=CARTESIAN_POINT('',(0.0680494642326604,-0.002319,-0.145932546983908));
#5734=CARTESIAN_POINT('',(0.0641414650549584,-0.002319,-0.147754876928533));
#5735=CARTESIAN_POINT('',(0.0719574634103624,-0.002319,-0.144110217039282));
#5736=CARTESIAN_POINT('',(0.0261463272126806,-0.002319,-0.0662740408800544));
#5737=CARTESIAN_POINT('',(0.0680494642326604,-0.002319,-0.145932546983908));
#5738=CARTESIAN_POINT('',(0.0783641531569245,-0.002319,-0.141122728547037));
#5739=CARTESIAN_POINT('',(0.0403690153146468,-0.002319,-0.0596418924985575));
#5740=CARTESIAN_POINT('',(0.0339623255680847,-0.002319,-0.0626293809908026));
#5741=CARTESIAN_POINT('',(0.0641591993454961,-0.010002,-0.11066010679291));
#5742=CARTESIAN_POINT('',(0.0783641531569245,-0.010002,-0.141122728547037));
#5743=CARTESIAN_POINT('',(0.0680494642326604,-0.010002,-0.145932546983908));
#5744=CARTESIAN_POINT('',(0.0558557076380417,-0.012702,-0.109579890353185));
#5745=CARTESIAN_POINT('',(0.0325355677927755,0.000762,-0.0595696890677614));
#5746=CARTESIAN_POINT('',(0.0719574634103624,0.000762,-0.144110217039282));
#5747=CARTESIAN_POINT('',(0.0719574634103624,-0.012702,-0.144110217039282));
#5748=CARTESIAN_POINT('',(0.0680494642326604,-0.012702,-0.145932546983908));
#5749=CARTESIAN_POINT('',(0.0680494642326604,0.000762,-0.145932546983908));
#5750=CARTESIAN_POINT('',(0.0641414650549584,0.000762,-0.147754876928533));
#5751=CARTESIAN_POINT('',(0.0641414650549584,-0.012702,-0.147754876928533));
#5752=CARTESIAN_POINT('',(0.0480397092826377,-0.012702,-0.113224550242437));
#5753=CARTESIAN_POINT('',(0.0247195694373715,0.000762,-0.0632143489570132));
#5754=CARTESIAN_POINT('',(4.16333634234433E-17,0.000762,-0.0747412734919538));
#5755=CARTESIAN_POINT('',(0.0680494642326604,-0.013462,-0.145932546983908));
#5756=CARTESIAN_POINT('',(0.069262661915944,-0.013462,-0.135964995001949));
#5757=CARTESIAN_POINT('',(0.0701689697029806,-0.013462,-0.135542376740209));
#5758=CARTESIAN_POINT('',(0.0737700789844357,-0.013462,-0.1432649805158));
#5759=CARTESIAN_POINT('',(0.0737700789844357,-0.013462,-0.1432649805158));
#5760=CARTESIAN_POINT('',(0.0680494642326604,-0.013462,-0.145932546983908));
#5761=CARTESIAN_POINT('',(0.0623288494808851,-0.013462,-0.148600113452015));
#5762=CARTESIAN_POINT('',(0.05872774019943,-0.013462,-0.140877509676423));
#5763=CARTESIAN_POINT('',(0.05872774019943,-0.013462,-0.140877509676423));
#5764=CARTESIAN_POINT('',(0.0596340479864666,-0.013462,-0.140454891414683));
#5765=CARTESIAN_POINT('',(-0.0480397092826376,-0.012702,-0.113224550242437));
#5766=CARTESIAN_POINT('',(-0.0247195694373714,0.000762,-0.0632143489570132));
#5767=CARTESIAN_POINT('',(-0.0641414650549582,0.000762,-0.147754876928533));
#5768=CARTESIAN_POINT('',(-0.0641414650549582,-0.012702,-0.147754876928533));
#5769=CARTESIAN_POINT('',(-0.0558557076380416,-0.012702,-0.109579890353185));
#5770=CARTESIAN_POINT('',(-0.0719574634103623,-0.012702,-0.144110217039282));
#5771=CARTESIAN_POINT('',(-0.0719574634103623,0.000762,-0.144110217039282));
#5772=CARTESIAN_POINT('',(-0.0325355677927755,0.000762,-0.0595696890677614));
#5773=CARTESIAN_POINT('',(-0.0680494642326603,-0.012702,-0.145932546983908));
#5774=CARTESIAN_POINT('',(-0.0680494642326603,0.000762,-0.145932546983908));
#5775=CARTESIAN_POINT('',(4.16333634234433E-17,0.000762,-0.0747412734919538));
#5776=CARTESIAN_POINT('',(0.0680494642326604,-0.013462,-0.145932546983908));
#5777=CARTESIAN_POINT('',(-0.0596340479864666,-0.013462,-0.140454891414683));
#5778=CARTESIAN_POINT('',(-0.05872774019943,-0.013462,-0.140877509676423));
#5779=CARTESIAN_POINT('',(-0.05872774019943,-0.013462,-0.140877509676423));
#5780=CARTESIAN_POINT('',(-0.062328849480885,-0.013462,-0.148600113452015));
#5781=CARTESIAN_POINT('',(-0.0680494642326603,-0.013462,-0.145932546983908));
#5782=CARTESIAN_POINT('',(-0.0737700789844355,-0.013462,-0.1432649805158));
#5783=CARTESIAN_POINT('',(-0.0737700789844355,-0.013462,-0.1432649805158));
#5784=CARTESIAN_POINT('',(-0.0701689697029805,-0.013462,-0.135542376740209));
#5785=CARTESIAN_POINT('',(-0.0692626619159438,-0.013462,-0.135964995001949));
#5786=CARTESIAN_POINT('',(-0.0737700789844355,-0.012862,-0.1432649805158));
#5787=CARTESIAN_POINT('',(-0.0701689697029805,-0.012862,-0.135542376740209));
#5788=CARTESIAN_POINT('',(-0.0701689697029805,-0.012262,-0.135542376740209));
#5789=CARTESIAN_POINT('',(-0.0737700789844355,-0.012862,-0.1432649805158));
#5790=CARTESIAN_POINT('',(-0.0737700789844355,-0.012262,-0.1432649805158));
#5791=CARTESIAN_POINT('',(-0.0737700789844355,-0.012262,-0.1432649805158));
#5792=CARTESIAN_POINT('',(-0.0721387249677696,-0.0113215,-0.144025693386934));
#5793=CARTESIAN_POINT('',(-0.0721387249677696,-0.012262,-0.144025693386934));
#5794=CARTESIAN_POINT('',(-0.0721387249677696,-0.012262,-0.144025693386934));
#5795=CARTESIAN_POINT('',(-0.0685376156863145,-0.012262,-0.136303089611342));
#5796=CARTESIAN_POINT('',(-0.0721387249677696,-0.0113215,-0.144025693386934));
#5797=CARTESIAN_POINT('',(-0.0685376156863145,-0.0113215,-0.136303089611342));
#5798=CARTESIAN_POINT('',(-0.0680494642326603,-0.013462,-0.145932546983908));
#5799=CARTESIAN_POINT('',(-0.062328849480885,-0.012862,-0.148600113452015));
#5800=CARTESIAN_POINT('',(-0.062328849480885,-0.012262,-0.148600113452015));
#5801=CARTESIAN_POINT('',(-0.0680494642326603,-0.012262,-0.145932546983908));
#5802=CARTESIAN_POINT('',(-0.0680494642326603,-0.013462,-0.145932546983908));
#5803=CARTESIAN_POINT('',(-0.0680494642326603,-0.012262,-0.145932546983908));
#5804=CARTESIAN_POINT('',(-0.0639602034975509,-0.012262,-0.147839400580882));
#5805=CARTESIAN_POINT('',(-0.0639602034975509,-0.0113215,-0.147839400580882));
#5806=CARTESIAN_POINT('',(-0.05872774019943,-0.012862,-0.140877509676423));
#5807=CARTESIAN_POINT('',(-0.05872774019943,-0.012862,-0.140877509676423));
#5808=CARTESIAN_POINT('',(-0.05872774019943,-0.012262,-0.140877509676423));
#5809=CARTESIAN_POINT('',(-0.05872774019943,-0.012262,-0.140877509676423));
#5810=CARTESIAN_POINT('',(-0.0595434172077629,-0.012262,-0.140497153240857));
#5811=CARTESIAN_POINT('',(-0.0595434172077629,-0.012262,-0.140497153240857));
#5812=CARTESIAN_POINT('',(-0.0603590942160959,-0.012262,-0.14011679680529));
#5813=CARTESIAN_POINT('',(-0.0603590942160959,-0.012262,-0.14011679680529));
#5814=CARTESIAN_POINT('',(-0.0693532926946475,-0.012262,-0.135922733175775));
#5815=CARTESIAN_POINT('',(-0.0603590942160959,-0.0113215,-0.14011679680529));
#5816=CARTESIAN_POINT('',(-0.0603590942160959,-0.0113215,-0.14011679680529));
#5817=CARTESIAN_POINT('',(-0.0673086623270928,-0.0119215,-0.136876159974262));
#5818=CARTESIAN_POINT('',(-0.0615880475753176,-0.0119215,-0.13954372644237));
#5819=CARTESIAN_POINT('',(0.0721387249677698,-0.0113215,-0.144025693386934));
#5820=CARTESIAN_POINT('',(0.0721387249677697,-0.0113215,-0.144025693386934));
#5821=CARTESIAN_POINT('',(0.0721387249677697,-0.012262,-0.144025693386934));
#5822=CARTESIAN_POINT('',(0.0721387249677698,-0.012262,-0.144025693386934));
#5823=CARTESIAN_POINT('',(0.0685376156863147,-0.012262,-0.136303089611342));
#5824=CARTESIAN_POINT('',(0.0685376156863147,-0.0113215,-0.136303089611342));
#5825=CARTESIAN_POINT('',(0.0737700789844357,-0.012862,-0.1432649805158));
#5826=CARTESIAN_POINT('',(0.0737700789844357,-0.012262,-0.1432649805158));
#5827=CARTESIAN_POINT('',(0.0737700789844357,-0.012262,-0.1432649805158));
#5828=CARTESIAN_POINT('',(0.0701689697029806,-0.012262,-0.135542376740209));
#5829=CARTESIAN_POINT('',(0.0737700789844357,-0.012862,-0.1432649805158));
#5830=CARTESIAN_POINT('',(0.0701689697029806,-0.012862,-0.135542376740209));
#5831=CARTESIAN_POINT('',(0.0680494642326604,-0.013462,-0.145932546983908));
#5832=CARTESIAN_POINT('',(0.063960203497551,-0.0113215,-0.147839400580882));
#5833=CARTESIAN_POINT('',(0.063960203497551,-0.012262,-0.147839400580882));
#5834=CARTESIAN_POINT('',(0.0680494642326604,-0.012262,-0.145932546983908));
#5835=CARTESIAN_POINT('',(0.0680494642326604,-0.013462,-0.145932546983908));
#5836=CARTESIAN_POINT('',(0.0680494642326604,-0.012262,-0.145932546983908));
#5837=CARTESIAN_POINT('',(0.0623288494808851,-0.012262,-0.148600113452015));
#5838=CARTESIAN_POINT('',(0.0623288494808851,-0.012862,-0.148600113452015));
#5839=CARTESIAN_POINT('',(0.0603590942160959,-0.0113215,-0.14011679680529));
#5840=CARTESIAN_POINT('',(0.0603590942160959,-0.0113215,-0.14011679680529));
#5841=CARTESIAN_POINT('',(0.0603590942160959,-0.012262,-0.14011679680529));
#5842=CARTESIAN_POINT('',(0.0603590942160959,-0.012262,-0.14011679680529));
#5843=CARTESIAN_POINT('',(0.059543417207763,-0.012262,-0.140497153240857));
#5844=CARTESIAN_POINT('',(0.059543417207763,-0.012262,-0.140497153240857));
#5845=CARTESIAN_POINT('',(0.05872774019943,-0.012262,-0.140877509676423));
#5846=CARTESIAN_POINT('',(0.05872774019943,-0.012262,-0.140877509676423));
#5847=CARTESIAN_POINT('',(0.0693532926946477,-0.012262,-0.135922733175775));
#5848=CARTESIAN_POINT('',(0.05872774019943,-0.012862,-0.140877509676423));
#5849=CARTESIAN_POINT('',(0.05872774019943,-0.012862,-0.140877509676423));
#5850=CARTESIAN_POINT('',(0.067308662327093,-0.0119215,-0.136876159974262));
#5851=CARTESIAN_POINT('',(0.0615880475753176,-0.0119215,-0.13954372644237));
#5852=CARTESIAN_POINT('',(-0.0857322814655352,-0.01905,-0.124652564318897));
#5853=CARTESIAN_POINT('',(-0.0857322814655352,-0.01778,-0.124652564318897));
#5854=CARTESIAN_POINT('',(-0.085266437921671,-0.01778,-0.119558915929396));
#5855=CARTESIAN_POINT('',(-0.0841705833271502,-0.01778,-0.117993873374552));
#5856=CARTESIAN_POINT('',(-0.0878129276580293,-0.01778,-0.123195680170565));
#5857=CARTESIAN_POINT('',(-0.0857322814655352,-0.01778,-0.124652564318897));
#5858=CARTESIAN_POINT('',(-0.0871716482057751,-0.01778,-0.126745367077661));
#5859=CARTESIAN_POINT('',(-0.0841705833271502,-0.01778,-0.117993873374552));
#5860=CARTESIAN_POINT('',(-0.0841705833271502,-0.01778,-0.117993873374552));
#5861=CARTESIAN_POINT('',(-0.0841705833271501,-0.01778,-0.117993873374552));
#5862=CARTESIAN_POINT('',(-6.93889390390723E-18,-0.01778,4.85722573273506E-17));
#5863=CARTESIAN_POINT('',(0.0871716482057751,-0.01778,-0.126745367077661));
#5864=CARTESIAN_POINT('',(0.0857322814655352,-0.01905,-0.124652564318897));
#5865=CARTESIAN_POINT('',(0.0857322814655352,-0.01778,-0.124652564318897));
#5866=CARTESIAN_POINT('',(-0.0841705833271502,-0.01349375,-0.117993873374552));
#5867=CARTESIAN_POINT('',(-0.0831302602309031,-0.0147637621890795,-0.118722315448718));
#5868=CARTESIAN_POINT('',(-0.0828961722371789,-0.0147655502798294,-0.118388003147078));
#5869=CARTESIAN_POINT('',(-0.0828334695752384,-0.01517438107743,-0.117592431377039));
#5870=CARTESIAN_POINT('',(-0.0832026902313323,-0.0157495333574883,-0.117124302073159));
#5871=CARTESIAN_POINT('',(-0.0834330535718192,-0.01603375,-0.116959973060207));
#5872=CARTESIAN_POINT('',(1.26981758441502E-15,-0.01778,1.61676227961039E-15));
#5873=CARTESIAN_POINT('',(-0.10444736652975,-0.01778,-0.10048875));
#5874=CARTESIAN_POINT('',(0.0857322814655352,-0.01778,-0.124652564318897));
#5875=CARTESIAN_POINT('',(0.0878129276580292,-0.01778,-0.123195680170565));
#5876=CARTESIAN_POINT('',(1.26981758441502E-15,-0.01603375,1.61676227961039E-15));
#5877=CARTESIAN_POINT('',(-0.10444736652975,-0.01603375,-0.10048875));
#5878=CARTESIAN_POINT('',(-0.10444736652975,-0.01349375,-0.10048875));
#5879=CARTESIAN_POINT('',(-0.10444736652975,-0.01778,-0.10048875));
#5880=CARTESIAN_POINT('',(-0.10444736652975,-0.01603375,-0.10048875));
#5881=CARTESIAN_POINT('',(-0.10444736652975,-0.01778,-0.10048875));
#5882=CARTESIAN_POINT('',(-0.10444736652975,-0.01778,-0.10048875));
#5883=CARTESIAN_POINT('',(0.00402384716724221,-0.01778,-0.00353247188089321));
#5884=CARTESIAN_POINT('',(0.0841705833271501,-0.01778,-0.117993873374552));
#5885=CARTESIAN_POINT('',(-0.10444736652975,-0.01603375,-0.10048875));
#5886=CARTESIAN_POINT('',(-0.10444736652975,-0.01603375,-0.10048875));
#5887=CARTESIAN_POINT('',(0.,-0.01778,-0.10048875));
#5888=CARTESIAN_POINT('',(-0.12573,-0.01778,-0.10048875));
#5889=CARTESIAN_POINT('',(-0.12573,-0.01778,-0.13096875));
#5890=CARTESIAN_POINT('',(-0.12573,-0.01778,-0.15636875));
#5891=CARTESIAN_POINT('',(-0.12573,-0.01778,-0.10048875));
#5892=CARTESIAN_POINT('',(0.0841705833271502,-0.01778,-0.117993873374552));
#5893=CARTESIAN_POINT('',(0.0841705833271502,-0.01778,-0.117993873374552));
#5894=CARTESIAN_POINT('',(0.0841705833271501,-0.01778,-0.117993873374552));
#5895=CARTESIAN_POINT('',(-0.119761143340675,-0.01603375,-0.10048875));
#5896=CARTESIAN_POINT('',(-0.116470148321362,-0.01603375,-0.10048875));
#5897=CARTESIAN_POINT('',(-0.12573,-0.01778,-0.10048875));
#5898=CARTESIAN_POINT('',(-0.12573,-0.01778,-0.10048875));
#5899=CARTESIAN_POINT('',(-1.66533453693774E-15,-0.01778,2.00534033822919E-15));
#5900=CARTESIAN_POINT('',(0.10444736652975,-0.01778,-0.10048875));
#5901=CARTESIAN_POINT('',(0.0841705833271501,-0.01349375,-0.117993873374552));
#5902=CARTESIAN_POINT('',(0.0831302602309031,-0.0147637621890795,-0.118722315448718));
#5903=CARTESIAN_POINT('',(0.0828961722371789,-0.0147655502798294,-0.118388003147078));
#5904=CARTESIAN_POINT('',(0.0828334695751143,-0.0151743810775817,-0.117592431377128));
#5905=CARTESIAN_POINT('',(0.0832026902315802,-0.0157495333571851,-0.117124302072982));
#5906=CARTESIAN_POINT('',(0.0834330535718191,-0.01603375,-0.116959973060207));
#5907=CARTESIAN_POINT('',(-0.116470148321362,-0.01905,-0.10048875));
#5908=CARTESIAN_POINT('',(-0.116470148321362,0.00333375,-0.10048875));
#5909=CARTESIAN_POINT('',(-0.12573,-0.01905,-0.10048875));
#5910=CARTESIAN_POINT('',(-0.12573,0.00508,-0.10048875));
#5911=CARTESIAN_POINT('',(-0.12573,0.00508,-0.00635));
#5912=CARTESIAN_POINT('',(-0.12573,0.00508,-0.15636875));
#5913=CARTESIAN_POINT('',(-0.12573,0.00508,-0.10048875));
#5914=CARTESIAN_POINT('',(0.10444736652975,-0.01778,-0.10048875));
#5915=CARTESIAN_POINT('',(0.10444736652975,-0.01778,-0.10048875));
#5916=CARTESIAN_POINT('',(0.10444736652975,-0.01778,-0.10048875));
#5917=CARTESIAN_POINT('',(0.10444736652975,-0.01349375,-0.10048875));
#5918=CARTESIAN_POINT('',(0.10444736652975,-0.01603375,-0.10048875));
#5919=CARTESIAN_POINT('',(-1.66533453693774E-15,-0.01603375,2.00534033822919E-15));
#5920=CARTESIAN_POINT('',(0.10444736652975,-0.01603375,-0.10048875));
#5921=CARTESIAN_POINT('',(0.,0.00333375,-0.10048875));
#5922=CARTESIAN_POINT('',(-0.10444736652975,0.00333375,-0.10048875));
#5923=CARTESIAN_POINT('',(-0.12573,0.00508,-0.10048875));
#5924=CARTESIAN_POINT('',(-0.12573,0.00508,-0.10048875));
#5925=CARTESIAN_POINT('',(0.12573,-0.01778,-0.00635));
#5926=CARTESIAN_POINT('',(0.12573,-0.01778,-0.15636875));
#5927=CARTESIAN_POINT('',(0.12573,-0.01778,-0.10048875));
#5928=CARTESIAN_POINT('',(-9.02378413108923E-17,-0.01778,-0.10048875));
#5929=CARTESIAN_POINT('',(0.12573,-0.01778,-0.10048875));
#5930=CARTESIAN_POINT('',(0.10444736652975,-0.01603375,-0.10048875));
#5931=CARTESIAN_POINT('',(0.10444736652975,-0.01603375,-0.10048875));
#5932=CARTESIAN_POINT('',(-0.10444736652975,0.00333375,-0.10048875));
#5933=CARTESIAN_POINT('',(-0.10444736652975,0.00333375,-0.10048875));
#5934=CARTESIAN_POINT('',(-0.10444736652975,0.00333375,-0.10048875));
#5935=CARTESIAN_POINT('',(-0.10444736652975,0.00079375,-0.10048875));
#5936=CARTESIAN_POINT('',(-0.10444736652975,0.00508,-0.10048875));
#5937=CARTESIAN_POINT('',(-0.119761143340675,0.00508,-0.10048875));
#5938=CARTESIAN_POINT('',(-0.10444736652975,0.00508,-0.10048875));
#5939=CARTESIAN_POINT('',(0.12573,-0.01778,-0.10048875));
#5940=CARTESIAN_POINT('',(0.12573,-0.01778,-0.10048875));
#5941=CARTESIAN_POINT('',(0.119761143340675,-0.01603375,-0.10048875));
#5942=CARTESIAN_POINT('',(0.116470148321362,-0.01603375,-0.10048875));
#5943=CARTESIAN_POINT('',(1.26981758441502E-15,0.00333375,1.61676227961039E-15));
#5944=CARTESIAN_POINT('',(-0.0831302602309031,0.0020637621890795,-0.118722315448718));
#5945=CARTESIAN_POINT('',(-0.0828961722371789,0.00206555027982942,-0.118388003147078));
#5946=CARTESIAN_POINT('',(-0.0828334695752383,0.00247438107743006,-0.117592431377039));
#5947=CARTESIAN_POINT('',(-0.0832026902313325,0.00304953335748812,-0.117124302073159));
#5948=CARTESIAN_POINT('',(-0.0834330535718192,0.00333375,-0.116959973060207));
#5949=CARTESIAN_POINT('',(-0.10444736652975,0.00508,-0.10048875));
#5950=CARTESIAN_POINT('',(-0.10444736652975,0.00508,-0.10048875));
#5951=CARTESIAN_POINT('',(0.12573,0.00508,-0.13096875));
#5952=CARTESIAN_POINT('',(0.12573,0.00508,-0.15636875));
#5953=CARTESIAN_POINT('',(0.12573,0.00508,-0.10048875));
#5954=CARTESIAN_POINT('',(0.12573,-0.01905,-0.10048875));
#5955=CARTESIAN_POINT('',(0.12573,0.00508,-0.10048875));
#5956=CARTESIAN_POINT('',(0.116470148321362,-0.01905,-0.10048875));
#5957=CARTESIAN_POINT('',(0.116470148321362,0.00333375,-0.10048875));
#5958=CARTESIAN_POINT('',(-0.0841705833271502,0.00079375,-0.117993873374552));
#5959=CARTESIAN_POINT('',(-0.0841705833271502,0.00508,-0.117993873374552));
#5960=CARTESIAN_POINT('',(1.26981758441502E-15,0.00508,1.61676227961039E-15));
#5961=CARTESIAN_POINT('',(-0.0841705833271501,0.00508,-0.117993873374552));
#5962=CARTESIAN_POINT('',(0.12573,0.00508,-0.10048875));
#5963=CARTESIAN_POINT('',(0.12573,0.00508,-0.10048875));
#5964=CARTESIAN_POINT('',(-8.71944065280629E-17,0.00333375,-0.10048875));
#5965=CARTESIAN_POINT('',(0.10444736652975,0.00333375,-0.10048875));
#5966=CARTESIAN_POINT('',(-0.0841705833271502,0.00508,-0.117993873374552));
#5967=CARTESIAN_POINT('',(-0.0841705833271501,0.00508,-0.117993873374552));
#5968=CARTESIAN_POINT('',(0.119761143340675,0.00508,-0.10048875));
#5969=CARTESIAN_POINT('',(0.10444736652975,0.00508,-0.10048875));
#5970=CARTESIAN_POINT('',(0.10444736652975,0.00079375,-0.10048875));
#5971=CARTESIAN_POINT('',(0.10444736652975,0.00333375,-0.10048875));
#5972=CARTESIAN_POINT('',(0.10444736652975,0.00508,-0.10048875));
#5973=CARTESIAN_POINT('',(0.10444736652975,0.00333375,-0.10048875));
#5974=CARTESIAN_POINT('',(0.10444736652975,0.00333375,-0.10048875));
#5975=CARTESIAN_POINT('',(-0.0857322814655352,-0.01905,-0.124652564318897));
#5976=CARTESIAN_POINT('',(-0.0857322814655352,0.00508,-0.124652564318897));
#5977=CARTESIAN_POINT('',(-0.00402384716724211,0.00508,-0.00353247188089328));
#5978=CARTESIAN_POINT('',(-0.0878129276580293,0.00508,-0.123195680170565));
#5979=CARTESIAN_POINT('',(0.10444736652975,0.00508,-0.10048875));
#5980=CARTESIAN_POINT('',(0.10444736652975,0.00508,-0.10048875));
#5981=CARTESIAN_POINT('',(-1.66533453693774E-15,0.00333375,2.00534033822919E-15));
#5982=CARTESIAN_POINT('',(0.0831302602309031,0.0020637621890795,-0.118722315448718));
#5983=CARTESIAN_POINT('',(0.0828961722371789,0.00206555027982944,-0.118388003147078));
#5984=CARTESIAN_POINT('',(0.0828334695751143,0.00247438107758165,-0.117592431377128));
#5985=CARTESIAN_POINT('',(0.08320269023158,0.0030495333571853,-0.117124302072982));
#5986=CARTESIAN_POINT('',(0.0834330535718191,0.00333375,-0.116959973060207));
#5987=CARTESIAN_POINT('',(-0.0857322814655352,0.00508,-0.124652564318897));
#5988=CARTESIAN_POINT('',(-0.0871716482057751,0.00508,-0.126745367077661));
#5989=CARTESIAN_POINT('',(-1.66533453693774E-15,0.00508,2.00534033822919E-15));
#5990=CARTESIAN_POINT('',(0.0841705833271502,0.00508,-0.117993873374552));
#5991=CARTESIAN_POINT('',(0.0841705833271501,0.00079375,-0.117993873374552));
#5992=CARTESIAN_POINT('',(0.0841705833271501,0.00508,-0.117993873374552));
#5993=CARTESIAN_POINT('',(0.0857322814655352,-0.01905,-0.124652564318897));
#5994=CARTESIAN_POINT('',(0.0857322814655352,0.00508,-0.124652564318897));
#5995=CARTESIAN_POINT('',(-6.93889390390723E-18,0.00508,4.85722573273506E-17));
#5996=CARTESIAN_POINT('',(0.0871716482057751,0.00508,-0.126745367077661));
#5997=CARTESIAN_POINT('',(0.0841705833271502,0.00508,-0.117993873374552));
#5998=CARTESIAN_POINT('',(0.0841705833271502,0.00508,-0.117993873374552));
#5999=CARTESIAN_POINT('',(0.0857322814655352,0.00508,-0.124652564318897));
#6000=CARTESIAN_POINT('',(0.0878129276580293,0.00508,-0.123195680170565));
#6001=CARTESIAN_POINT('',(0.0852664379216709,0.00508,-0.119558915929396));
#6002=CARTESIAN_POINT('',(-0.13843,-0.04318,-0.16589375));
#6003=CARTESIAN_POINT('',(-0.13843,-0.04318,-0.16398875));
#6004=CARTESIAN_POINT('',(-0.13843,-0.04318,-0.16398875));
#6005=CARTESIAN_POINT('',(-0.13843,-0.04318,-0.16398875));
#6006=CARTESIAN_POINT('',(-0.13843,-0.04318,-0.16398875));
#6007=CARTESIAN_POINT('',(0.13843,-0.04318,-0.16589375));
#6008=CARTESIAN_POINT('',(0.13843,-0.04318,-0.16398875));
#6009=CARTESIAN_POINT('',(-2.77555756156289E-17,-0.04318,-0.16398875));
#6010=CARTESIAN_POINT('',(0.13843,-0.04318,-0.16398875));
#6011=CARTESIAN_POINT('',(-0.13843,-0.00635,-0.16398875));
#6012=CARTESIAN_POINT('',(-0.13843,0.03048,-0.16398875));
#6013=CARTESIAN_POINT('',(-0.13843,0.03048,-0.16589375));
#6014=CARTESIAN_POINT('',(-0.13843,0.03048,-0.16398875));
#6015=CARTESIAN_POINT('',(0.13843,-0.04318,-0.16398875));
#6016=CARTESIAN_POINT('',(0.13843,-0.04318,-0.16398875));
#6017=CARTESIAN_POINT('',(-0.13843,0.03048,-0.16398875));
#6018=CARTESIAN_POINT('',(-0.13843,0.03048,-0.16398875));
#6019=CARTESIAN_POINT('',(0.13843,-0.00635,-0.16398875));
#6020=CARTESIAN_POINT('',(0.13843,0.03048,-0.16398875));
#6021=CARTESIAN_POINT('',(-2.77555756156289E-17,0.03048,-0.16398875));
#6022=CARTESIAN_POINT('',(0.13843,0.03048,-0.16398875));
#6023=CARTESIAN_POINT('',(0.13843,0.03048,-0.16398875));
#6024=CARTESIAN_POINT('',(0.13843,0.03048,-0.16398875));
#6025=CARTESIAN_POINT('',(0.13843,0.03048,-0.16589375));
#6026=CARTESIAN_POINT('',(-0.11938,-0.0287451477371938,-0.144656261532294));
#6027=CARTESIAN_POINT('',(-0.11938,-0.0384402954743875,-0.16144875));
#6028=CARTESIAN_POINT('',(-0.11938,-0.02032,-0.1300634775902));
#6029=CARTESIAN_POINT('',(-0.118745,-0.0172194944521158,-0.124693244452116));
#6030=CARTESIAN_POINT('',(-0.118745,-0.0384402954743875,-0.16144875));
#6031=CARTESIAN_POINT('',(-0.118745,-0.02032,-0.1300634775902));
#6032=CARTESIAN_POINT('',(0.118745,-0.0287451477371938,-0.144656261532294));
#6033=CARTESIAN_POINT('',(0.118745,-0.0384402954743875,-0.16144875));
#6034=CARTESIAN_POINT('',(0.118745,-0.02032,-0.1300634775902));
#6035=CARTESIAN_POINT('',(0.11938,-0.0172194944521158,-0.124693244452116));
#6036=CARTESIAN_POINT('',(0.11938,-0.0384402954743875,-0.16144875));
#6037=CARTESIAN_POINT('',(0.11938,-0.02032,-0.1300634775902));
#6038=CARTESIAN_POINT('',(-0.118745,0.0160451477371937,-0.144656261532294));
#6039=CARTESIAN_POINT('',(-0.118745,0.00762,-0.1300634775902));
#6040=CARTESIAN_POINT('',(-0.118745,0.0257402954743876,-0.16144875));
#6041=CARTESIAN_POINT('',(-0.11938,0.00451949445211582,-0.124693244452116));
#6042=CARTESIAN_POINT('',(-0.11938,0.00762,-0.1300634775902));
#6043=CARTESIAN_POINT('',(-0.11938,0.0257402954743876,-0.16144875));
#6044=CARTESIAN_POINT('',(0.118745,0.00451949445211582,-0.124693244452116));
#6045=CARTESIAN_POINT('',(0.118745,0.0257402954743876,-0.16144875));
#6046=CARTESIAN_POINT('',(0.118745,0.00762,-0.1300634775902));
#6047=CARTESIAN_POINT('',(0.11938,0.0160451477371937,-0.144656261532294));
#6048=CARTESIAN_POINT('',(0.11938,0.0257402954743876,-0.16144875));
#6049=CARTESIAN_POINT('',(0.11938,0.00762,-0.1300634775902));
#6050=CARTESIAN_POINT('',(0.,0.0127,-0.15636875));
#6051=CARTESIAN_POINT('',(-0.116205,0.0127,-0.15636875));
#6052=CARTESIAN_POINT('',(0.116205,0.0127,-0.15636875));
#6053=CARTESIAN_POINT('',(0.,0.0127,-0.15636875));
#6054=CARTESIAN_POINT('',(0.12192,0.0127,-0.15636875));
#6055=CARTESIAN_POINT('',(0.12573,0.0127,-0.15636875));
#6056=CARTESIAN_POINT('',(0.12573,0.00508,-0.15636875));
#6057=CARTESIAN_POINT('',(0.13335,0.00508,-0.15636875));
#6058=CARTESIAN_POINT('',(0.13335,-0.01905,-0.15636875));
#6059=CARTESIAN_POINT('',(0.13335,-0.01778,-0.15636875));
#6060=CARTESIAN_POINT('',(0.12573,-0.01778,-0.15636875));
#6061=CARTESIAN_POINT('',(0.12573,-0.0254,-0.15636875));
#6062=CARTESIAN_POINT('',(-2.77555756156289E-17,-0.0254,-0.15636875));
#6063=CARTESIAN_POINT('',(0.12192,-0.0254,-0.15636875));
#6064=CARTESIAN_POINT('',(-2.77555756156289E-17,-0.0254,-0.15636875));
#6065=CARTESIAN_POINT('',(-0.12192,-0.0254,-0.15636875));
#6066=CARTESIAN_POINT('',(-0.12573,-0.0254,-0.15636875));
#6067=CARTESIAN_POINT('',(-0.12573,-0.01778,-0.15636875));
#6068=CARTESIAN_POINT('',(-0.13335,-0.01778,-0.15636875));
#6069=CARTESIAN_POINT('',(-0.13335,-0.00635,-0.15636875));
#6070=CARTESIAN_POINT('',(-0.13335,0.00508,-0.15636875));
#6071=CARTESIAN_POINT('',(-0.12573,0.00508,-0.15636875));
#6072=CARTESIAN_POINT('',(-0.12573,0.0127,-0.15636875));
#6073=CARTESIAN_POINT('',(0.,0.0127,-0.15636875));
#6074=CARTESIAN_POINT('',(-0.12192,0.0127,-0.15636875));
#6075=CARTESIAN_POINT('',(-2.77555756156289E-17,-0.0254,-0.15636875));
#6076=CARTESIAN_POINT('',(-0.116205,-0.0254,-0.15636875));
#6077=CARTESIAN_POINT('',(0.116205,-0.0254,-0.15636875));
#6078=CARTESIAN_POINT('',(-0.12192,-0.02032,-0.00635));
#6079=CARTESIAN_POINT('',(-0.12192,-0.02032,-0.15636875));
#6080=CARTESIAN_POINT('',(-0.12192,-0.02032,-0.1300634775902));
#6081=CARTESIAN_POINT('',(-0.12192,-0.01905,-0.1300634775902));
#6082=CARTESIAN_POINT('',(-0.12065,-0.01905,-0.1300634775902));
#6083=CARTESIAN_POINT('',(-0.12065,-0.02032,-0.1300634775902));
#6084=CARTESIAN_POINT('',(-0.121920000000018,-0.01905,-0.128733536683035));
#6085=CARTESIAN_POINT('',(-0.12090862257203,-0.0190500000000233,-0.129018266935179));
#6086=CARTESIAN_POINT('',(-0.12065,-0.0200320593472159,-0.128899779296415));
#6087=CARTESIAN_POINT('',(-0.121369617208739,-0.01905,-0.126084243146918));
#6088=CARTESIAN_POINT('',(-0.120890387300885,-0.0190499999999894,-0.126527720183348));
#6089=CARTESIAN_POINT('',(-0.120374808604374,-0.0194584704711214,-0.126581647452334));
#6090=CARTESIAN_POINT('',(-0.120044970479359,-0.01905,-0.124983477590219));
#6091=CARTESIAN_POINT('',(-0.11986679220674,-0.0190500000000011,-0.12532377306466));
#6092=CARTESIAN_POINT('',(-0.119712485239679,-0.0192201477372066,-0.125618477590223));
#6093=CARTESIAN_POINT('',(-0.11938,-0.01905,-0.1249834775902));
#6094=CARTESIAN_POINT('',(-0.11938,-0.01905,-0.125323773064588));
#6095=CARTESIAN_POINT('',(-0.11938,-0.0192201477371938,-0.1256184775902));
#6096=CARTESIAN_POINT('',(-0.11938,-0.02032,-0.1249834775902));
#6097=CARTESIAN_POINT('',(-0.12192,-0.0254,-0.15636875));
#6098=CARTESIAN_POINT('',(-0.12192,-0.0254,-0.16144875));
#6099=CARTESIAN_POINT('',(-0.117475,-0.02032,-0.1249834775902));
#6100=CARTESIAN_POINT('',(-0.118745,-0.02032,-0.1249834775902));
#6101=CARTESIAN_POINT('',(-0.12192,-0.00635,-0.16144875));
#6102=CARTESIAN_POINT('',(-0.12192,-0.0384402954743875,-0.16144875));
#6103=CARTESIAN_POINT('',(-0.118745,-0.01905,-0.1249834775902));
#6104=CARTESIAN_POINT('',(-0.118745,-0.01905,-0.125323773064588));
#6105=CARTESIAN_POINT('',(-0.118745,-0.0192201477371938,-0.1256184775902));
#6106=CARTESIAN_POINT('',(-0.118080029520642,-0.01905,-0.124983477590219));
#6107=CARTESIAN_POINT('',(-0.118258207793265,-0.0190499999999989,-0.125323773064641));
#6108=CARTESIAN_POINT('',(-0.118412514760321,-0.0192201477372026,-0.125618477590216));
#6109=CARTESIAN_POINT('',(-0.116755382791261,-0.01905,-0.126084243146928));
#6110=CARTESIAN_POINT('',(-0.117234612699125,-0.0190500000000038,-0.126527720183395));
#6111=CARTESIAN_POINT('',(-0.117750191395626,-0.0194584704711211,-0.126581647452346));
#6112=CARTESIAN_POINT('',(-0.116204999999982,-0.01905,-0.128733536683017));
#6113=CARTESIAN_POINT('',(-0.117216377427939,-0.0190499999999925,-0.129018266935132));
#6114=CARTESIAN_POINT('',(-0.117475,-0.0200320593472205,-0.128899779296396));
#6115=CARTESIAN_POINT('',(-0.116205,-0.01905,-0.1300634775902));
#6116=CARTESIAN_POINT('',(-0.117475,-0.01905,-0.1300634775902));
#6117=CARTESIAN_POINT('',(-0.117475,-0.02032,-0.1300634775902));
#6118=CARTESIAN_POINT('',(-0.116205,-0.02032,-0.1300634775902));
#6119=CARTESIAN_POINT('',(-0.11938,-0.0413732348418709,-0.16271875));
#6120=CARTESIAN_POINT('',(-0.11938,-0.04064,-0.16271875));
#6121=CARTESIAN_POINT('',(-0.11938,-0.0402733825790646,-0.16208375));
#6122=CARTESIAN_POINT('',(-0.120044970479358,-0.0413732348418593,-0.16271875));
#6123=CARTESIAN_POINT('',(-0.119823313675804,-0.0406399999999825,-0.162718750000015));
#6124=CARTESIAN_POINT('',(-0.119712485239679,-0.0402733825790709,-0.162083750000011));
#6125=CARTESIAN_POINT('',(-0.121369617208749,-0.0407377075414565,-0.16271875));
#6126=CARTESIAN_POINT('',(-0.120737492798664,-0.0400495386541102,-0.16271875));
#6127=CARTESIAN_POINT('',(-0.120374808604374,-0.0398761780162965,-0.161946154303247));
#6128=CARTESIAN_POINT('',(-0.12192,-0.0392081372350037,-0.16271875));
#6129=CARTESIAN_POINT('',(-0.120806030472232,-0.0388907165924809,-0.162718749999984));
#6130=CARTESIAN_POINT('',(-0.12065,-0.0389201965747773,-0.161614992617709));
#6131=CARTESIAN_POINT('',(-0.12192,-0.0384402954743875,-0.16271875));
#6132=CARTESIAN_POINT('',(-0.12065,-0.0384402954743875,-0.16271875));
#6133=CARTESIAN_POINT('',(-0.12065,-0.0384402954743875,-0.16144875));
#6134=CARTESIAN_POINT('',(-0.11938,-0.0413732348418708,-0.16144875));
#6135=CARTESIAN_POINT('',(-0.116205,-0.02032,-0.13096875));
#6136=CARTESIAN_POINT('',(-0.116205,-0.02032,-0.15636875));
#6137=CARTESIAN_POINT('',(-2.77555756156289E-17,-0.0413732348418708,-0.16144875));
#6138=CARTESIAN_POINT('',(-0.118745,-0.0413732348418708,-0.16144875));
#6139=CARTESIAN_POINT('',(-0.116205,-0.0254,-0.15636875));
#6140=CARTESIAN_POINT('',(-0.116205,-0.0254,-0.16144875));
#6141=CARTESIAN_POINT('',(-0.116205,-0.0384402954743875,-0.16271875));
#6142=CARTESIAN_POINT('',(-0.117475,-0.0384402954743875,-0.16271875));
#6143=CARTESIAN_POINT('',(-0.117475,-0.0384402954743875,-0.16144875));
#6144=CARTESIAN_POINT('',(-0.116205,-0.0392081372350037,-0.16271875));
#6145=CARTESIAN_POINT('',(-0.117318969527801,-0.0388907165924802,-0.16271874999998));
#6146=CARTESIAN_POINT('',(-0.117475,-0.0389201965747693,-0.161614992617677));
#6147=CARTESIAN_POINT('',(-0.116755382791252,-0.0407377075414564,-0.16271875));
#6148=CARTESIAN_POINT('',(-0.117387507201337,-0.0400495386541104,-0.162718750000013));
#6149=CARTESIAN_POINT('',(-0.117750191395626,-0.0398761780163068,-0.161946154303274));
#6150=CARTESIAN_POINT('',(-0.118080029520641,-0.0413732348418593,-0.16271875));
#6151=CARTESIAN_POINT('',(-0.11830168632417,-0.0406399999999741,-0.162718749999992));
#6152=CARTESIAN_POINT('',(-0.118412514760321,-0.0402733825790583,-0.162083749999989));
#6153=CARTESIAN_POINT('',(-0.118745,-0.0413732348418709,-0.16271875));
#6154=CARTESIAN_POINT('',(-0.118745,-0.04064,-0.16271875));
#6155=CARTESIAN_POINT('',(-0.118745,-0.0402733825790646,-0.16208375));
#6156=CARTESIAN_POINT('',(-0.116205,-0.0384402954743875,-0.16144875));
#6157=CARTESIAN_POINT('',(-0.116205,-0.00635,-0.16144875));
#6158=CARTESIAN_POINT('',(-0.12192,-0.00635,-0.16144875));
#6159=CARTESIAN_POINT('',(-0.12192,0.0127,-0.16144875));
#6160=CARTESIAN_POINT('',(-0.12192,0.0257402954743876,-0.16144875));
#6161=CARTESIAN_POINT('',(-0.12192,0.0257402954743876,-0.16271875));
#6162=CARTESIAN_POINT('',(-0.12065,0.0257402954743875,-0.16271875));
#6163=CARTESIAN_POINT('',(-0.12065,0.0257402954743876,-0.16144875));
#6164=CARTESIAN_POINT('',(-0.12192,0.0265081372349989,-0.16271875));
#6165=CARTESIAN_POINT('',(-0.120806030472232,0.0261907165924712,-0.162718749999984));
#6166=CARTESIAN_POINT('',(-0.12065,0.0262201965747723,-0.161614992617709));
#6167=CARTESIAN_POINT('',(-0.121369617208749,0.0280377075414589,-0.16271875));
#6168=CARTESIAN_POINT('',(-0.120737492798663,0.0273495386541163,-0.162718750000014));
#6169=CARTESIAN_POINT('',(-0.120374808604374,0.0271761780162988,-0.161946154303247));
#6170=CARTESIAN_POINT('',(-0.120044970479358,0.0286732348418593,-0.16271875));
#6171=CARTESIAN_POINT('',(-0.119823313675806,0.0279399999999791,-0.162718749999988));
#6172=CARTESIAN_POINT('',(-0.119712485239679,0.0275733825790715,-0.162083750000012));
#6173=CARTESIAN_POINT('',(-0.11938,0.0286732348418709,-0.16271875));
#6174=CARTESIAN_POINT('',(-0.11938,0.02794,-0.16271875));
#6175=CARTESIAN_POINT('',(-0.11938,0.0275733825790646,-0.16208375));
#6176=CARTESIAN_POINT('',(-0.11938,0.0286732348418708,-0.16144875));
#6177=CARTESIAN_POINT('',(-0.12192,0.0127,-0.15636875));
#6178=CARTESIAN_POINT('',(-0.12192,0.00762,-0.15636875));
#6179=CARTESIAN_POINT('',(-0.117475,0.0286732348418708,-0.16144875));
#6180=CARTESIAN_POINT('',(-0.118745,0.0286732348418708,-0.16144875));
#6181=CARTESIAN_POINT('',(-0.12192,0.00762,-0.13096875));
#6182=CARTESIAN_POINT('',(-0.12192,0.00762,-0.1300634775902));
#6183=CARTESIAN_POINT('',(-0.118745,0.0286732348418709,-0.16271875));
#6184=CARTESIAN_POINT('',(-0.118745,0.02794,-0.16271875));
#6185=CARTESIAN_POINT('',(-0.118745,0.0275733825790646,-0.16208375));
#6186=CARTESIAN_POINT('',(-0.118080029520642,0.0286732348418593,-0.16271875));
#6187=CARTESIAN_POINT('',(-0.118301686324175,0.0279399999999719,-0.162718750000014));
#6188=CARTESIAN_POINT('',(-0.118412514760321,0.0275733825790706,-0.16208375000001));
#6189=CARTESIAN_POINT('',(-0.116755382791251,0.0280377075414589,-0.16271875));
#6190=CARTESIAN_POINT('',(-0.117387507201332,0.0273495386541136,-0.162718750000002));
#6191=CARTESIAN_POINT('',(-0.117750191395626,0.0271761780163012,-0.161946154303263));
#6192=CARTESIAN_POINT('',(-0.116205,0.0265081372349989,-0.16271875));
#6193=CARTESIAN_POINT('',(-0.117318969527801,0.026190716592472,-0.16271874999998));
#6194=CARTESIAN_POINT('',(-0.117475,0.0262201965747683,-0.161614992617677));
#6195=CARTESIAN_POINT('',(-0.116205,0.0257402954743876,-0.16271875));
#6196=CARTESIAN_POINT('',(-0.117475,0.0257402954743875,-0.16271875));
#6197=CARTESIAN_POINT('',(-0.117475,0.0257402954743875,-0.16144875));
#6198=CARTESIAN_POINT('',(-0.116205,0.0257402954743876,-0.16144875));
#6199=CARTESIAN_POINT('',(-0.12065,0.00762000000000001,-0.1300634775902));
#6200=CARTESIAN_POINT('',(-0.12065,0.00634999999999999,-0.1300634775902));
#6201=CARTESIAN_POINT('',(-0.12192,0.00635,-0.1300634775902));
#6202=CARTESIAN_POINT('',(-0.12065,0.00733205934721529,-0.128899779296415));
#6203=CARTESIAN_POINT('',(-0.120908622572017,0.0063500000000241,-0.12901826693518));
#6204=CARTESIAN_POINT('',(-0.121920000000018,0.00635,-0.128733536683035));
#6205=CARTESIAN_POINT('',(-0.120374808604374,0.00675847047112363,-0.126581647452337));
#6206=CARTESIAN_POINT('',(-0.120890387300888,0.00634999999998943,-0.126527720183359));
#6207=CARTESIAN_POINT('',(-0.121369617208739,0.00635,-0.126084243146918));
#6208=CARTESIAN_POINT('',(-0.119712485239679,0.00652014773720284,-0.125618477590216));
#6209=CARTESIAN_POINT('',(-0.119866792206744,0.00635000000000047,-0.125323773064641));
#6210=CARTESIAN_POINT('',(-0.120044970479359,0.00635,-0.124983477590219));
#6211=CARTESIAN_POINT('',(-0.11938,0.00652014773719376,-0.1256184775902));
#6212=CARTESIAN_POINT('',(-0.11938,0.00635,-0.125323773064588));
#6213=CARTESIAN_POINT('',(-0.11938,0.00635,-0.1249834775902));
#6214=CARTESIAN_POINT('',(-0.11938,0.00762,-0.1249834775902));
#6215=CARTESIAN_POINT('',(-0.116205,-0.00635,-0.16144875));
#6216=CARTESIAN_POINT('',(-0.116205,0.0127,-0.16144875));
#6217=CARTESIAN_POINT('',(0.,0.00762,-0.1249834775902));
#6218=CARTESIAN_POINT('',(-0.118745,0.00762,-0.1249834775902));
#6219=CARTESIAN_POINT('',(-0.116205,0.0127,-0.15636875));
#6220=CARTESIAN_POINT('',(-0.116205,0.00762,-0.15636875));
#6221=CARTESIAN_POINT('',(-0.118745,0.00652014773719376,-0.1256184775902));
#6222=CARTESIAN_POINT('',(-0.118745,0.00635,-0.125323773064588));
#6223=CARTESIAN_POINT('',(-0.118745,0.00635,-0.1249834775902));
#6224=CARTESIAN_POINT('',(-0.118412514760321,0.00652014773720683,-0.125618477590223));
#6225=CARTESIAN_POINT('',(-0.118258207793264,0.00634999999999984,-0.12532377306466));
#6226=CARTESIAN_POINT('',(-0.118080029520642,0.00635,-0.124983477590219));
#6227=CARTESIAN_POINT('',(-0.117750191395626,0.00675847047112277,-0.126581647452343));
#6228=CARTESIAN_POINT('',(-0.117234612699112,0.00635000000000395,-0.126527720183366));
#6229=CARTESIAN_POINT('',(-0.116755382791261,0.00635,-0.126084243146928));
#6230=CARTESIAN_POINT('',(-0.117475,0.00733205934721297,-0.128899779296396));
#6231=CARTESIAN_POINT('',(-0.117216377427972,0.00634999999999099,-0.129018266935168));
#6232=CARTESIAN_POINT('',(-0.116204999999982,0.00635,-0.128733536683017));
#6233=CARTESIAN_POINT('',(-0.117475,0.00761999999999999,-0.1300634775902));
#6234=CARTESIAN_POINT('',(-0.117475,0.00635,-0.1300634775902));
#6235=CARTESIAN_POINT('',(-0.116205,0.00635,-0.1300634775902));
#6236=CARTESIAN_POINT('',(-0.116205,0.00762,-0.1300634775902));
#6237=CARTESIAN_POINT('',(-0.116205,0.00762,-0.00635));
#6238=CARTESIAN_POINT('',(0.116205,-0.02032,-0.00635));
#6239=CARTESIAN_POINT('',(0.116205,-0.02032,-0.15636875));
#6240=CARTESIAN_POINT('',(0.116205,-0.02032,-0.1300634775902));
#6241=CARTESIAN_POINT('',(0.116205,-0.01905,-0.1300634775902));
#6242=CARTESIAN_POINT('',(0.117475,-0.01905,-0.1300634775902));
#6243=CARTESIAN_POINT('',(0.117475,-0.02032,-0.1300634775902));
#6244=CARTESIAN_POINT('',(0.116204999999982,-0.01905,-0.128733536683015));
#6245=CARTESIAN_POINT('',(0.117216377427976,-0.0190499999999915,-0.129018266935164));
#6246=CARTESIAN_POINT('',(0.117475,-0.0200320593472109,-0.128899779296395));
#6247=CARTESIAN_POINT('',(0.116755382791261,-0.01905,-0.126084243146928));
#6248=CARTESIAN_POINT('',(0.117234612699111,-0.019050000000003,-0.126527720183366));
#6249=CARTESIAN_POINT('',(0.117750191395626,-0.0194584704711239,-0.126581647452344));
#6250=CARTESIAN_POINT('',(0.118080029520642,-0.01905,-0.124983477590219));
#6251=CARTESIAN_POINT('',(0.118258207793263,-0.0190500000000011,-0.12532377306466));
#6252=CARTESIAN_POINT('',(0.118412514760321,-0.0192201477372066,-0.125618477590223));
#6253=CARTESIAN_POINT('',(0.118745,-0.01905,-0.1249834775902));
#6254=CARTESIAN_POINT('',(0.118745,-0.01905,-0.125323773064588));
#6255=CARTESIAN_POINT('',(0.118745,-0.0192201477371938,-0.1256184775902));
#6256=CARTESIAN_POINT('',(0.118745,-0.02032,-0.1249834775902));
#6257=CARTESIAN_POINT('',(0.116205,-0.0254,-0.15636875));
#6258=CARTESIAN_POINT('',(0.116205,-0.0254,-0.16144875));
#6259=CARTESIAN_POINT('',(0.,-0.02032,-0.1249834775902));
#6260=CARTESIAN_POINT('',(0.11938,-0.02032,-0.1249834775902));
#6261=CARTESIAN_POINT('',(0.116205,-0.00635,-0.16144875));
#6262=CARTESIAN_POINT('',(0.116205,-0.0384402954743875,-0.16144875));
#6263=CARTESIAN_POINT('',(0.11938,-0.01905,-0.1249834775902));
#6264=CARTESIAN_POINT('',(0.11938,-0.01905,-0.125323773064588));
#6265=CARTESIAN_POINT('',(0.11938,-0.0192201477371938,-0.1256184775902));
#6266=CARTESIAN_POINT('',(0.120044970479358,-0.01905,-0.124983477590219));
#6267=CARTESIAN_POINT('',(0.119866792206745,-0.0190499999999989,-0.125323773064641));
#6268=CARTESIAN_POINT('',(0.119712485239679,-0.0192201477372026,-0.125618477590216));
#6269=CARTESIAN_POINT('',(0.121369617208739,-0.01905,-0.126084243146928));
#6270=CARTESIAN_POINT('',(0.120890387300871,-0.019049999999988,-0.126527720183384));
#6271=CARTESIAN_POINT('',(0.120374808604374,-0.0194584704711213,-0.126581647452347));
#6272=CARTESIAN_POINT('',(0.121920000000018,-0.01905,-0.128733536683015));
#6273=CARTESIAN_POINT('',(0.120908622572058,-0.0190500000000294,-0.129018266935126));
#6274=CARTESIAN_POINT('',(0.12065,-0.0200320593472202,-0.128899779296395));
#6275=CARTESIAN_POINT('',(0.12192,-0.01905,-0.1300634775902));
#6276=CARTESIAN_POINT('',(0.12065,-0.01905,-0.1300634775902));
#6277=CARTESIAN_POINT('',(0.12065,-0.02032,-0.1300634775902));
#6278=CARTESIAN_POINT('',(0.12192,-0.02032,-0.1300634775902));
#6279=CARTESIAN_POINT('',(0.118745,-0.0413732348418709,-0.16271875));
#6280=CARTESIAN_POINT('',(0.118745,-0.04064,-0.16271875));
#6281=CARTESIAN_POINT('',(0.118745,-0.0402733825790646,-0.16208375));
#6282=CARTESIAN_POINT('',(0.118080029520642,-0.0413732348418593,-0.16271875));
#6283=CARTESIAN_POINT('',(0.118301686324176,-0.0406399999999825,-0.162718750000015));
#6284=CARTESIAN_POINT('',(0.118412514760321,-0.0402733825790709,-0.162083750000011));
#6285=CARTESIAN_POINT('',(0.116755382791251,-0.0407377075414562,-0.16271875));
#6286=CARTESIAN_POINT('',(0.117387507201331,-0.0400495386541067,-0.162718750000002));
#6287=CARTESIAN_POINT('',(0.117750191395626,-0.0398761780163004,-0.161946154303263));
#6288=CARTESIAN_POINT('',(0.116205,-0.0392081372350042,-0.16271875));
#6289=CARTESIAN_POINT('',(0.117318969527801,-0.0388907165924752,-0.16271874999998));
#6290=CARTESIAN_POINT('',(0.117475,-0.0389201965747696,-0.161614992617677));
#6291=CARTESIAN_POINT('',(0.116205,-0.0384402954743875,-0.16271875));
#6292=CARTESIAN_POINT('',(0.117475,-0.0384402954743875,-0.16271875));
#6293=CARTESIAN_POINT('',(0.117475,-0.0384402954743875,-0.16144875));
#6294=CARTESIAN_POINT('',(0.118745,-0.0413732348418708,-0.16144875));
#6295=CARTESIAN_POINT('',(0.12192,-0.02032,-0.13096875));
#6296=CARTESIAN_POINT('',(0.12192,-0.02032,-0.15636875));
#6297=CARTESIAN_POINT('',(0.117475,-0.0413732348418708,-0.16144875));
#6298=CARTESIAN_POINT('',(0.11938,-0.0413732348418708,-0.16144875));
#6299=CARTESIAN_POINT('',(0.12192,-0.0254,-0.15636875));
#6300=CARTESIAN_POINT('',(0.12192,-0.0254,-0.16144875));
#6301=CARTESIAN_POINT('',(0.12192,-0.0384402954743875,-0.16271875));
#6302=CARTESIAN_POINT('',(0.12065,-0.0384402954743875,-0.16271875));
#6303=CARTESIAN_POINT('',(0.12065,-0.0384402954743875,-0.16144875));
#6304=CARTESIAN_POINT('',(0.12192,-0.0392081372350042,-0.16271875));
#6305=CARTESIAN_POINT('',(0.120806030472204,-0.0388907165924805,-0.162718750000022));
#6306=CARTESIAN_POINT('',(0.12065,-0.0389201965747696,-0.161614992617677));
#6307=CARTESIAN_POINT('',(0.121369617208749,-0.0407377075414562,-0.16271875));
#6308=CARTESIAN_POINT('',(0.120737492798673,-0.0400495386541103,-0.162718749999994));
#6309=CARTESIAN_POINT('',(0.120374808604374,-0.0398761780163067,-0.161946154303274));
#6310=CARTESIAN_POINT('',(0.120044970479358,-0.0413732348418593,-0.16271875));
#6311=CARTESIAN_POINT('',(0.119823313675807,-0.0406399999999741,-0.162718749999992));
#6312=CARTESIAN_POINT('',(0.119712485239679,-0.0402733825790583,-0.162083749999989));
#6313=CARTESIAN_POINT('',(0.11938,-0.0413732348418709,-0.16271875));
#6314=CARTESIAN_POINT('',(0.11938,-0.04064,-0.16271875));
#6315=CARTESIAN_POINT('',(0.11938,-0.0402733825790646,-0.16208375));
#6316=CARTESIAN_POINT('',(0.12192,-0.0384402954743875,-0.16144875));
#6317=CARTESIAN_POINT('',(0.12192,-0.00635,-0.16144875));
#6318=CARTESIAN_POINT('',(0.12192,0.00762,-0.00635));
#6319=CARTESIAN_POINT('',(0.12192,0.00762,-0.15636875));
#6320=CARTESIAN_POINT('',(0.12192,0.00762,-0.1300634775902));
#6321=CARTESIAN_POINT('',(0.11938,0.00652014773719376,-0.1256184775902));
#6322=CARTESIAN_POINT('',(0.11938,0.00635,-0.125323773064588));
#6323=CARTESIAN_POINT('',(0.11938,0.00635,-0.1249834775902));
#6324=CARTESIAN_POINT('',(0.119712485239679,0.00652014773720683,-0.125618477590223));
#6325=CARTESIAN_POINT('',(0.11986679220674,0.00634999999999983,-0.12532377306466));
#6326=CARTESIAN_POINT('',(0.120044970479358,0.00635,-0.124983477590219));
#6327=CARTESIAN_POINT('',(0.120374808604374,0.00675847047112293,-0.126581647452343));
#6328=CARTESIAN_POINT('',(0.120890387300888,0.00634999999998994,-0.126527720183349));
#6329=CARTESIAN_POINT('',(0.121369617208739,0.00635,-0.126084243146928));
#6330=CARTESIAN_POINT('',(0.12065,0.00733205934721264,-0.128899779296395));
#6331=CARTESIAN_POINT('',(0.120908622572023,0.00635000000002368,-0.129018266935174));
#6332=CARTESIAN_POINT('',(0.121920000000018,0.00635,-0.128733536683015));
#6333=CARTESIAN_POINT('',(0.12065,0.00761999999999999,-0.1300634775902));
#6334=CARTESIAN_POINT('',(0.12065,0.00634999999999999,-0.1300634775902));
#6335=CARTESIAN_POINT('',(0.12192,0.00635,-0.1300634775902));
#6336=CARTESIAN_POINT('',(0.11938,0.00762,-0.1249834775902));
#6337=CARTESIAN_POINT('',(0.12192,0.0127,-0.15636875));
#6338=CARTESIAN_POINT('',(0.12192,0.0127,-0.16144875));
#6339=CARTESIAN_POINT('',(0.117475,0.00762,-0.1249834775902));
#6340=CARTESIAN_POINT('',(0.118745,0.00762,-0.1249834775902));
#6341=CARTESIAN_POINT('',(0.12192,-0.00635,-0.16144875));
#6342=CARTESIAN_POINT('',(0.12192,0.0257402954743876,-0.16144875));
#6343=CARTESIAN_POINT('',(0.117475,0.00762000000000001,-0.1300634775902));
#6344=CARTESIAN_POINT('',(0.117475,0.00635,-0.1300634775902));
#6345=CARTESIAN_POINT('',(0.116205,0.00635,-0.1300634775902));
#6346=CARTESIAN_POINT('',(0.117475,0.00733205934721093,-0.128899779296395));
#6347=CARTESIAN_POINT('',(0.117216377427951,0.0063499999999914,-0.129018266935165));
#6348=CARTESIAN_POINT('',(0.116204999999982,0.00635,-0.128733536683015));
#6349=CARTESIAN_POINT('',(0.117750191395626,0.0067584704711258,-0.126581647452347));
#6350=CARTESIAN_POINT('',(0.11723461269912,0.00635000000000344,-0.126527720183377));
#6351=CARTESIAN_POINT('',(0.116755382791261,0.00635,-0.126084243146928));
#6352=CARTESIAN_POINT('',(0.118412514760321,0.00652014773720284,-0.125618477590216));
#6353=CARTESIAN_POINT('',(0.118258207793265,0.00635000000000047,-0.125323773064641));
#6354=CARTESIAN_POINT('',(0.118080029520642,0.00635,-0.124983477590219));
#6355=CARTESIAN_POINT('',(0.118745,0.00652014773719376,-0.1256184775902));
#6356=CARTESIAN_POINT('',(0.118745,0.00635,-0.125323773064588));
#6357=CARTESIAN_POINT('',(0.118745,0.00635,-0.1249834775902));
#6358=CARTESIAN_POINT('',(0.116205,0.00762,-0.1300634775902));
#6359=CARTESIAN_POINT('',(0.11938,0.0286732348418709,-0.16271875));
#6360=CARTESIAN_POINT('',(0.11938,0.02794,-0.16271875));
#6361=CARTESIAN_POINT('',(0.11938,0.0275733825790646,-0.16208375));
#6362=CARTESIAN_POINT('',(0.120044970479358,0.0286732348418593,-0.16271875));
#6363=CARTESIAN_POINT('',(0.119823313675803,0.0279399999999719,-0.162718750000014));
#6364=CARTESIAN_POINT('',(0.119712485239679,0.0275733825790706,-0.16208375000001));
#6365=CARTESIAN_POINT('',(0.121369617208749,0.0280377075414591,-0.16271875));
#6366=CARTESIAN_POINT('',(0.120737492798678,0.0273495386541114,-0.162718749999983));
#6367=CARTESIAN_POINT('',(0.120374808604374,0.0271761780163014,-0.161946154303263));
#6368=CARTESIAN_POINT('',(0.12192,0.0265081372349984,-0.16271875));
#6369=CARTESIAN_POINT('',(0.120806030472204,0.026190716592477,-0.162718750000022));
#6370=CARTESIAN_POINT('',(0.12065,0.0262201965747679,-0.161614992617677));
#6371=CARTESIAN_POINT('',(0.12192,0.0257402954743875,-0.16271875));
#6372=CARTESIAN_POINT('',(0.12065,0.0257402954743875,-0.16271875));
#6373=CARTESIAN_POINT('',(0.12065,0.0257402954743875,-0.16144875));
#6374=CARTESIAN_POINT('',(0.11938,0.0286732348418708,-0.16144875));
#6375=CARTESIAN_POINT('',(0.116205,0.00762,-0.13096875));
#6376=CARTESIAN_POINT('',(0.116205,0.00762,-0.15636875));
#6377=CARTESIAN_POINT('',(-2.77555756156289E-17,0.0286732348418708,-0.16144875));
#6378=CARTESIAN_POINT('',(0.118745,0.0286732348418708,-0.16144875));
#6379=CARTESIAN_POINT('',(0.116205,0.0127,-0.15636875));
#6380=CARTESIAN_POINT('',(0.116205,0.0127,-0.16144875));
#6381=CARTESIAN_POINT('',(0.116205,0.0257402954743876,-0.16271875));
#6382=CARTESIAN_POINT('',(0.117475,0.0257402954743876,-0.16271875));
#6383=CARTESIAN_POINT('',(0.117475,0.0257402954743876,-0.16144875));
#6384=CARTESIAN_POINT('',(0.116205,0.0265081372349984,-0.16271875));
#6385=CARTESIAN_POINT('',(0.117318969527785,0.0261907165924726,-0.162718749999984));
#6386=CARTESIAN_POINT('',(0.117475,0.026220196574772,-0.161614992617709));
#6387=CARTESIAN_POINT('',(0.116755382791252,0.0280377075414591,-0.16271875));
#6388=CARTESIAN_POINT('',(0.117387507201337,0.0273495386541156,-0.162718750000014));
#6389=CARTESIAN_POINT('',(0.117750191395626,0.0271761780162989,-0.161946154303247));
#6390=CARTESIAN_POINT('',(0.118080029520641,0.0286732348418593,-0.16271875));
#6391=CARTESIAN_POINT('',(0.118301686324178,0.0279399999999791,-0.162718749999988));
#6392=CARTESIAN_POINT('',(0.118412514760321,0.0275733825790715,-0.162083750000012));
#6393=CARTESIAN_POINT('',(0.118745,0.0286732348418709,-0.16271875));
#6394=CARTESIAN_POINT('',(0.118745,0.02794,-0.16271875));
#6395=CARTESIAN_POINT('',(0.118745,0.0275733825790646,-0.16208375));
#6396=CARTESIAN_POINT('',(0.116205,0.0257402954743876,-0.16144875));
#6397=CARTESIAN_POINT('',(0.116205,-0.00635,-0.16144875));
#6398=MECHANICAL_DESIGN_GEOMETRIC_PRESENTATION_REPRESENTATION('',(#3483),
#6399);
#6399=(
GEOMETRIC_REPRESENTATION_CONTEXT(3)
GLOBAL_UNCERTAINTY_ASSIGNED_CONTEXT((#6400))
GLOBAL_UNIT_ASSIGNED_CONTEXT((#6403,#6402,#6401))
REPRESENTATION_CONTEXT('Stand','TOP_LEVEL_ASSEMBLY_PART')
);
#6400=UNCERTAINTY_MEASURE_WITH_UNIT(LENGTH_MEASURE(2.E-5),#6403,
'DISTANCE_ACCURACY_VALUE','Maximum Tolerance applied to model');
#6401=(
NAMED_UNIT(*)
SI_UNIT($,.STERADIAN.)
SOLID_ANGLE_UNIT()
);
#6402=(
NAMED_UNIT(*)
PLANE_ANGLE_UNIT()
SI_UNIT($,.RADIAN.)
);
#6403=(
LENGTH_UNIT()
NAMED_UNIT(*)
SI_UNIT($,.METRE.)
);
#6404=PRODUCT_DEFINITION_SHAPE('','',#6405);
#6405=PRODUCT_DEFINITION('','',#6407,#6406);
#6406=PRODUCT_DEFINITION_CONTEXT('',#6413,'design');
#6407=PRODUCT_DEFINITION_FORMATION_WITH_SPECIFIED_SOURCE('','',#6409,
 .NOT_KNOWN.);
#6408=PRODUCT_RELATED_PRODUCT_CATEGORY('','',(#6409));
#6409=PRODUCT('Stand','Stand','Stand',(#6411));
#6410=PRODUCT_CATEGORY('','');
#6411=PRODUCT_CONTEXT('',#6413,'mechanical');
#6412=APPLICATION_PROTOCOL_DEFINITION('international standard',
'ap242_managed_model_based_3d_engineering',2020,#6413);
#6413=APPLICATION_CONTEXT('managed model based 3d engineering');
ENDSEC;
END-ISO-10303-21;
